CDR3.UniqueAA.Seq	S_AA_aPD1_Rx_ExpU_B_217_tumor_CloneCount	S_AA_aPD1_Rx_ExpU_B_217_tumor_Frequency	S_AA_aPD1_Rx_ExpU_B_223_tumor_CloneCount	S_AA_aPD1_Rx_ExpU_B_223_tumor_Frequency
CASSKLGVEQYF	334	0.058699979	1	0
CASGDARLESSYEQYF	291	0.051144127	1	0
CSSSPRDRVDERLFF	260	0.04569496	1	0
CGARVRGNSDYTF	317	0.055712028	19	0.002934363
CASSLRISYEQYF	119	0.020913884	1	0
CASSIGEYEQYF	105	0.01845368	1	0
CASSQEGQGREQYF	102	0.017926186	1	0
CASSFWGISSYEQYF	101	0.017750439	1	0
CASSDRSDYTF	96	0.016871705	1	0
CASGDARQGSSYEQYF	95	0.016696464	1	0
CASSDRVSNERLFF	75	0.013181272	1	0
CASSRLRGEQFF	55	0.009666081	1	0
CASSLDQGLGYEQYF	50	0.008787346	1	0
CTCSAAWGTLYF	48	0.008435852	1	0
CASSRDRGQAPLF	48	0.008435852	1	0
CASSNWGGGAETLYF	44	0.007732865	1	0
CTCSAGDWGSYEQYF	40	0.007029877	14	0.002162162
CASSKTGGAREQYF	37	0.006502636	1	0
CASGDVGQGAYEQYF	36	0.006326889	1	0
CASSQKGTNNNQAPLF	32	0.005623902	1	0
CAWSLGDWYSYEQYF	32	0.005623902	1	0
CGARPGQDTQYF	29	0.005096661	1	0
CASSQDRGLGYEQYF	28	0.004920914	1	0
CASSLELGGREQYF	28	0.004920914	241	0.037219197
CAWSGTGGWNTLYF	28	0.004920914	1	0
CASSRTGIYEQYF	27	0.004745167	1	0
CASSLEAGYSDYTF	27	0.004745167	1	0
CASSQELGGRAEQFF	26	0.00456942	1	0
CAWSHRGLSSYEQYF	26	0.00456942	1	0
CASSDAGANTGQLYF	23	0.004042179	1	0
CASSRDSGNTLYF	25	0.004393179	1	0
CASSFGTVYAEQFF	21	0.003690685	1	0
CASSLDLYEQYF	21	0.003690685	1	0
CASSLVGAGNTLYF	20	0.003514938	1	0
CASRGGQGVEVFF	20	0.003514938	1	0
CASGVGDQYF	18	0.003163445	1	0
CASSRQGNSDYTF	19	0.003339445	1	0.000154
CASSFPDSGNTLYF	18	0.003163445	1	0
CARGGNTEVFF	18	0.003163445	1	0
CASSASRGNTEVFF	18	0.003163445	1	0
CASSSGEAFNERLFF	17	0.002987698	1	0
CASGGQGVNSDYTF	17	0.002987698	1	0
CASSQDWQGARGNTLYF	17	0.002987698	1	0
CTCSGGFAETLYF	16	0.002811951	1	0
CASSSSYEQYF	16	0.002811951	1	0
CASSLGGWDYEQYF	16	0.002812204	1	0
CASSPGQGAFERLFF	15	0.002636204	1	0
CASSQDPTDAAEQFF	15	0.002636204	1	0
CASGVDRDEQYF	14	0.002460457	115	0.017758857
CASRPQGNQDTQYF	14	0.002460457	1	0
CTCSWTGGEQYF	14	0.002460457	1	0
CASGDQNSGNTLYF	13	0.00228471	1	0
CASSQDVLGGYAEQFF	13	0.00228471	1	0
CASSLANTLYF	13	0.00228471	1	0
CAWSLQGKAEVFF	13	0.00228471	1	0
CTCSASGTGQLYF	12	0.002108963	1	0
CASSLKDRGLEQYF	12	0.002108963	1	0
CASSLQGYTQYF	12	0.002108963	1	0
CTCSAARGADTQYF	12	0.002108963	1	0
CTCSVGGRGRYEQYF	12	0.002108963	1	0
CASRTTGQLYF	12	0.002108963	1	0
CASSFGTGKDEQYF	12	0.002108963	1	0
CASSEGTGASDYTF	12	0.002108963	1	0
CTCSADWGEQYF	12	0.002108963	1	0
CASSYSFDQDTQYF	12	0.002108963	1	0
CASSSGRSNERLFF	11	0.001933216	1	0
CASSWGGGSQNTLYF	11	0.001933216	1	0
CASGDGGRGDSDYTF	11	0.001933216	1	0
CASSLGQGNSDYTF	11	0.001933216	1	0.000154
CAHNYEQYF	11	0.001933216	1	0
CASSQEGWGGSYEQYF	11	0.001933216	1	0
CASSEQASAETLYF	11	0.001933216	1	0
CASSFSRDSDNQDTQYF	11	0.001933216	1	0
CASGDAWGYAEQFF	12	0.002109216	1	0
CAWSLAGDEQYF	10	0.001757469	1	0
CSSRSGTGKNAEQFF	10	0.001757469	1	0
CASSLSNSGNTLYF	12	0.002108469	1	0
CASSFPGTGGTEQFF	10	0.001757469	1	0
CASSLQIISYEQYF	10	0.001757469	1	0
CASSGTVSSYEQYF	10	0.001757469	1	0
CTCSARGVEQYF	10	0.001757469	5	0.000772
CASSLTGAYEQYF	10	0.001757469	1	0
CASGDIPGNTLYF	9	0.001581722	1	0
CTCSAVRDWGDGGAETLYF	9	0.001581722	1	0
CASSLRVNYAEQFF	9	0.001581722	1	0
CAWSPGGRGEQYF	9	0.001581722	1	0
CASSQENWGVYEQYF	9	0.001581722	1	0
CASSQDNGVEQYF	9	0.001581722	1	0
CASSGGITGQLYF	9	0.001581722	1	0
CASSQDRWGGGEQYF	9	0.001581722	1	0
CASSSGRRSGNTLYF	10	0.001757722	76	0.011737452
CASRRDWGGSEQYF	9	0.001581722	1	0
CTCSAPGRNYAEQFF	9	0.001581722	1	0
CASSQGDRGLTEVFF	9	0.001581722	1	0
CASSLRDWGMEQYF	9	0.001581722	1	0
CGARDRGQYEQYF	8	0.001405975	1	0
CASSITKYEQYF	8	0.001405975	1	0
CAWSRTSGNTLYF	8	0.001405975	1	0
CGARVYSGNTLYF	8	0.001405975	1	0
CASSIARGRNTGQLYF	8	0.001405975	1	0
CASSQEAWGGYEQYF	8	0.001405975	1	0
CASRGQSTNERLFF	8	0.001405975	1	0
CASSLGGGAEQFF	8	0.001405975	1	0
CASSIDGYEQYF	7	0.001230228	1	0
CASSEGQGSERLFF	7	0.001230228	1	0
CASSPGLGAETLYF	7	0.001230228	1	0
CTCSARGGGAETLYF	7	0.001230228	1	0
CASGEDNNQAPLF	7	0.001230228	1	0
CASSRDRGLEQYF	7	0.001230228	1	0
CASSQEGQGYEQYF	7	0.001230228	1	0
CASSRDWGDEQYF	7	0.001230228	1	0
CASSDALGGWGEQYF	7	0.001230228	1	0
CASSIWTGGSYAEQFF	7	0.001230228	1	0
CASSDWGGAETLYF	7	0.001230228	1	0
CASGPGLGDTGQLYF	7	0.001230228	1	0
CASRSDWGDGYEQYF	7	0.001230228	1	0
CASSQAGQGVYEQYF	7	0.001230228	1	0
CASSFRSSYEQYF	7	0.001230228	1	0
CASGVLGYAEQFF	6	0.001054482	1	0
CASSQDVWGGYEQYF	6	0.001054482	1	0
CASSRRDWGYEQYF	6	0.001054482	1	0
CASGDAGGSSYEQYF	6	0.001054482	1	0
CASSFLGAEQYF	6	0.001054482	1	0
CSSSPGLGGVYNYAEQFF	6	0.001054482	1	0
CASGGGVSAETLYF	6	0.001054482	1	0
CASSQGPSNERLFF	6	0.001054482	1	0
CASSHRGSNERLFF	6	0.001054482	1	0
CASSQVGAETLYF	6	0.001054482	1	0
CASGVRDWGAEQYF	6	0.001054482	1	0
CASSIEGSTGQLYF	6	0.001054482	1	0
CTCSVVGGHEQYF	6	0.001054482	1	0
CASSSLWGNYAEQFF	6	0.001054482	1	0
CTCSALQGAGAEQFF	6	0.001054482	1	0
CASSFGRGDFEQYF	6	0.001054482	1	0
CASSPSRLTSAETLYF	6	0.001054482	1	0
CASSSRGDSDYTF	6	0.001054482	1	0
CAWSYEQYF	6	0.001054482	1	0
CASSQDWGPSQNTLYF	6	0.001054482	1	0
CASSQVRASAETLYF	6	0.001054482	1	0
CASSLPEYEQYF	6	0.001054482	1	0
CASSRDREGEQYF	5	0.000879	1	0
CTCSEGQYEQYF	5	0.000879	1	0
CASGGLGTPSYEQYF	5	0.000879	1	0
CASSEQGGGDTQYF	5	0.000879	1	0
CASGDASGASYEQYF	5	0.000879	1	0
CAWSPRGSYAEQFF	5	0.000879	1	0
CASGANWGGYAEQFF	5	0.000879	1	0
CASGDASGAGNTLYF	5	0.000879	1	0
CGARDYGGGHAEQFF	6	0.001055	1	0
CASSLALRGYAEQFF	5	0.000879	1	0
CTCSGQGWDTQYF	5	0.000879	1	0
CASSQDDRYNSPLYF	5	0.000879	1	0
CASSRDRNYAEQFF	5	0.000879	1	0
CASSAGGRVEQYF	5	0.000879	1	0
CASSPEWGNQAPLF	5	0.000879	1	0
CTCSADRLGGWTGQLYF	5	0.000879	1	0
CASSPGWGNTLYF	5	0.000879	1	0
CASSQMGGRKDTQYF	6	0.001055	1	0
CASSRDRSSYEQYF	5	0.000879	1	0
CASSDSLSNERLFF	5	0.000879	1	0
CGALTGNTGQLYF	5	0.000879	1	0
CASSLEWGGAETLYF	5	0.000879	1	0
CASSPGTFNYAEQFF	5	0.000879	1	0
CASRWTGCTEVFF	5	0.000879	1	0
CASSLDPGPSQNTLYF	5	0.000879	1	0
CASSQRLGLNYAEQFF	5	0.000879	1	0
CSSSPGLGGLEQYF	5	0.000879	1	0
CASSPGQSNTGQLYF	5	0.000879	1	0
CASSLEGVGEQYF	5	0.000879	1	0
CTCSAGTDYEQYF	4	0.000703	1	0
CASSRDSSDYTF	4	0.000703	1	0
CTCSALGGDTGQLYF	4	0.000703	1	0
CGARDNGQSNERLFF	4	0.000703	1	0
CSSSQQGPGNTLYF	4	0.000703	1	0
CASSRDWGGSETLYF	4	0.000703	1	0
CASSIGQNSGNTLYF	4	0.000703	1	0
CASGDRGNSDYTF	4	0.000703	1	0
CSSSQISNERLFF	4	0.000703	1	0
CASSPPGVEQYF	4	0.000703	1	0
CASGDWGGSQNTLYF	4	0.000703	1	0
CTCSPGGNTGQLYF	4	0.000703	1	0
CASSFPGSNYAEQFF	4	0.000703	1	0
CASSQGVGGSDYEQYF	4	0.000703	1	0
CTCSAGSQNTLYF	4	0.000703	31	0.004787645
CASGDARGAGNTLYF	4	0.000703	1	0
CASSQGDWGETLYF	4	0.000703	1	0
CTCSAVLSQNTLYF	4	0.000703	1	0
CASSYQGASDYTF	4	0.000703	1	0
CASSLLWGVYAEQFF	4	0.000703	1	0
CASSLQGADTQYF	4	0.000703	1	0
CASSQAWETLYF	4	0.000703	1	0
CASGVDWGDTLYF	4	0.000703	1	0
CASSPGLGQNTLYF	4	0.000703	1	0
CASGDRLGGPYEQYF	4	0.000703	1	0
CASSWQGINERLFF	4	0.000703	1	0
CASSDAGQGGDTQYF	4	0.000703	1	0
CASGDAWGGSETLYF	4	0.000703	1	0
CASSQRGAENTGQLYF	4	0.000703	1	0
CGARGITEVFF	4	0.000703	1	0
CASSLGQNTEVFF	4	0.000703	1	0.000154
CASSLLLGGPSAETLYF	4	0.000703	1	0
CASSTGEGAGQLYF	4	0.000703	1	0
CASSPYRAGNTLYF	4	0.000703	1	0
CASGDAAGGAYEQYF	4	0.000703	1	0
CASSYDRGYEQYF	4	0.000703	1	0
CASSLDRNTGQLYF	4	0.000703	1	0
CASSFPRVEQYF	4	0.000703	1	0
CASSSRDTLYF	3	0.000527	1	0
CTCSADTGGALEQYF	3	0.000527	1	0
CASSEPSGEQYF	3	0.000527	1	0
CASSDNRDYEQYF	3	0.000527	1	0
CASSENWGVYEQYF	3	0.000527	1	0
CASSDAGGSYEQYF	3	0.000527	1	0
CASSRTDAEQFF	3	0.000527	1	0
CASSGTVGYEQYF	3	0.000527	1	0
CASSPGGNEQYF	3	0.000527	1	0
CASSQEGRSSYEQYF	3	0.000527	1	0
CGARVRDEQYF	3	0.000527	1	0
CASSQDWGSYEQYF	3	0.000527	1	0
CASSPGTGAYEQYF	3	0.000527	1	0
CASSSTGGENYAEQFF	3	0.000527	1	0
CASSQGEQYF	3	0.000527	1	0
CASRLGGAETLYF	3	0.000527	1	0
CASRDREYNSPLYF	3	0.000527	1	0
CASTPGTGGREQYF	3	0.000527	1	0
CASGDRTGGNERLFF	3	0.000527	1	0
CASSQDWGNYAEQFF	3	0.000527	1	0
CTCSADPGLGGDTQYF	3	0.000527	1	0
CASSFQGKDSDYTF	3	0.000527	1	0
CASSLLGNTLYF	3	0.000527	2	0.000309
CASSPGQGAETLYF	3	0.000527	1	0
CASSDPGQGVAETLYF	3	0.000527	1	0
CASGETGPAETLYF	3	0.000527	1	0
CASSVTLTSAETLYF	3	0.000527	1	0
CASSQEANSDYTF	3	0.000527	1	0
CASSALNQDTQYF	3	0.000527	1	0
CASSQEVGIQDTQYF	3	0.000527	1	0
CASSPRDWGDANTGQLYF	3	0.000527	1	0
CASSLLGPNTGQLYF	3	0.000527	1	0
CASGDWGGAQNTLYF	3	0.000527	1	0
CASSFNERLFF	4	0.000703	1	0
CASSLYRDNISNERLFF	3	0.000527	1	0
CASSLGGGTGQLYF	3	0.000527	1	0
CASSFLVDQDTQYF	3	0.000527	1	0
CASSLQGETLYF	3	0.000527	1	0
CTCSAGGLGGRPETLYF	3	0.000527	1	0
CATGTGNTEVFF	3	0.000527	1	0
CASSLTTGQDTQYF	3	0.000527	1	0
CASGDFWGGAETLYF	3	0.000527	1	0
CASSGTIQNTLYF	3	0.000527	1	0
CASSQEGPGGQDTQYF	3	0.000527	1	0
CTCSASAETLYF	3	0.000527	1	0
CASSQGGGAETLYF	3	0.000527	1	0.000154
CASSLENTLYF	3	0.000527	1	0
CASSPPGRAETLYF	3	0.000527	1	0
CASGDAGQGNTEVFF	3	0.000527	1	0
CASSQEGAGAETLYF	3	0.000527	1	0
CASSGDWGGASQNTLYF	3	0.000527	1	0
CASSRTQGGNSPLYF	3	0.000527	1	0
CASSQGAGVDTQYF	3	0.000527	1	0
CASSGQGAGDTQYF	3	0.000527	1	0
CTCSAVWGEDTQYF	3	0.000527	1	0
CTCSAQQFANTEVFF	3	0.000527	1	0
CASAPTGGAETLYF	3	0.000527	1	0
CTCSGGQGEAEQFF	3	0.000527	1	0
CASSSQGEGTEVFF	3	0.000527	1	0
CASSQDRHPNTEVFF	3	0.000527	1	0
CTCSADGGYTGQLYF	3	0.000527	1	0
CASGDASGSSYEQYF	5	0.000878	1	0
CASSPRLEQYF	3	0.000527	1	0
CASGTVYEQYF	3	0.000527	1	0
CTCSAFRGHNSPLYF	3	0.000527	1	0
CASSPYTYEQYF	3	0.000527	1	0
CASSRSGAYEQYF	3	0.000527	1	0
CASSLNIYEQYF	3	0.000527	1	0
CASSLGSSYEQYF	3	0.000527	1	0
CASKGGGREQYF	3	0.000527	1	0
CASSDVGLGGREQYF	3	0.000527	1	0
CASSLDWGYEQYF	5	0.000878	1	0
CASSDVWGAYEQYF	3	0.000527	1	0
LF	3	0.000527	1	0
CASSTGGEQYF	3	0.000527	1	0
CAWTTGEWSYEQYF	3	0.000527	1	0
CAWSSEQYF	3	0.000527	1	0
CASSPGGYEQYF	3	0.000527	1	0
CASSPWTGGSSYEQYF	3	0.000527	1	0
CASSGGRGEQYF	3	0.000527	1	0
CASSMPDRGREQYF	2	0.000351	1	0
CASSIGGPYEQYF	2	0.000351	1	0
CASRNWGSSYEQYF	2	0.000351	1	0
CASSFRGGEQYF	2	0.000351	1	0
CASSRVRDYEQYF	2	0.000351	1	0
CASKYAEQFF	2	0.000351	1	0
CASSLWGQGYEQYF	2	0.000351	1	0
CTCSAERYEQYF	4	0.000702	1	0
CASSMGTVSYEQYF	2	0.000351	1	0
CASSLTGEYEQYF	2	0.000351	1	0
CTCSARGVYEQYF	2	0.000351	1	0
CTCSAGHLYEQYF	2	0.000351	1	0
CASGGTYEQYF	2	0.000351	1	0
CASSLQISNERLFF	2	0.000351	1	0
CASRTGDERLFF	2	0.000351	1	0
CTCSADNRVAEQFF	2	0.000351	1	0
CASSLGGYEQYF	2	0.000351	1	0
CASSRGLGDSYEQYF	2	0.000351	1	0
CASSINDLSNERLFF	2	0.000351	1	0
CASGDTLYF	2	0.000351	1	0
CASSRDRGYEQYF	2	0.000351	1	0
CASSDAGSSYEQYF	2	0.000351	1	0
CASGDRGVSSYEQYF	2	0.000351	1	0
CASGDAWNEQYF	2	0.000351	1	0
CASGGTGVSYEQYF	2	0.000351	1	0
CASSDAGNSDYTF	3	0.000527	1	0
CTCSAEPISNERLFF	2	0.000351	1	0
CASGDAGGALEQYF	2	0.000351	1	0
CASTLGDQNTLYF	2	0.000351	1	0
CASGDEATNSDYTF	2	0.000351	1	0
CASGDAGGNNQAPLF	2	0.000351	1	0
CASSGGTEYEQYF	2	0.000351	1	0
CASSLGHHQAPLF	2	0.000351	1	0
CASSQEWGIYAEQFF	2	0.000351	1	0
CASSTDNSGNTLYF	2	0.000351	1	0
CASSVRDWGYEQYF	2	0.000351	1	0
CASGDAWGGYEQYF	2	0.000351	1	0
CTCSADGGGAEQYF	2	0.000351	1	0
CASSFGNSGNTLYF	2	0.000351	1	0
CTCSAGQISYEQYF	2	0.000351	1	0
CASSQDRQYEQYF	2	0.000351	1	0
CASSDDSSYEQYF	2	0.000351	1	0
CTCNRDKTYNERLFF	2	0.000351	1	0
CASSQLGYEQYF	2	0.000351	1	0
CASSRDNSDYTF	2	0.000351	7	0.001081081
CASSDVRDRGGNTLYF	2	0.000351	1	0
CASSLGTGGFEQYF	2	0.000351	1	0
CASSLPLLGESSYEQYF	2	0.000351	1	0
CASVLRVNTGQLYF	2	0.000351	1	0
CTCSARGSGNTLYF	2	0.000351	1	0
CASSDSGGVSAETLYF	2	0.000351	1	0
CASGDAWGGFAEQFF	2	0.000351	1	0
CASSQDWGVYEQYF	2	0.000351	1	0
CASRDWGGDEQYF	2	0.000351	1	0
CASSQGWGVEQYF	2	0.000351	1	0
CASGGTVNNQAPLF	2	0.000351	1	0
CAWRLGGSYEQYF	2	0.000351	1	0
CASGGQGSGNTLYF	2	0.000351	1	0
CASSLDWGGSYEQYF	2	0.000351	1	0
CASSQDSGLGYEQYF	2	0.000351	1	0
CAWRGHSGNTLYF	2	0.000351	1	0
CASSHQTGGYSDYTF	2	0.000351	1	0
CAWSLGNRGDSDYTF	2	0.000351	1	0
CGARRLYEQYF	2	0.000351	1	0
CASSQDLGGRPYEQYF	3	0.000527	1	0
CASGDWGEDTQYF	2	0.000351	1	0
CASSLRTGDQAPLF	2	0.000351	1	0
CASSRDISGNTLYF	2	0.000351	1	0
CASSPDRGRSGNTLYF	2	0.000351	1	0
CASSPQASYEQYF	2	0.000351	1	0
CASSHRDWGYEQYF	2	0.000351	2	0.000309
CASRPQGTGQLYF	2	0.000351	1	0
CASSLGRDEQYF	2	0.000351	1	0
CASSGGVSNERLFF	2	0.000351	1	0
CASSSRDWSSYEQYF	2	0.000351	1	0
CASSDADREGNTLYF	2	0.000351	1	0
CGARRDRGDERLFF	2	0.000351	1	0
CASSPGLIYEQYF	2	0.000351	1	0
CASSDAEGNTGQLYF	2	0.000351	1	0
CASSSANSDYTF	2	0.000351	1	0
CASSPSGYSGNTLYF	2	0.000351	1	0
CAWSPGTDKNSDYTF	2	0.000351	1	0
CARGRSQNTLYF	2	0.000351	1	0
CASSHREEAEQFF	2	0.000351	1	0
CASSQEAGGNQAPLF	2	0.000351	1	0
CASSLGQPANSDYTF	2	0.000351	1	0
CASSHRDWGLGEQYF	2	0.000351	1	0
LCQQSATGGSYEQYF	2	0.000351	1	0
CASSQANSDYTF	2	0.000351	1	0
CASSFTGNERLFF	2	0.000351	1	0
CASSDEAGGGAETLYF	2	0.000351	1	0
CASSEWVQDTQYF	2	0.000351	1	0
CAWSLGRGYQAPLF	2	0.000351	1	0
CASSYRDRGREQYF	2	0.000351	1	0
CASSLGGAYEQYF	5	0.000878	1	0
CASSPGTAAREQYF	2	0.000351	1	0
CGARDRGRDTQYF	2	0.000351	1	0
CASSLNWGGAETLYF	2	0.000351	1	0
CAWREVGEAETLYF	2	0.000351	1	0
CASSLGQGSNERLFF	2	0.000351	1	0
CASSPGSSYEQYF	2	0.000351	1	0
CASSLGTTNERLFF	2	0.000351	1	0
CASSLGVNYAEQFF	2	0.000351	1	0.000154
CTCSAELLSAETLYF	2	0.000351	1	0
CASGDAPGGGAETLYF	2	0.000351	1	0
CASSIGGRAETLYF	2	0.000351	1	0
CTCSADENTGQLYF	2	0.000351	1	0
CASSRDRQNTLYF	2	0.000351	1	0
CAWSLAGAETLYF	2	0.000351	1	0
CASSGTGGAAETLYF	2	0.000351	1	0
CASSPPGSQNTLYF	3	0.000527	1	0
CTCSAVGGGAETLYF	2	0.000351	1	0
CASSPDNSYNSPLYF	2	0.000351	1	0
CTCSADRGNSPLYF	2	0.000351	1	0
CASSQGQGGDTQYF	2	0.000351	1	0
CASSYWGGNQDTQYF	2	0.000351	1	0
CASSEWGARNSPLYF	2	0.000351	1	0
CTCSAIPGGDQDTQYF	2	0.000351	1	0
CASSLVAGGAAETLYF	2	0.000351	1	0
CASGDPQGAGQNTLYF	2	0.000351	1	0
CAWSHRGRDNSPLYF	2	0.000351	1	0
CSSKGLGNAEQFF	2	0.000351	1	0
CASSFGTGQDTQYF	2	0.000351	1	0
CASSDAGKNTGQLYF	2	0.000351	1	0
CSSSPHWGGYEQYF	2	0.000351	1	0
CASSIWGGAGDTQYF	2	0.000351	1	0
CASSQEGVGGQNTLYF	2	0.000351	1	0
CASGDAAQDYNSPLYF	2	0.000351	1	0
CASSQEGYTEVFF	2	0.000351	1	0
CASRDRNNQDTQYF	2	0.000351	1	0
CASSPGGAAEVFF	2	0.000351	1	0
CAWTIPQGPANTEVFF	2	0.000351	1	0
CTCSARDREDTQYF	2	0.000351	1	0
CTCSPGNTEVFF	2	0.000351	1	0
CASSLDRASQNTLYF	2	0.000351	1	0
CASGDGDWGQDTQYF	2	0.000351	1	0
CASSQDRDEVFF	2	0.000351	1	0
CASSRLGGLSQNTLYF	2	0.000351	1	0
CTCSRTGGSNTEVFF	2	0.000351	1	0
CASGDVLGGARAEQFF	2	0.000351	1	0
CASSDPGGPSAETLYF	2	0.000351	1	0
CASSLDMSEVFF	2	0.000351	1	0
CASSDTGGHTEVFF	2	0.000351	1	0
CASSSGQGTEVFF	2	0.000351	1	0
CASSLVNTEVFF	2	0.000351	1	0
CASSLREGENTEVFF	2	0.000351	1	0
CTCSAAREVFF	2	0.000351	1	0
CASSDEGSYEQYF	2	0.000351	1	0
CASKDWGNEQYF	2	0.000351	1	0
CASSMGLGGQEQYF	2	0.000351	1	0
CTCSAAGGNYAEQFF	2	0.000351	1	0
CASSRLGDIYEQYF	2	0.000351	1	0
CASSLYYAEQFF	2	0.000351	1	0
CTCSADEGGREEQYF	2	0.000351	1	0
CASSTDYEQYF	2	0.000351	1	0
CASSEGNSYEQYF	2	0.000351	1	0
CASSPTGNSDYTF	2	0.000351	1	0
CASGAPGQGGEQYF	2	0.000351	1	0
CTCSAPGTGSSYEQYF	2	0.000351	1	0
CASSVGQGVYEQYF	2	0.000351	1	0
CASGGGGDSYEQYF	2	0.000351	1	0
CASSEQGSYEQYF	2	0.000351	1	0
CASSIHRASRSGNTLYF	2	0.000351	1	0
CASSDGTGDSYEQYF	2	0.000351	1	0
CASSDVGGVDEQYF	2	0.000351	1	0
CASSPGTGVERLFF	3	0.000527	1	0
CASGETGAERLFF	2	0.000351	1	0
CASGTAAEQFF	2	0.000351	1	0
CASSDRDISNERLFF	2	0.000351	1	0
CASSDMTGGYEQYF	2	0.000351	1	0
CASGDLGGPYEQYF	2	0.000351	1	0
CTCSADSDSGNTLYF	2	0.000351	1	0
CTCSADLWGHTGQLYF	2	0.000351	1	0
CASSDLGEGRQYF	2	0.000351	1	0
CASGETGGYEQYF	2	0.000351	1	0
CASGDWGWEQYF	2	0.000351	1	0
CTCSAVDWGYEQYF	2	0.000351	1	0
CASSDVWGGDEQYF	2	0.000351	1	0
CSSSQTFNERLFF	2	0.000351	1	0
CASSLGNTLYF	2	0.000351	2	0.000309
CASSEGDSGNTLYF	2	0.000351	1	0
CASSFHSYEQYF	2	0.000351	1	0
CGARDGHYEQYF	2	0.000351	1	0
CASGERLGGSYEQYF	2	0.000351	1	0
CASRDRSSYEQYF	2	0.000351	1	0
CASSPGTGRSGNTLYF	2	0.000351	1	0
CASSPGQAYEQYF	2	0.000351	1	0
CASSGPQGGYEQYF	2	0.000351	1	0
CASSKTTGDEQYF	2	0.000351	1	0
CASNHNANSDYTF	2	0.000351	1	0
CTCSADMGQGNQAPLF	2	0.000351	1	0
CASTGTGNSDYTF	2	0.000351	1	0
CASSQRGYEQYF	2	0.000351	1	0
CASSPGLAYEQYF	2	0.000351	1	0
CASSDAGTGPYEQYF	2	0.000351	1	0
CASSDVDRGRFEQYF	2	0.000351	1	0
CASRRDRNSDYTF	2	0.000351	1	0
CASSDGGYSGNTLYF	2	0.000351	1	0
CASSLGPGGYEQYF	2	0.000351	1	0
CASGGQGCSDYTF	2	0.000351	1	0
CASGGQNERLFF	2	0.000351	1	0
CASSLEGTGGYEQYF	2	0.000351	1	0
CASRSGTYNQAPLF	2	0.000351	1	0
CAGTGDNQAPLF	2	0.000351	1	0
CASRNSGNTLYF	2	0.000351	1	0.000154
CASDRGNTGQLYF	2	0.000351	1	0
CASSDDWGGWAEQFF	2	0.000351	1	0
CASSPDWGGADEQYF	2	0.000351	1	0
CASSQDRTGGYEQYF	2	0.000351	2	0.000309
CASSQAGLGGYEQYF	2	0.000351	1	0
CASSLGGANTGQLYF	2	0.000351	1	0
CASSLPGGYAEQFF	2	0.000351	1	0
CGARDWGVYEQYF	2	0.000351	1	0
CASSFGISNERLFF	2	0.000351	1	0
CASSQDPGGAREQYF	2	0.000351	1	0
CASSLGGYAEQFF	2	0.000351	1	0
CASGDRQNQAPLF	2	0.000351	1	0
CASSFVSSYEQYF	2	0.000351	1	0
CASSLVGASYEQYF	2	0.000351	1	0
CASGEPWGASYEQYF	2	0.000351	1	0
CAKGQNNQAPLF	2	0.000351	1	0
CASSTGDTQYF	2	0.000351	1	0
CASSHGGYEQYF	2	0.000351	1	0
CASGGGTTNSDYTF	2	0.000351	1	0
CASREGTVGNTLYF	2	0.000351	1	0
CASGDAGQNSDYTF	2	0.000351	1	0
CGARAGGGYEQYF	2	0.000351	1	0
CASSYRGWNTLYF	2	0.000351	1	0
CASSHTGDERLFF	2	0.000351	1	0
CASGDAKGVSYEQYF	2	0.000351	1	0
CASSPGNTLYF	2	0.000351	1	0
CASGDAVTGNSDYTF	2	0.000351	1	0
CASSVDRNNQAPLF	2	0.000351	1	0
CASSQGTASDYTF	2	0.000351	1	0
CASSLRWGGPYEQYF	2	0.000351	1	0
CASGDRGGAGEQYF	2	0.000351	1	0
CATGLGGYEQYF	2	0.000351	1	0
CAWSPTGEGSDYTF	2	0.000351	1	0
CASSQDQGAPLF	2	0.000351	1	0
CGATDRGFWAETLYF	2	0.000351	1	0
CASSQDWGASAETLYF	2	0.000351	1	0
CASSQGEYEQYF	2	0.000351	1	0
CASSPPGTGNSDYTF	2	0.000351	1	0
CGARDHTFSNERLFF	2	0.000351	1	0
CASSQDSINERLFF	2	0.000351	1	0
CASSLGTGGREQYF	2	0.000351	1	0
CAWGTGYEQYF	2	0.000351	1	0
CASSPRTGYSGNTLYF	2	0.000351	1	0
CASSQDPGDSYEQYF	2	0.000351	1	0
CASSLGPANSDYTF	2	0.000351	1	0
CASSFWGPSYEQYF	2	0.000351	1	0
CAWSLVGIAEQFF	2	0.000351	1	0
CASRTSNSDYTF	2	0.000351	1	0
CAWSLEGTEQFF	2	0.000351	1	0
CASSLGLGEDQNTLYF	2	0.000351	1	0
CASSQPGSAETLYF	2	0.000351	1	0
CASSLDRDWGFSYEQYF	2	0.000351	1	0
CASSPGRGQYF	2	0.000351	1	0
CASSQTGAETLYF	3	0.000527	1	0.000154
CASQGGNTLYF	2	0.000351	1	0
CASSLEGSGNTLYF	2	0.000351	1	0
CASSLWGVGAETLYF	2	0.000351	1	0
CASSFSGGTSYEQYF	2	0.000351	1	0
CASSWNYEQYF	2	0.000351	2	0.000309
CASSLNGHSNERLFF	2	0.000351	1	0
CASSSGTKNSDYTF	2	0.000351	1	0
CASSLHAEQFF	2	0.000351	1	0
CSSGEASYEQYF	2	0.000351	1	0
CASSSGQNNQAPLF	1	0.000176	1	0
CASSLTRDNYAEQFF	1	0.000176	1	0
CASRAGTGYSDYTF	1	0.000176	1	0
CASSTSAETLYF	1	0.000176	1	0
CTCSAEGQYEQYF	1	0.000176	1	0
CASGDAGFGEQYF	1	0.000176	1	0
CTCSAGGTNERLFF	1	0.000176	1	0
CTCSAAGLGLSYEQYF	1	0.000176	1	0
CASGDAREQYF	1	0.000176	1	0
CASKGQCYSGNTLYF	1	0.000176	1	0
CASRRLNTGQLYF	1	0.000176	1	0
CASSGTGAYAEQFF	1	0.000176	1	0
CASSTPGPGAETLYF	1	0.000176	1	0
CTCSDRGGQAPLF	1	0.000176	1	0
CASSFGREEQYF	1	0.000176	1	0
CASRTNERLFF	1	0.000176	1	0
CASSPTVSNERLFF	1	0.000176	1	0
CASRSGGEQYF	1	0.000176	1	0
CTCSAGTTNERLFF	1	0.000176	1	0
CASSPSGTTNSDYTF	1	0.000176	1	0
CASGRDISGNTLYF	1	0.000176	1	0
CASRSGTTGNTLYF	1	0.000176	1	0
CASSRGRNYAEQFF	1	0.000176	1	0
CASRDWGNTGQLYF	1	0.000176	1	0
CASSPGTGERLFF	1	0.000176	1	0
CASSVTGGAGSDYTF	1	0.000176	1	0
CGARAWAGAEQYF	1	0.000176	1	0
CASSTGTTNTGQLYF	1	0.000176	1	0
CGARDWQFSNERLFF	1	0.000176	1	0
CASSQDSGPRERLFF	1	0.000176	1	0
CGAREGGTYEQYF	1	0.000176	1	0
CASRTGGNQAPLF	1	0.000176	1	0
CTCSEPANTGQLYF	1	0.000176	1	0
CASSLPGGRFTGQLYF	1	0.000176	1	0
CASVSGGPAEQFF	1	0.000176	1	0
CASSDATGGARAEQFF	1	0.000176	1	0
CTCSALGGPYAEQFF	1	0.000176	1	0
CASSPQGGDAEQFF	1	0.000176	1	0
CAWSANRVSNERLFF	1	0.000176	1	0
CASSDYNSSYEQYF	1	0.000176	1	0
CASGDWGGPNYEQYF	1	0.000176	1	0
CAWSLTWGGGEQYF	1	0.000176	1	0
CGARDQGNNQAPLF	1	0.000176	1	0
CASSFAGAGNTLYF	1	0.000176	1	0
CASSQALQGANSDYTF	1	0.000176	1	0
CASSLGTLSYEQYF	1	0.000176	1	0
CASSDKGNNQAPLF	1	0.000176	1	0
CGALDRGGNTLYF	1	0.000176	1	0
CASSLAGSSYEQYF	2	0.000352	1	0
QGPTLSANTGQLYF	1	0.000176	1	0
CASSRDGTANERLFF	1	0.000176	1	0
CASSQEGWGGVYEQYF	1	0.000176	1	0
CASSALGSYEQYF	1	0.000176	1	0
CASSFWRQGNQAPLF	1	0.000176	1	0
CASGDAGTANSDYTF	2	0.000352	1	0
CTCSGTGNYAEQFF	1	0.000176	1	0
CASSDVGTVNERLFF	1	0.000176	1	0
CGARTGGAYEQYF	1	0.000176	1	0
CASSQTGGYAEQFF	1	0.000176	1	0
CASSIGQVAETLYF	1	0.000176	1	0
CASSDPASGNTLYF	1	0.000176	1	0
CASSDTGRDERLFF	1	0.000176	1	0
CASSISRNQDTQYF	2	0.000352	1	0
CTCSAGWDRGTNERLFF	1	0.000176	1	0
CASSPTGNYAEQFF	1	0.000176	1	0
CASGTTGGRSQNTLYF	1	0.000176	1	0
CASNSYEQYF	1	0.000176	1	0
CATGTGNSDYTF	1	0.000176	1	0
CASGGLGGLNTGQLYF	1	0.000176	1	0
CASRDRGGNERLFF	1	0.000176	1	0
CASSVDRESEQFF	1	0.000176	1	0
CASTPGHQNSDYTF	1	0.000176	1	0
CASSPRGGNSDYTF	1	0.000176	1	0
CASSRDIYAEQFF	1	0.000176	1	0
CASSLTGGPNERLFF	1	0.000176	1	0
CASSFVGRNTGQLYF	1	0.000176	1	0
CASGDEGDNYAEQFF	1	0.000176	1	0
CASGDAGGDAEQFF	1	0.000176	1	0
CAWSRQPAAEQFF	1	0.000176	1	0
CASRLGAETLYF	1	0.000176	1	0
CASSHDNSGNTLYF	1	0.000176	1	0
CASWGGGYAEQFF	2	0.000352	1	0
CAWSLIGGNYAEQFF	1	0.000176	1	0
CASSQEQSGNTLYF	1	0.000176	1	0
CASSMWASQNTLYF	1	0.000176	1	0
CASSHGQGGHERLFF	1	0.000176	1	0
CASSLGTGGSEQYF	1	0.000176	1	0
CASSTPAINYAEQFF	1	0.000176	1	0
CASSQDPRGLGNTLYF	1	0.000176	1	0
CASSGGGARSAETLYF	1	0.000176	1	0
CASSRQVNYAEQFF	1	0.000176	1	0
CASSQWTGDTGQLYF	1	0.000176	1	0
CTCSAVGHTGQLYF	1	0.000176	1	0
CASSLLGVSAETLYF	1	0.000176	1	0
CAWSPGQGGGSDYTF	1	0.000176	1	0
CASSLNWGGEQYF	1	0.000176	1	0
CASGRDWGVEQYF	1	0.000176	1	0
CASSHRGISNERLFF	1	0.000176	1	0
CASSGVGKDTQYF	1	0.000176	1	0
CASSQAGGGGQLYF	1	0.000176	1	0
CASSLGGANSDYTF	1	0.000176	1	0
CASSIGWGGQDTQYF	1	0.000176	1	0
CGALGQNTGQLYF	1	0.000176	1	0
CASSLTGGIYEQYF	1	0.000176	1	0
CASGEGNNNQAPLF	1	0.000176	1	0
CASSHRASNSPLYF	1	0.000176	1	0
CASSQDNNQAPLF	1	0.000176	1	0
CASGASGGANTGQLYF	1	0.000176	1	0
CASSFGDTGQLYF	1	0.000176	1	0
CASSIRWGGKAETLYF	1	0.000176	1	0
CASSRDNEQFF	1	0.000176	1	0
CASGTGEEQYF	1	0.000176	1	0
CASSWGAQNTLYF	1	0.000176	1	0
CASSPGTGVYEQYF	1	0.000176	1	0
CTCSAGIYAEQFF	1	0.000176	1	0
CASSLWTIYAEQFF	1	0.000176	1	0
CASSLVGAGTGQLYF	1	0.000176	1	0
CASGPTGALSNERLFF	1	0.000176	1	0
CASSPGTGIERLFF	1	0.000176	1	0
CASSQEGAENTGQLYF	1	0.000176	1	0
CTCSHHWDSAETLYF	1	0.000176	1	0
CASSCRQGSQNTLYF	1	0.000176	1	0
CASSPGQGGEQYF	1	0.000176	2	0.000309
CASSLGHSNERLFF	2	0.000352	1	0
CAWSLDLGEDTQYF	1	0.000176	1	0
CASSQTGISGNTLYF	1	0.000176	1	0
CASSLEAANSDYTF	1	0.000176	1	0
CASSYGTGGYEQYF	1	0.000176	1	0
CASSPTGDSYEQYF	1	0.000176	1	0
CASSARGSANERLFF	1	0.000176	1	0
CASSQECSAETLYF	1	0.000176	1	0
CGARSWGIEQYF	1	0.000176	1	0
CAWSLGGGRGEQYF	1	0.000176	1	0
CASSRDRVNERLFF	1	0.000176	1	0.000154
CGASRGYAEQFF	1	0.000176	1	0
CASGGDRGNYAEQFF	1	0.000176	1	0
CASSPSGGRQDTQYF	1	0.000176	1	0
CASGDRTGNSGNTLYF	1	0.000176	1	0
CASSQRQYEQYF	1	0.000176	1	0
CASQAGDQDTQYF	1	0.000176	1	0
CASSSLGVYAEQFF	1	0.000176	1	0
CASSADRYAEQFF	1	0.000176	1	0
CAWRPTGWAEQFF	1	0.000176	1	0
CASSPGQSNERLFF	1	0.000176	1	0
CASGDLAETLYF	1	0.000176	1	0
CASSFEGAYAEQFF	1	0.000176	1	0
CASSLVGNSDYTF	1	0.000176	1	0
CGAKTGGNAEQFF	1	0.000176	1	0
CASSLGLGAEQFF	1	0.000176	1	0
CASSPQNTGQLYF	1	0.000176	1	0
CASSPDRDERLFF	1	0.000176	1	0
CASSLGGRAETLYF	1	0.000176	1	0
CASTSDWGGRQNTLYF	1	0.000176	1	0
CGARDWGGQDTQYF	1	0.000176	1	0
CARTGPSAETLYF	1	0.000176	1	0
CASSRILNTGQLYF	1	0.000176	1	0
CASSLEAGRGSDYTF	1	0.000176	1	0
CGARRGPDTQYF	1	0.000176	1	0
CGARDRGRSSDYTF	1	0.000176	1	0
CASDWGGGGYAEQFF	1	0.000176	1	0
CASSGDWGSYEQYF	1	0.000176	1	0
CASSFRWGAYEQYF	1	0.000176	1	0
CAWSLDFQDTQYF	1	0.000176	1	0
CASSESGLGFEQYF	1	0.000176	1	0
CASSQPGQGYEQYF	1	0.000176	1	0
CASGDWGGAETLYF	1	0.000176	1	0
CASSEGWGKNTLYF	1	0.000176	1	0
CASSSRGRYAEQFF	1	0.000176	1	0
CASSLGGGAETLYF	1	0.000176	1	0
CASSPGTGGNTLYF	1	0.000176	1	0
CASSPGTGGYAEQFF	1	0.000176	1	0
CASSLQANSDYTF	1	0.000176	1	0
CASSRINQDTQYF	1	0.000176	1	0
CASGDASSGNTLYF	1	0.000176	1	0
CTCSADRLGDTQYF	1	0.000176	1	0
CASSIDRVPYNSPLYF	1	0.000176	1	0
CTCSADGGSQNTLYF	1	0.000176	1	0
CASSRQPNTGQLYF	1	0.000176	1	0
CASSPYRGQNTLYF	1	0.000176	1	0
CASRLDRGQGNNQAPLF	1	0.000176	1	0
CASSYWGGADTQYF	1	0.000176	1	0
CASKGGTNERLFF	1	0.000176	1	0
CASSMGTGEGAETLYF	1	0.000176	1	0
CASSDAGGNTGQLYF	1	0.000176	1	0
CASSWGNSNERLFF	1	0.000176	1	0
CASSYLGGRYAEQFF	1	0.000176	1	0
CASSQGVYAEQFF	1	0.000176	1	0
CASSLPEQFF	1	0.000176	1	0
CASSPGQKDTQYF	1	0.000176	1	0
CASSISGGAAETLYF	1	0.000176	1	0
CASSAGLGINTLYF	1	0.000176	1	0
CASSLGANTGQLYF	1	0.000176	1	0
CASSDAWGAQDTQYF	1	0.000176	1	0
CASSQLGSAETLYF	1	0.000176	1	0
CASGDGAGDNYAEQFF	1	0.000176	1	0
CASGPGQSQNTLYF	1	0.000176	1	0
CASSPTGGSAETLYF	1	0.000176	1	0
CGAREWGANTQYF	1	0.000176	1	0
CASSQDWLYEQYF	1	0.000176	1	0
CASSHRAGTGQLYF	1	0.000176	1	0
CASSLSGGGDERLFF	1	0.000176	1	0
CASSLAQTYEQYF	1	0.000176	1	0
CASSLEGLGEETLYF	1	0.000176	1	0
CASSQTGTGSNERLFF	1	0.000176	1	0
CASSHGGGCAETLYF	2	0.000352	1	0
CASSLDTQYF	1	0.000176	1	0
CASSQPGEGAETLYF	1	0.000176	1	0
CASGDWGNYAEQFF	1	0.000176	1	0
CASGGPGLGGRQDTQYF	1	0.000176	1	0
CASGGTGRGQNTLYF	1	0.000176	1	0
CASGDAGWGGAETLYF	1	0.000176	1	0
CASSLQGRVSDYTF	1	0.000176	1	0
CAGQGNERLFF	1	0.000176	1	0
CASSPDGLSNERLFF	1	0.000176	1	0
CASSLWGGAGQNTLYF	1	0.000176	1	0
CASSLGQGAGNTLYF	1	0.000176	1	0
CASSLSISNERLFF	1	0.000176	1	0
CASSLGRIANSDYTF	1	0.000176	1	0
CASGQGGQNTLYF	1	0.000176	1	0
CASSSWGAQDTQYF	1	0.000176	1	0
CASSEGGDQDTQYF	1	0.000176	1	0
CAWGTASQNTLYF	1	0.000176	1	0
CASSLTGGDTQYF	1	0.000176	1	0
CGARDLGADAETLYF	1	0.000176	1	0
CASGDVGLGRDTQYF	1	0.000176	1	0
CASSLEGQGAETLYF	1	0.000176	1	0
CASSQDTNSDYTF	1	0.000176	1	0
CASSLVGSQNTLYF	1	0.000176	1	0
CASSRTGETNERLFF	1	0.000176	1	0
CASSLEGYYAEQFF	1	0.000176	1	0
CASSIRWASAETLYF	1	0.000176	1	0
CASSDGDRGSDYTF	1	0.000176	1	0
CGARDPGGKDTQYF	1	0.000176	1	0
CASSLTGGEQYF	1	0.000176	1	0
CTCSADWGGNSDYTF	1	0.000176	1	0
CASSLDLINQDTQYF	1	0.000176	1	0
CASSFRWGGNYAEQFF	1	0.000176	1	0
CASSTKISGNTLYF	1	0.000176	1	0
CASSQYGSDYTF	1	0.000176	1	0
CASSGLGGDQDTQYF	1	0.000176	1	0
CASSEGGLDERLFF	1	0.000176	1	0
CGARRAGNTGQLYF	1	0.000176	1	0
CASSQDWEDTQYF	1	0.000176	1	0
CASSPNSYNSPLYF	1	0.000176	1	0
CASSPRLSNERLFF	1	0.000176	1	0
CASSRDWGQDTQYF	2	0.000352	1	0
CASGGGRGAETLYF	1	0.000176	1	0
CASSPPSGAETLYF	1	0.000176	1	0
LCQQSRGQDTQYF	1	0.000176	1	0
CASSPGQIYAEQFF	1	0.000176	1	0
CASSIGENTLYF	1	0.000176	1	0
CASSLLGGRDTQYF	1	0.000176	1	0
CASSIVSSQNTLYF	1	0.000176	1	0
CASSRTGVANERLFF	1	0.000176	1	0
CASSSDPSQNTLYF	1	0.000176	1	0
CASSPEGGAETLYF	2	0.000352	1	0
CASSPMGGRQDTQYF	1	0.000176	1	0
CASSLPGPNERLFF	1	0.000176	1	0
CASRDRAETLYF	1	0.000176	1	0
CASGAQGLGTQYF	1	0.000176	1	0
CASSQREPPLYF	1	0.000176	1	0
CGARDRTDSPLYF	1	0.000176	1	0
CASSLGGNERLFF	1	0.000176	1	0
CASGDVGGDQNTLYF	1	0.000176	1	0
CASSVGLGGAETLYF	2	0.000352	1	0
CASSQPGQGRSDYTF	1	0.000176	1	0
CASSYWVQDTQYF	1	0.000176	1	0
CASTSGGQDTQYF	2	0.000352	1	0
CASSPDWGVKDTQYF	1	0.000176	1	0
CASSQDAGNQAPLF	1	0.000176	1	0
CASSPLYF	1	0.000176	1	0
CASGDAWGVAQDTQYF	1	0.000176	1	0
CAWRGLGGRSEQFF	1	0.000176	1	0
CASSLDPSQNTLYF	1	0.000176	1	0
CASGEGLLSQYF	1	0.000176	1	0
CASSYWGAEDTQYF	1	0.000176	1	0
LCQQSLDWTNTGQLYF	1	0.000176	1	0
CASSLEGLGDTQYF	1	0.000176	1	0
CASSQDPGGQDTQYF	1	0.000176	1	0
CASSSRGGLDAETLYF	1	0.000176	1	0
CASSYWGLNQDTQYF	1	0.000176	1	0
CASSQDSGGVAETLYF	1	0.000176	1	0
CASGARLGGNYAEQFF	1	0.000176	1	0
CASSLGWGAQDTQYF	1	0.000176	1	0
CASSGRDKNYAEQFF	1	0.000176	1	0
CASSPWDRGRGHNHINQAPLF	1	0.000176	1	0
CASGDAGGQYF	1	0.000176	1	0
CASSRTGGDTGQLYF	1	0.000176	1	0
CASSLLGGRRNTGQLYF	1	0.000176	1	0
CASSQERLASQNTLYF	1	0.000176	1	0
CASSCTGVSYNSPLYF	1	0.000176	1	0
CAWSRLGPHQDTQYF	1	0.000176	1	0
CAWSDWGGGGQNTLYF	1	0.000176	1	0
CTCSASRGSQNTLYF	1	0.000176	1	0
CASSPSQNTLYF	1	0.000176	1	0
CASSPWGGAATQYF	1	0.000176	1	0
CASGGTGGTSQNTLYF	1	0.000176	1	0
CSSSWGSQNTLYF	1	0.000176	1	0
CASGELGGAEQFF	1	0.000176	1	0
CASSLRGWDTQYF	1	0.000176	1	0
CASSLEHWEDTQYF	1	0.000176	1	0
CAWPLQGNQDTQYF	1	0.000176	1	0
CASSRLGQDTQYF	1	0.000176	1	0
CASGDGGGDQDTQYF	1	0.000176	1	0
CASSSDWYEQYF	1	0.000176	1	0
CASSLEGGRAETLYF	1	0.000176	1	0
CASSLDLWGGQNTLYF	1	0.000176	1	0
CASSQDLGTNNSPLYF	1	0.000176	1	0
CASSIEGGAGTEVFF	1	0.000176	1	0
CASSLQGPNTEVFF	1	0.000176	1	0
CAWSPDSANSDYTF	1	0.000176	1	0
CASGGRQGAQAPLF	1	0.000176	1	0
CASSRRGENTLYF	1	0.000176	1	0
CAWSLDRAQNTLYF	1	0.000176	1	0
CASSPGRRGSDYTF	1	0.000176	1	0
CASSQEQASAETLYF	1	0.000176	1	0
CASSAQANTEVFF	1	0.000176	1	0
CASDGRGSQNTLYF	1	0.000176	1	0
CAWWGGSNERLFF	1	0.000176	1	0
CASGDAGGTQYF	1	0.000176	1	0
CASSSRDRGGQDTQYF	2	0.000352	1	0
CASSERTGGDQDTQYF	1	0.000176	1	0
CASTTQGPLALTD	1	0.000176	1	0
CASSESGGGSDYTF	1	0.000176	1	0
CASGDAGNTLYF	1	0.000176	1	0
CASSLVGEGDTQYF	1	0.000176	1	0
CASSDASSNTEVFF	1	0.000176	1	0
CASSDIQDGNSPLYF	1	0.000176	1	0
CASGDARGAETLYF	1	0.000176	1	0
CASPGDRGNSPLYF	1	0.000176	1	0
CTCSVANTEVFF	1	0.000176	1	0
CASSGTSNTEVFF	1	0.000176	1	0
CASSIGGENTEVFF	1	0.000176	1	0
CASGDAGGAPHTLYF	1	0.000176	1	0
CASRAGTGNYAEQFF	1	0.000176	1	0
CASSFTGGRSTEVFF	1	0.000176	1	0
CASSLDRNTEVFF	2	0.000352	1	0
CASSIVGQPNTEVFF	1	0.000176	1	0
CAWSRQTHYNSPLYF	1	0.000176	1	0
CASSQERTGGGEVFF	1	0.000176	1	0
CASSESGTEVFF	1	0.000176	1	0
CASGEGWGASQNTLYF	1	0.000176	1	0
CASSLRDRGAETLYF	1	0.000176	1	0
CASSLEQGAGAEQFF	1	0.000176	1	0
CASSLRQGPEVFF	1	0.000176	1	0
CASSVGGNTEVFF	1	0.000176	1	0
CASSLRQINTEVFF	1	0.000176	1	0
CASSDAQTEVFF	1	0.000176	1	0
CASSPRRVQNTLYF	1	0.000176	1	0
CASSLAANTEVFF	1	0.000176	1	0
CASSDAGREVFF	1	0.000176	1	0
CASSRTGVQNTLYF	1	0.000176	1	0
CASSLAGLGGSAETLYF	1	0.000176	1	0
CASSQDQGVGTEVFF	1	0.000176	1	0
CASSSGKDTQYF	1	0.000176	1	0
CASSQEGQGPEVFF	1	0.000176	1	0
CASSQGQSNTEVFF	1	0.000176	1	0
CASSPRTGGINQDTQYF	1	0.000176	1	0
CASSLEQGGTLYF	1	0.000176	1	0
CASSSGTGVNYAEQFF	1	0.000176	1	0
CASSTTGGTEVFF	1	0.000176	1	0
CASGDWQGATEVFF	1	0.000176	1	0
CASSSREDTEVFF	1	0.000176	1	0
CASSHRDREVFF	1	0.000176	1	0
CASGGPGQNTEVFF	1	0.000176	1	0
CASSLGQTNTEVFF	1	0.000176	1	0
CAWSLSRWGAETLYF	1	0.000176	1	0
CASKTGGNTEVFF	1	0.000176	1	0
CAWSTGVNTEVFF	1	0.000176	1	0
CASSVSQNTLYF	1	0.000176	1	0
CASSLLLGGRQDTQYF	1	0.000176	1	0
CASGELGGQDTQYF	1	0.000176	1	0
CTCSADLGQGYEQYF	1	0.000176	1	0
CASSLRPGGPEQFF	1	0.000176	1	0
CASSFQGGGTEVFF	1	0.000176	1	0
CASNSGENTEVFF	1	0.000176	1	0
CASSLDRSNTEVFF	1	0.000176	1	0
CTCSGTGGADTQYF	1	0.000176	1	0
CASSLDWGGVSYEQYF	1	0.000176	1	0
CGARPEVFF	1	0.000176	1	0
CTCSPTGFNQDTQYF	1	0.000176	1	0
CASSMGEGIYAEQFF	1	0.000176	1	0
CASSRELGGYAEQFF	1	0.000176	1	0
CASSLGVFF	1	0.000176	1	0
CASSSYNANTEVFF	1	0.000176	1	0
CASSLEAQNTLYF	1	0.000176	1	0
CAWSLGGQGPEVFF	1	0.000176	1	0
CASGDSTGNTEVFF	1	0.000176	1	0
CASSLEVANTEVFF	1	0.000176	1	0
CAWSSRLGGDHEQYF	1	0.000176	1	0
CAWSLGGVDTEVFF	1	0.000176	1	0
CASSLRDSNTEVFF	1	0.000176	1	0
CASSLAGTNTEVFF	1	0.000176	1	0
CASSLWDKNTEVFF	1	0.000176	1	0
CASSLVRKTEVFF	1	0.000176	1	0
CASSLDPDRDQDTQYF	1	0.000176	1	0
CASSRDWGGREQYF	1	0.000176	1	0
CASSPEGGEGYAEQFF	1	0.000176	1	0
CASGQGGDAEQFF	1	0.000176	1	0
CASGDGGGTEVFF	1	0.000176	1	0
CASSLDREGTEVFF	1	0.000176	1	0
CASRTGTGGGTEVFF	1	0.000176	1	0
CTCSAGQKGTEVFF	1	0.000176	1	0
CASSPWGQDTQYF	1	0.000176	1	0
CASSWTGGEQYF	1	0.000176	1	0
CASSLSWTGGVREQYF	1	0.000176	1	0
RSNSQISNERLFF	1	0.000176	1	0
CASSLGQGATEVFF	1	0.000176	1	0
CASSQEAGTGNTEVFF	1	0.000176	1	0
CGASVRGNSDYTF	1	0.000176	1	0
CASSDWGGGQNTLYF	1	0.000176	1	0
CGATGGHDTGQLYF	1	0.000176	1	0
CASSLAGSNSPLYF	1	0.000176	1	0
CTCSAGGTEVFF	1	0.000176	1	0.000154
CASSSTDTEVFF	1	0.000176	1	0
CASSDVGGQDTQYF	1	0.000176	1	0
CASSLWGGKEQYF	1	0.000176	1	0
CASGDDGGGEQYF	1	0.000176	1	0
CASSDPGVANTGQLYF	1	0.000176	1	0
CASGDVGDWGSETLYF	1	0.000176	1	0
CTCSADDNSGNTLYF	1	0.000176	1	0
CAPGLGGRYAEQFF	1	0.000176	1	0
CASSLPGTGGGNAEQFF	1	0.000176	1	0
CSSPGQGGSQNTLYF	1	0.000176	1	0
CASSSGTGGPQYF	1	0.000176	1	0
CASSQRLGGVTQYF	1	0.000176	1	0
CASSPGLGWEQYF	1	0.000176	1	0
CGARQDSYNSPLYF	1	0.000176	1	0
CASSIGTGGERLFF	1	0.000176	1	0
CTCSQGSGNTLYF	1	0.000176	1	0
CASSDGGAYEQYF	1	0.000176	1	0
CASSDWTANSDYTF	1	0.000176	1	0
CTCSAGGAHEQYF	1	0.000176	1	0
CASSDDWGGYEQYF	1	0.000176	1	0
CASSDPLGGSYEQYF	1	0.000176	1	0
CTCSARSSYEQYF	1	0.000176	1	0
CTCSAQGANNQAPLF	1	0.000176	1	0
CASGDAGSSGNTLYF	1	0.000176	1	0
CASGDAPGGRAEQFF	1	0.000176	1	0
CASSIWGGAEQFF	1	0.000176	1	0
CASRPGQGDSDYTF	1	0.000176	1	0
CSSSRDRDSDYTF	1	0.000176	1	0
CASSTGQGNTLYF	1	0.000176	1	0
CTCSAGSNTGQLYF	1	0.000176	1	0
CASSIGGHNSDYTF	1	0.000176	1	0
CASSYPPGQGVYEQYF	1	0.000176	1	0
CASSLSREGNTLYF	1	0.000176	1	0
CASSGGQGADERLFF	1	0.000176	1	0
CASSDEGAEQFF	1	0.000176	1	0
CTCSADWGKQYF	1	0.000176	1	0
CASGGRGTSNERLFF	1	0.000176	1	0
CTCSETGPEQFF	1	0.000176	1	0
CTCSAGTVSNERLFF	1	0.000176	1	0
CASSMGDEQYF	1	0.000176	1	0
CASGERDSGNTLYF	1	0.000176	1	0
CASSRLGGRAEQFF	1	0.000176	1	0
CASNRDAEQFF	1	0.000176	1	0
CASGDISNERLFF	1	0.000176	1	0.000154
CASGDLGVSYEQYF	1	0.000176	1	0
CASSLAQPNTGQLYF	1	0.000176	1	0
CASSRDRAGNTLYF	1	0.000176	1	0
CASSPGTGGGYEQYF	1	0.000176	1	0
CASSEGWGNYAEQFF	1	0.000176	1	0
CASGDRGNERLFF	1	0.000176	1	0
CASGDDRDANSDYTF	1	0.000176	1	0
CASSLDRGGEQFF	1	0.000176	1	0
CASSPGQNQDTQYF	1	0.000176	1	0
CASSDYLGVNYAEQFF	1	0.000176	1	0
CASGGTANSDYTF	1	0.000176	1	0
CASSQGWGGAYEQYF	1	0.000176	1	0
CASSRLGGRGEQYF	1	0.000176	1	0
CASGLGGPNERLFF	1	0.000176	1	0
CASSTYNNQAPLF	1	0.000176	1	0
CASSLDSNSDYTF	1	0.000176	1	0
CTCSARGEDTQYF	1	0.000176	1	0
CASSQGRPERLFF	1	0.000176	1	0
CASSRDNQAPLF	1	0.000176	1	0
CASSLPGQHYAEQFF	1	0.000176	1	0
CGARGGRRDTQYF	1	0.000176	1	0
CASSPDTGNTLYF	1	0.000176	1	0
CASGDLGADYTF	1	0.000176	1	0
CASSTGGAREQYF	1	0.000176	1	0
CASSIGDWVYAEQFF	1	0.000176	1	0
CASSHRDFNYAEQFF	1	0.000176	1	0
CASSLTGYAEQFF	1	0.000176	1	0
CTCSGGTGGYEQYF	1	0.000176	1	0
CASGEGGGNTGQLYF	1	0.000176	1	0
CASSQEDERLFF	1	0.000176	1	0
CASSQEGQQAPLF	1	0.000176	1	0
CTCSASEGWANERLFF	1	0.000176	1	0
CASSQESGQDSDYTF	1	0.000176	1	0
CASSQGGGSSYEQYF	1	0.000176	1	0
CASSPHWGGAEQYF	1	0.000176	1	0
CGARDGGGERLFF	1	0.000176	1	0
CASSQDNYAEQFF	1	0.000176	1	0
CASGGTAEDTQYF	1	0.000176	1	0
CASSRSGTGYYEQYF	1	0.000176	1	0
CASSLYNWGAETLYF	1	0.000176	1	0
CASSQDTGRGTGQLYF	1	0.000176	1	0
CAWSLKGQVNERLFF	1	0.000176	1	0
CASSPSPGGWAEQFF	1	0.000176	1	0
CTCRQGGAETLYF	1	0.000176	1	0
CASGDAWGGDEQYF	1	0.000176	1	0
CASSLGGLSYEQYF	1	0.000176	1	0
CASSIMGGSAETLYF	1	0.000176	1	0
CASSLTGQNYAEQFF	1	0.000176	1	0
CTCNTGNTGQLYF	1	0.000176	1	0
CASSRGTISNERLFF	1	0.000176	1	0
CGARDLSYAEQFF	1	0.000176	1	0
CASSDAGRNTGQLYF	1	0.000176	1	0.000154
CASGGTGGNYAEQFF	1	0.000176	1	0
CASSQDRGGSNERLFF	1	0.000176	1	0
CASSRDVGTEQFF	1	0.000176	1	0
CASSRDRDNYAEQFF	1	0.000176	1	0
CASSLRTGDAEQFF	1	0.000176	1	0
CGARYQANSDYTF	1	0.000176	1	0
CASSAISNERLFF	1	0.000176	1	0
CASGEQNSDYTF	1	0.000176	1	0
CASSSRGGGTYEQYF	1	0.000176	1	0
CASSLRHQAPLF	1	0.000176	1	0
CTCSAELGGSAETLYF	1	0.000176	1	0
CASSWVNQDTQYF	1	0.000176	1	0
CTCSADSAEQFF	1	0.000176	1	0
CASSLDPRRGYAEQFF	1	0.000176	1	0
CASGDAGRGDSDYTF	1	0.000176	1	0
CASSLALQSAETLYF	1	0.000176	1	0
CASGDEGYEQYF	1	0.000176	1	0
CASSYDWGSSYEQYF	1	0.000176	1	0
CASSRGAHAEQFF	1	0.000176	1	0
CASGNDRGRTNERLFF	1	0.000176	1	0
CASSGSQDTQYF	1	0.000176	1	0
CASSQVGPPNERLFF	1	0.000176	1	0
CASSGTEDTQYF	1	0.000176	1	0
CASSQTGGNQAPLF	1	0.000176	1	0
CASSRQGANSDYTF	1	0.000176	1	0
CASSPGTGGFAEQFF	1	0.000176	1	0
CASSHGWGAGNTLYF	1	0.000176	1	0
CASSHGTANNQAPLF	1	0.000176	1	0
CASSQTGTGHERLFF	1	0.000176	1	0
CASSIGGEGAETLYF	1	0.000176	1	0
CAWSHDRGRPDEQYF	1	0.000176	1	0
CASSRDINNQAPLF	1	0.000176	1	0
CASSDAPGPPQYF	1	0.000176	1	0
CASSLYTDSAETLYF	1	0.000176	1	0
CASSFLGQSSAETLYF	1	0.000176	1	0
CASSLRDRGLGNTLYF	1	0.000176	1	0
CASGDFSSQNTLYF	1	0.000176	1	0
CTCSQGYTGQLYF	1	0.000176	1	0
CASSFWGGNYAEQFF	1	0.000176	1	0
CASSLGQYEQYF	1	0.000176	2	0.000309
CASSEAYAEQFF	1	0.000176	1	0
CASSIVGTSDYTF	1	0.000176	1	0
CASRQGGGAETLYF	1	0.000176	1	0
CGASPTGDTGQLYF	1	0.000176	1	0
CASSSEGGAETLYF	1	0.000176	1	0
CASSEGESAETLYF	1	0.000176	1	0
CASSPTGGENTLYF	1	0.000176	1	0
CASSPGTGGSQNTLYF	1	0.000176	1	0
CASSLEGAQNTLYF	1	0.000176	1	0
CASGDRGVQDTQYF	1	0.000176	1	0
CTCSADWGGAETLYF	1	0.000176	1	0
CASGRLGGQDTQYF	1	0.000176	1	0
CASSLDGGYEQYF	1	0.000176	1	0
CASSDWDKNYAEQFF	1	0.000176	1	0
CASRRQASAETLYF	1	0.000176	1	0
CASSSQGSAETLYF	1	0.000176	1	0
CTCSATGGSAEQFF	1	0.000176	1	0
CASGDDERLFF	1	0.000176	1	0
CASSRGGSSAETLYF	1	0.000176	1	0
CASSLGGPPLYF	1	0.000176	1	0
CASVLTGGSETLYF	1	0.000176	1	0
CTCSAAGLANSDYTF	1	0.000176	1	0
CGARALGQVSNERLFF	1	0.000176	1	0
CASSQAWGVYAEQFF	1	0.000176	1	0
CASGAGTGGFEQYF	1	0.000176	1	0
CASSPWTGGAEEQYF	1	0.000176	1	0
CASSLRGYNSPLYF	1	0.000176	1	0
CASSFWDSAETLYF	1	0.000176	1	0
CGARAGGRGTQYF	1	0.000176	1	0
CASSQDQNERLFF	1	0.000176	1	0
CAWSLPGLGVYEQYF	1	0.000176	1	0
CASSAGTIYEQYF	1	0.000176	1	0
CASSQEGTGNTLYF	1	0.000176	1	0
CGARSLGNYAEQFF	1	0.000176	1	0
CASRRTGDAEQFF	1	0.000176	1	0
CASSPQDTQYF	1	0.000176	1	0
CASSPDNTGQLYF	1	0.000176	1	0
CASSLAGKAGNTLYF	1	0.000176	1	0
CASSLGQGGNERLFF	1	0.000176	1	0
CASGEMGRGQNTLYF	1	0.000176	1	0
CASSLETGEDTQYF	1	0.000176	1	0
CASSLDLNTGQLYF	1	0.000176	1	0
CASSLVGVSQNTLYF	1	0.000176	1	0
CAARGTGNTQYF	1	0.000176	1	0
CAWSLQISNERLFF	1	0.000176	2	0.000309
CASGDLWGGQNTLYF	1	0.000176	1	0
CASRAGTGIYEQYF	1	0.000176	1	0
CASGDASGGGAETLYF	1	0.000176	1	0
CASSDGGGEDTQYF	1	0.000176	1	0
CASSLAAGTNERLFF	1	0.000176	1	0
CASSLALWGGAAEQFF	1	0.000176	1	0
CASSGLGGYAEQFF	1	0.000176	1	0
CASSSGLGVNYAEQFF	1	0.000176	1	0
CASSQDGVYNNQAPLF	1	0.000176	1	0
CASSLRDTGQLYF	1	0.000176	1	0
CTCSAGGASAETLYF	1	0.000176	1	0
CASSLGQGADTLYF	1	0.000176	1	0
CASSRDSAETLYF	1	0.000176	1	0
CASRVGTDNSGNTLYF	1	0.000176	1	0
CTCSAATGGQDTQYF	1	0.000176	1	0
CASSSRLGYQDTQYF	1	0.000176	1	0
CASGDATGQDTQYF	1	0.000176	1	0
CASSQEGKNTLYF	1	0.000176	1	0
CASSLPWGGNYAEQFF	1	0.000176	1	0
CASSAWRGPEDTQYF	1	0.000176	1	0
CTCSAVWGKDTQYF	1	0.000176	1	0
CASSGTNTGQLYF	2	0.000352	1	0
CGARETISNERLFF	1	0.000176	1	0
CASSITGLGGFQNTLYF	1	0.000176	1	0
CTCRQADTQYF	1	0.000176	1	0
CASSQGGQNTLYF	1	0.000176	1	0
CASSLSLWGAGGQLYF	1	0.000176	1	0
CASSQVGRNNNQAPLF	1	0.000176	1	0
CGAREGLGAETLYF	1	0.000176	1	0
CASSHGAGNYAEQFF	1	0.000176	1	0
CTCSERGGAETLYF	1	0.000176	1	0
CASRGNRAETLYF	1	0.000176	1	0
CASSPGTASAETLYF	1	0.000176	1	0.000154
CASSPTGGDYAEQFF	1	0.000176	1	0
CASGDDWGGQDTQYF	1	0.000176	1	0
CGARAGTSNERLFF	1	0.000176	1	0
CASSLSWGAETLYF	1	0.000176	1	0
CTCSADQAGPSQNTLYF	1	0.000176	1	0
CASSPGGAETLYF	1	0.000176	1	0
CGARDRSQNTLYF	1	0.000176	1	0
CASSRQNTLYF	1	0.000176	1	0.000154
CASSPVRTNSDYTF	1	0.000176	1	0
CASSLWGQGSGEQYF	1	0.000176	1	0
CASSIGDQDTQYF	1	0.000176	1	0
CAWSPLGNQDTQYF	1	0.000176	1	0
CASGDWASQNTLYF	1	0.000176	1	0
CASSLQGGGNTLYF	1	0.000176	1	0
CASSFQLNQDTQYF	1	0.000176	1	0
CASSLGGARDSDYTF	1	0.000176	1	0
CASSRLGAQDTQYF	1	0.000176	1	0
CGARDRGNTGQLYF	1	0.000176	1	0
CASSDGPMTASQNTLYF	1	0.000176	1	0
CGATDRGHSQDTQYF	1	0.000176	1	0
CASSRTGPNQDTQYF	1	0.000176	1	0
CASRTGQYAEQFF	1	0.000176	1	0
CASSQDTGCAETLYF	1	0.000176	1	0
CASSWDWGYQDTQYF	1	0.000176	1	0
CTWSLPGLGVYEQYF	1	0.000176	1	0
CASSQQGANTGQLYF	1	0.000176	1	0
CASSLVGSANTGQLYF	1	0.000176	1	0
CAWSLGGTGNTLYF	1	0.000176	1	0
CASSEMGGLAEQFF	1	0.000176	1	0
CASSGGNYAEQFF	1	0.000176	1	0
CASSFGQGNSDYTF	1	0.000176	1	0
CASSQDAAGDTQYF	1	0.000176	1	0
CASSGKINNQAPLF	1	0.000176	1	0
CASSQNYAEQFF	1	0.000176	1	0
CASSVLGGGTGQLYF	1	0.000176	1	0
CTCSADQDNQDTQYF	1	0.000176	1	0
CASSIRQGQDTQYF	1	0.000176	1	0
CASSPDWGSQNTLYF	1	0.000176	1	0
CASGDALGLGGDTQYF	1	0.000176	1	0
CSSSQHRGDTQYF	1	0.000176	1	0
CGARRWGSQNTLYF	1	0.000176	1	0
CASGVPGTGRNTLYF	1	0.000176	1	0
CAWSLQGRQDTQYF	1	0.000176	1	0
CASSYSPGDQDTQYF	1	0.000176	1	0
CASSVPGQGAETLYF	1	0.000176	1	0
CASRQGHQDTQYF	1	0.000176	1	0
CASSLGQAYNSPLYF	1	0.000176	1	0
LCQQSGTGGDTGQLYF	1	0.000176	1	0
CASSGTGGAETLYF	1	0.000176	3	0.000463
CASSGGTGGNQDTQYF	1	0.000176	1	0
CASSHPGQYAEQFF	1	0.000176	1	0
CARGTVQDTQYF	1	0.000176	1	0
CASSHPGKAETLYF	1	0.000176	1	0
CTCSGQNTLYF	1	0.000176	1	0
CASSQDRGDTQYF	1	0.000176	1	0
CASSIQEASQNTLYF	1	0.000176	1	0
CASRDLYF	1	0.000176	1	0
CASSLDGGPQDTQYF	1	0.000176	1	0
CASGEDWGANTGQLYF	2	0.000352	1	0
CASSQDLLGGRETLYF	1	0.000176	1	0
CASRRDSNERLFF	1	0.000176	1	0
CASSQEAGAGNTGQLYF	1	0.000176	1	0
CASSRQGGNSPLYF	1	0.000176	1	0
CASGEWGEDTQYF	1	0.000176	1	0
CASSDEKGGGGNYAEQFF	1	0.000176	1	0
CASSRTGGADTQYF	1	0.000176	1	0
CASSGRWGGQDTQYF	1	0.000176	1	0
CASSPSGGGSPLYF	1	0.000176	1	0
CASSQDRSSAETLYF	1	0.000176	1	0
CASGDGVQDTQYF	1	0.000176	1	0
CASSLDVGLDTQYF	1	0.000176	1	0
CASSPGEDTQYF	1	0.000176	1	0
CASSQDGGGFQDTQYF	1	0.000176	1	0
CASSNWGGQDTQYF	1	0.000176	1	0
CSSTGTGDAEQFF	1	0.000176	1	0
CSSSQDSSQNTLYF	1	0.000176	1	0
CASSPTGGARDTQYF	1	0.000176	1	0
CSSSPGLFQDTQYF	1	0.000176	1	0
CASGEGVGGHQDTQYF	1	0.000176	1	0
CASSLGGNPSQNTLYF	1	0.000176	1	0
CASSPRWGGVDTQYF	1	0.000176	1	0
CASSLDWINQDTQYF	1	0.000176	1	0
CASRPGLGQDTQYF	1	0.000176	1	0
CASGATGGGTEVFF	1	0.000176	1	0
CASSPTGNTLYF	1	0.000176	1	0
CASSDPGGRGAETLYF	1	0.000176	1	0
CTCRQRGEVFF	1	0.000176	1	0
CASSLGAGQNTLYF	2	0.000352	1	0
CASGGDWGGNQDTQYF	1	0.000176	1	0
CASSRTSQNTLYF	1	0.000176	1	0
CASGDWGASQDTQYF	1	0.000176	1	0
CASSRDNTGQLYF	2	0.000352	1	0
CASSIARGRNSPLYF	1	0.000176	1	0
CASSRQGAETLYF	1	0.000176	1	0
CASSEGGSGNTLYF	1	0.000176	1	0
CASSQAPPNLSNERLFF	1	0.000176	1	0
CASSLDSAETLYF	1	0.000176	1	0
CASSIGGLSQNTLYF	1	0.000176	1	0
CASSRQGQDTQYF	1	0.000176	1	0
CASSRDWGGGQDTQYF	1	0.000176	1	0
CAWSLTGGAGNQAPLF	1	0.000176	1	0
CASSLWVQDTQYF	1	0.000176	1	0
CAWSLGDANTGQLYF	1	0.000176	1	0
CASSHTGAGNSPLYF	1	0.000176	1	0
CAWSLGQGNQDTQYF	1	0.000176	1	0
CASSASYNSPLYF	1	0.000176	3	0.000463
CTCSAAPGTINNQAPLF	1	0.000176	1	0
CASSLDGQNTLYF	1	0.000176	1	0
CASRRLGGQDTQYF	1	0.000176	1	0
CASSFRGTNTGQLYF	1	0.000176	1	0
CASSPDWASAETLYF	1	0.000176	1	0
CASSLGTGQNTLYF	1	0.000176	1	0
CASSLTGLPLYF	1	0.000176	1	0
CASTSGQQNTLYF	1	0.000176	1	0
CASSQDWGDQNTLYF	1	0.000176	1	0
CASSLTDNSPLYF	1	0.000176	1	0
CASSQDHSQNTLYF	1	0.000176	1	0
CASSYRGRQNTLYF	1	0.000176	1	0
CASSRQGDQNTLYF	1	0.000176	1	0
CASGDAQWGVNSPLYF	1	0.000176	1	0
CASSFLRDRANSDYTF	1	0.000176	1	0
CTCSAERGRTEVFF	1	0.000176	1	0
CASSADRGRGNTLYF	1	0.000176	1	0
CASGDRNSYNSPLYF	1	0.000176	1	0
CASKQGANTEVFF	1	0.000176	1	0
CTCSADGAGGENTLYF	1	0.000176	1	0
CTCSASGTANTEVFF	1	0.000176	1	0
CASSFQQQDTQYF	1	0.000176	1	0
CASSRRDWGVTLYF	1	0.000176	1	0
CASSPGWGGNQDTQYF	1	0.000176	1	0
CASSDAGNTEVFF	1	0.000176	1	0
CASSLEGTGKVFF	1	0.000176	1	0
CAWSLRGSQNTLYF	1	0.000176	1	0
CASSQGGQDTQYF	1	0.000176	1	0
CASSLDNNSPLYF	1	0.000176	1	0
CTCSAEGRAETLYF	1	0.000176	1	0
CASSQNTEVFF	1	0.000176	1	0
CAWTGSQNTLYF	1	0.000176	1	0
CASGDAWDWGYAEQFF	1	0.000176	1	0
CASSLQGANTEVFF	1	0.000176	2	0.000309
CASSLGTGGQDTQYF	1	0.000176	1	0
CTCSAVGPHTEVFF	1	0.000176	1	0
CASSEGQNSYNSPLYF	1	0.000176	1	0
CASSDEVTAYNSPLYF	1	0.000176	1	0
CASSQDTEVFF	1	0.000176	2	0.000308
CASSPRTGEENTEVFF	1	0.000176	1	0
CASGDTNTEVFF	1	0.000176	1	0
CASSLGQKNTLYF	1	0.000176	1	0
CASSSRDWGGGGQDTQYF	1	0.000176	1	0
CASSSFNQDTQYF	1	0.000176	1	0
CTCSAPTGSNTEVFF	1	0.000176	1	0
CASSLGQGETEVFF	1	0.000176	1	0
CAWSLNRGSQNTLYF	1	0.000176	1	0
CASSRRDWGVQDTQYF	1	0.000176	1	0
CTCSAPNTEVFF	1	0.000176	1	0
CTCSRGTANTEVFF	1	0.000176	1	0
CASSIQANTEVFF	1	0.000176	1	0
CASSFRDWGGKDTQYF	1	0.000176	1	0
CASSSTNTEVFF	1	0.000176	1	0.000154
CTCSAEDSYNSPLYF	1	0.000176	1	0
CASSIGQGNTEVFF	1	0.000176	1	0
CASSPGTANSDYTF	1	0.000176	1	0
CASSQDPWGGSQNTLYF	1	0.000176	1	0
CASSGGDSSEVFF	1	0.000176	1	0
CASSQDTGGDTQYF	1	0.000176	1	0
CASGDAQNYNSPLYF	1	0.000176	1	0
CTCSAERTEVFF	1	0.000176	4	0.000618
CSSSPATGNTEVFF	1	0.000176	1	0
CASSQDQGAANSDYTF	1	0.000176	1	0
CASSQDGSSQNTLYF	1	0.000176	1	0
CASSQEWGFNQDTQYF	2	0.000352	1	0
CASSPGQGVTTEVFF	1	0.000176	1	0
CASSTGTYTEVFF	1	0.000176	1	0
CASSQSEGDTEVFF	1	0.000176	1	0
CASSLEGPNTLYF	1	0.000176	1	0
CASSPQNTLYF	1	0.000176	1	0
CASSYDRGWGAETLYF	1	0.000176	1	0
CASSQEGTGGWDTEVFF	1	0.000176	1	0
CASSLGHNQNTLYF	1	0.000176	1	0
CVSSPTGGARDTQYF	1	0.000176	1	0
CASSGTGGREQYF	1	0.000176	1	0
CASSQDGTNTEVFF	1	0.000176	1	0
CASGDAGVSQNTLYF	1	0.000176	1	0
CASSQEGDNSPLYF	1	0.000176	1	0
CASSDATGNNYAEQFF	1	0.000176	1	0
CASSPIQGGTEVFF	1	0.000176	1	0
CASSQDSTDTEVFF	1	0.000176	1	0
CASSDGTTNTEVFF	1	0.000176	1	0
CASSLGLGGLSQNTLYF	1	0.000176	1	0
WGGVSNERLFF	1	0.000176	1	0
CASSLAGEGAEQFF	1	0.000176	1	0
CASSDRAEVFF	1	0.000176	1	0
CASGDPGGGTEVFF	1	0.000176	1	0
CASSLQNTEVFF	1	0.000176	1	0.000154
TGHHMQPNTEVFF	1	0.000176	1	0
CASSRDWGGQNTLYF	1	0.000176	1	0
CASSQDRNSPLYF	1	0.000176	1	0
CASSRVRANTEVFF	1	0.000176	1	0
CASSPQGPEVFF	1	0.000176	1	0
CASGDRAGTEVFF	1	0.000176	1	0
CASSQGTEVFF	1	0.000176	1	0
CASSLDIANTEVFF	1	0.000176	1	0
CAWSLDSANTEVFF	1	0.000176	1	0
CASSLRQGAQQDTQYF	1	0.000176	1	0
CTCSAVGSQDTQYF	1	0.000176	1	0
CASSPTGDQDTQYF	1	0.000176	1	0
CASSQDRVVFF	1	0.000176	1	0
CASSRDRHTEVFF	1	0.000176	1	0
CASSDAQKNTEVFF	1	0.000176	1	0
CASGDNWGGGDTQYF	1	0.000176	1	0
CASSQEGGAGDTQYF	1	0.000176	1	0
CASGDNYNSPLYF	1	0.000176	1	0
CAQRRGADTEVFF	1	0.000176	1	0
CGASQNTEVFF	1	0.000176	1	0
CASSRQGRSYNSPLYF	1	0.000176	1	0
CASSPRRDTEVFF	1	0.000176	1	0
CASSFDGANTEVFF	1	0.000176	1	0
CASSTSYSANTEVFF	1	0.000176	1	0
CASGGDWGYSQNTLYF	1	0.000176	1	0
CASSSSGLGGDYEQYF	1	0.000176	1	0
GGGNYAEQFF	1	0.000176	1	0
CAWEGEVFF	1	0.000176	1	0
CASSLSTGEVFF	1	0.000176	1	0
CASSLRDANTEVFF	1	0.000176	1	0
CASSQDAGPSQNTLYF	1	0.000176	1	0
CASSLQLGGGDTQYF	1	0.000176	1	0
CSSRGRDTQYF	1	0.000176	1	0
CASSYLGVNQDTQYF	1	0.000176	1	0
CAWSPGPGRNSPLYF	1	0.000176	1	0
CAWSLGGASAETLYF	1	0.000176	1	0
CASSSEGQVFF	1	0.000176	1	0
CASSDTNTEVFF	1	0.000176	1	0
CASSGTDQDTQYF	1	0.000176	1	0
CASSPRDKSYEQYF	1	0.000176	1	0
CASSQDAGASYEQYF	1	0.000176	1	0
CASGDAVQDYNSPLYF	1	0.000176	1	0
CASSLYEGGANERLFF	1	0.000176	1	0
CASSLGRGGTEVFF	1	0.000176	1	0
CASSPQGHANTEVFF	1	0.000176	1	0
CASGAWGFEQYF	1	0.000176	1	0
CASSDARLESSYEQYF	1	0.000176	1	0
VPAAKTQGAGEQYF	1	0.000176	1	0
VPAVSRGEQYF	1	0.000176	1	0
CTCSAGGRGQLYF	1	0.000176	1	0
CASGDGGGPSTGQLYF	1	0.000176	1	0
CASSDPGGGNTGQLYF	1	0.000176	1	0
CASSKTGGNSPLYF	1	0.000176	1	0
CASSLGGGSGNTLYF	1	0.000176	1	0
CASSQVQGHTEVFF	1	0.000176	1	0
CTCSAAGRGNTEVFF	1	0.000176	1	0
CASGDEGGRRSDYTF	1	0.000176	1	0
CASSSTGSQNTLYF	1	0.000176	1	0
CASSLLGQGADTQYF	1	0.000176	1	0
CASSYGLGGPDTQYF	1	0.000176	1	0
CTCSAQISNERLFF	1	0	722	0.111504031
CASSPGPYYEQYF	1	0	233	0.035984556
CASSPGTNANSDYTF	1	0	211	0.032585552
CAWSLLGAGSDYTF	1	0	67	0.01034749
CASSRDNYEQYF	1	0	60	0.009266409
CASSQDGWGAYEQYF	1	0	58	0.008957529
CASGTGEASDYTF	1	0	60	0.009265089
CASSLVGSAETLYF	1	0	55	0.008494208
CASGGQNSDYTF	1	0	53	0.008184008
CASSQAQGNNQAPLF	1	0	44	0.006795367
CASSLDTLYF	1	0	37	0.005714286
CTCSASTGGYYEQYF	1	0	36	0.005559846
CASSLFQDYEQYF	1	0	34	0.005250965
CAWSPDWGNTGQLYF	1	0	34	0.005250965
CASRGRDYAEQFF	1	0	32	0.004942085
CASSLRDWAYEQYF	1	0	32	0.004942085
CASSQGQGLNERLFF	1	0	31	0.004787645
CASSQDWGVEQYF	1	0	31	0.004787645
CTCSAGLYAEQFF	1	0	29	0.004478324
CASGVPWGASGNTLYF	1	0	26	0.004015444
CASGVSAETLYF	1	0	26	0.004015444
CASSQARGRNYAEQFF	1	0	27	0.004169444
CASSFDNSDYTF	1	0	26	0.004015444
CASSQGQDTEVFF	1	0	26	0.004015444
CASGASIYEQYF	1	0	25	0.003861004
CASSAGLGGGTLYF	1	0	25	0.003861004
CASSQVGYEQYF	1	0	24	0.003706564
CASGRLGGANTGQLYF	1	0	24	0.003706564
CASSLFQLGGLDTQYF	1	0	22	0.003397683
CASSESISQNTLYF	1	0	22	0.003397683
CASSRGAGNTLYF	1	0	22	0.003397683
CASSPWDRDYAEQFF	1	0	22	0.003397683
CASSQDPGGGNTLYF	1	0	22	0.003397683
CASKGQYAEQFF	1	0	21	0.003243243
CGARPDRGAPLF	1	0	21	0.003243243
CGARATGQLYF	1	0	20	0.003088803
CASSQLGSSYEQYF	1	0	19	0.002934363
CASSRWGGSYEQYF	1	0	18	0.002779923
CASGEFGGGYAEQFF	1	0	18	0.002779923
CASSQDLGLGKDTQYF	1	0	18	0.002779923
CASSPWGGYEQYF	1	0	18	0.002779923
CASSPDRGLEQYF	1	0	18	0.002779923
CASSLEGLGYAEQFF	1	0	17	0.002625483
CASRKGYNNQAPLF	1	0	17	0.002625483
CASGARGNSDYTF	1	0	16	0.002471042
CTCSAGTGDLEQYF	1	0	16	0.002471042
CTCSAVAWGGSQNTLYF	1	0	16	0.002471042
CASSQEGQGDERLFF	1	0	15	0.002316602
CASSRDRANERLFF	1	0	16	0.002470602
CASSQTGDERLFF	1	0	25	0.003860563
CASSRLGAGEQYF	1	0	15	0.002316602
CASSQDWGGMDEQYF	1	0	14	0.002162162
CASSEGVSGNTLYF	1	0	13	0.002007722
CGARDGGQSNERLFF	1	0	13	0.002007722
CASSTGNTLYF	1	0	12	0.001853282
CASSRGVFSDYTF	1	0	12	0.001853282
CASGDRAGTNERLFF	1	0	12	0.001853282
CASSQTGGANTGQLYF	1	0	12	0.001853282
CTCSAVGVSNERLFF	1	0	15	0.002316282
CASSPDKNTGQLYF	1	0	12	0.001853282
CASSLIGWHEQYF	1	0	12	0.001853282
CASRTANTEVFF	1	0	12	0.001853282
CTCSAGSQAPLF	1	0	11	0.001698842
CASNRDRDAEQFF	1	0	11	0.001698842
CASSFWGAETLYF	1	0	11	0.001698842
CASGASAETLYF	1	0	11	0.001698842
CTCSGQGWAETLYF	1	0	12	0.001852842
CASSQLENQDTQYF	1	0	11	0.001698842
CASSLNNQAPLF	1	0	11	0.001698842
CASSQAWGYEQYF	1	0	11	0.001698842
CASSQDHWGGYEQYF	1	0	10	0.001544402
CASGEVGGNTGQLYF	1	0	10	0.001544402
CASNSNSGNTLYF	1	0	10	0.001544402
CAWSLYRNYAEQFF	1	0	10	0.001544402
CASSGNNQDTQYF	1	0	10	0.001544402
CASSQDHNTGQLYF	1	0	10	0.001544402
CASSSDWNYAEQFF	1	0	10	0.001544402
CASAGLWETLYF	1	0	10	0.001544402
CASSLGDSYAEQFF	1	0	9	0.001389961
CASSQEVSQDTQYF	1	0	9	0.001389961
CSSSKPGQSSYEQYF	1	0	9	0.001389961
CASGVPDWAEQFF	1	0	10	0.001543961
CASSPGRKYAEQFF	1	0	9	0.001389961
CASSYNNNQAPLF	1	0	9	0.001389961
CASSIASSGNTLYF	1	0	9	0.001389961
CASSQEGWGGDTQYF	1	0	9	0.001389961
CASGPTGGALYEQYF	1	0	9	0.001389961
CTCSADRAEQYF	1	0	9	0.001389961
CASGEGGAPYEQYF	1	0	9	0.001389961
CASRGWGGTYEQYF	1	0	8	0.001235521
CASSLGQGGNTLYF	1	0	8	0.001235521
CASSDAGQGGERLFF	1	0	8	0.001235521
CASGDWGARAEQFF	1	0	8	0.001235521
CASSRDKGQIYEQYF	1	0	8	0.001235521
CASSGTGWAEQFF	1	0	9	0.001389521
CASRWGSSYEQYF	1	0	8	0.001235521
CASGDAGNTGQLYF	1	0	8	0.001235521
CTCSADMGARSNERLFF	1	0	8	0.001235521
CASSPLGYEQYF	1	0	8	0.001235521
CAWGLGDTGQLYF	1	0	8	0.001235521
CASSEHGNYAEQFF	1	0	8	0.001235521
CASSRLGGPQDTQYF	1	0	8	0.001235521
CASSIQSGNTLYF	1	0	8	0.001235521
CASSPDNYAEQFF	1	0	8	0.001235521
CGAREQFWAETLYF	1	0	8	0.001235521
CAWSPTGGVSAETLYF	1	0	8	0.001235521
CASSPLTGSSAETLYF	1	0	8	0.001235521
CASGELGADYAEQFF	1	0	9	0.001389521
CASSREQGGAEVFF	1	0	8	0.001235521
CTCSATGTGEQYF	1	0	8	0.001235521
CASSLSGLEQYF	1	0	7	0.001081081
CASSQGYGQAPLF	1	0	7	0.001081081
CASGVRDWYAEQFF	1	0	7	0.001081081
CASGDAQFF	1	0	7	0.001081081
CTCSASQGNSDYTF	1	0	7	0.001081081
CASSPTPSTYNNQAPLF	1	0	7	0.001081081
CTCSAEENTGQLYF	1	0	7	0.001081081
CASGPTGSYEQYF	1	0	7	0.001081081
CAWSTQGAYEQYF	1	0	7	0.001081081
CASSQELGGREQYF	1	0	7	0.001081081
CGARNFYEQYF	1	0	7	0.001081081
CASSLGQIAETLYF	1	0	7	0.001081081
CASSLVTEDTQYF	1	0	7	0.001081081
CAWSLGSGGAVEQYF	1	0	7	0.001081081
CASSPRTLYEQYF	1	0	7	0.001081081
CASSPTGGEQYF	1	0	7	0.001081081
CGARGQGGNTLYF	1	0	7	0.001081081
CGARQGAGGNTLYF	1	0	7	0.001081081
CASRDWGNYAEQFF	1	0	7	0.001081081
CASSPGTGANTGQLYF	1	0	7	0.001081081
CASSQDRQTGNTLYF	1	0	7	0.001081081
CASSGGGPLYF	1	0	6	0.000927
CASSQEWTGVYEQYF	1	0	7	0.001081
CASSRTGGWEQYF	1	0	6	0.000927
CASSRTIRSDYTF	1	0	6	0.000927
CASRDRGPTQYF	1	0	6	0.000927
CATGQLNYAEQFF	1	0	6	0.000927
CASSLYSYEQYF	1	0	6	0.000927
CASSFPGGSYEQYF	1	0	6	0.000927
CASSQEHSSYEQYF	1	0	7	0.001081
CASSARLGGLNQDTQYF	1	0	6	0.000927
CASSSYEQYF	1	0	8	0.001236
CASSLNWGYEQYF	1	0	6	0.000927
CASGRGYEQYF	1	0	6	0.000927
CASGLGLGGLEQYF	1	0	7	0.001081
CASSLGQQDTQYF	1	0	7	0.001081
CASSDAGSLTLYF	1	0	6	0.000927
CASSLGYSGNTLYF	1	0	6	0.000927
CASGLGNQDTQYF	1	0	6	0.000927
CASSQEGLGDYEQYF	1	0	6	0.000927
CASSDPRGASAETLYF	1	0	6	0.000927
CGARDRGLEQYF	1	0	6	0.000927
CASGEAGYTGQLYF	1	0	6	0.000927
CASSKQGARDTQYF	1	0	6	0.000927
CASSRNRGDEQFF	1	0	6	0.000927
CASSLGAQDTQYF	1	0	6	0.000927
CTCSAEGYEQYF	1	0	6	0.000927
CASSQGTANTGQLYF	1	0	6	0.000927
CASSLDWGEGTGQLYF	1	0	6	0.000927
CGASRQGANTEVFF	1	0	6	0.000927
CAWSRGQGFQAPLF	1	0	6	0.000927
CASSDRVEQYF	1	0	9	0.001389
CASGDAAGSSYEQYF	1	0	10	0.001544
CTCSAGGTGQLYF	1	0	5	0.000772
CASSIQLNQDTQYF	1	0	5	0.000772
CASRDWGEQNTLYF	1	0	5	0.000772
CASGDAGEGDTQYF	1	0	5	0.000772
CASSSANYAEQFF	1	0	5	0.000772
CASSQEWGNYAEQFF	1	0	5	0.000772
CASGEAQNERLFF	1	0	5	0.000772
CASSRDWGNYAEQFF	1	0	5	0.000772
CTCSAVGQSNERLFF	1	0	5	0.000772
CASSQEQGQNTLYF	1	0	5	0.000772
CASSRDWGVYEQYF	1	0	5	0.000772
CASGGQGDNSPLYF	1	0	5	0.000772
CTCSAGGNSPLYF	1	0	5	0.000772
CASSPPWGGYEQYF	1	0	5	0.000772
CASSLVWGKDTQYF	1	0	5	0.000772
CASSLPRAGNTLYF	1	0	5	0.000772
LCQQSVGAYEQYF	1	0	5	0.000772
CASSLTGGGGERLFF	1	0	5	0.000772
CGAEGQYEQYF	1	0	5	0.000772
CASGDAGQGWGQDTQYF	1	0	5	0.000772
CASKWGDQDTQYF	1	0	5	0.000772
CASSGGTGGAETLYF	1	0	5	0.000772
CASSPLGTAETLYF	1	0	5	0.000772
CASSLENWGGAEDTQYF	1	0	5	0.000772
CASSLEGADTQYF	1	0	5	0.000772
CASSQDWGGGSETLYF	1	0	5	0.000772
CAWGTGRAETLYF	1	0	5	0.000772
CASSLEGDTEVFF	1	0	6	0.000926
CASSPGQHYEQYF	1	0	5	0.000772
CASSRQINNQAPLF	1	0	4	0.000618
CTCSAGGETNERLFF	1	0	4	0.000618
CASSHRDTQYF	1	0	4	0.000618
CASSDVDRYAEQFF	1	0	4	0.000618
CASSLLGTSAETLYF	1	0	5	0.000772
CASSLEGGADEQYF	1	0	4	0.000618
CGARHGAETLYF	1	0	4	0.000618
CASGDPNERLFF	1	0	4	0.000618
CASSPDINTGQLYF	1	0	4	0.000618
CASSRDWGGGYEQYF	1	0	4	0.000618
CASSLVAGNSDYTF	1	0	5	0.000772
CASSRRDRGRAETLYF	1	0	4	0.000618
CAWSPTGGAGAEQFF	1	0	4	0.000618
CASRDRGYGNTLYF	1	0	4	0.000618
CASSQDGGWGAETLYF	1	0	4	0.000618
CASSLYWGSQNTLYF	1	0	4	0.000618
CASSQDRTYEQYF	1	0	4	0.000618
CASSQGAGGEAPLF	1	0	4	0.000618
CASSWQKDTQYF	1	0	4	0.000618
CASSLGDSDYTF	1	0	5	0.000772
CASSRWGERDTLYF	1	0	4	0.000618
CASSIWSGTGNTLYF	1	0	4	0.000618
CASSLPNSGNTLYF	1	0	4	0.000618
CASSTSGTGGTYEQYF	1	0	4	0.000618
CAWSLDRGQNTLYF	1	0	4	0.000618
CASSQRDWGDTQYF	1	0	4	0.000618
CASSGGGTLYF	1	0	4	0.000618
CASSLEGAPGNTLYF	1	0	4	0.000618
CASRRQGADTLYF	1	0	4	0.000618
CASGHRTQYF	1	0	4	0.000618
CAWSPTGKNTEVFF	1	0	4	0.000618
CASSDGGQLYEQYF	1	0	4	0.000618
CASGDRLGGSSYEQYF	1	0	3	0.000463
CASSLQLEQYF	1	0	3	0.000463
CASSWTSYEQYF	1	0	3	0.000463
CASTLNYAEQFF	1	0	3	0.000463
CASSITQDTQYF	1	0	3	0.000463
CASGDASGGAYEQYF	1	0	3	0.000463
CTCSADHNYEQYF	1	0	3	0.000463
CASRGGRSYAEQFF	1	0	3	0.000463
CASGGLRQGWDERLFF	1	0	3	0.000463
CASSLTTNSDYTF	1	0	3	0.000463
CASSLAANSDYTF	1	0	4	0.000617
CASSQEWSNQAPLF	1	0	3	0.000463
CASSPGGREQYF	1	0	3	0.000463
CASSPSDWGDEQYF	1	0	3	0.000463
CASSLGPEYEQYF	1	0	3	0.000463
CASSLRDSYEQYF	1	0	3	0.000463
CASSSTDSDYTF	1	0	3	0.000463
CASAGDYAEQFF	1	0	3	0.000463
CASSPEYNSPLYF	1	0	3	0.000463
CASSSTGGHTGQLYF	1	0	3	0.000463
CASSPGTGADTQYF	1	0	3	0.000463
CASGEENTLYF	1	0	3	0.000463
CTCSAVAGGTETLYF	1	0	3	0.000463
CASSENYAEQFF	1	0	3	0.000463
CASSQQGPDTQYF	1	0	3	0.000463
CASSLANSDYTF	1	0	3	0.000463
CASSSDWGGYAEQFF	1	0	3	0.000463
CASSLSQGANSDYTF	1	0	3	0.000463
CASSLTGIAEQFF	1	0	3	0.000463
CASSQEPSQNTLYF	1	0	3	0.000463
CASRTANTGQLYF	1	0	3	0.000463
CASSLQQDTQYF	1	0	3	0.000463
CGARDRRGLAETLYF	1	0	3	0.000463
CASSIWDNQNTLYF	1	0	3	0.000463
CASGGTTSAETLYF	1	0	3	0.000463
CASSQTGSNERLFF	1	0	4	0.000617
CASSGTGVAETLYF	1	0	3	0.000463
CASSRGGAGEQYF	1	0	3	0.000463
CASSLVGGPSAETLYF	1	0	3	0.000463
CASSQGQGAGNQAPLF	1	0	3	0.000463
CTCSTGDNSPLYF	1	0	3	0.000463
CASSWDISAETLYF	1	0	3	0.000463
CASSRQGVAEQFF	1	0	3	0.000463
CASSQEPGYAEQFF	1	0	3	0.000463
CGAKQGEDTLYF	1	0	3	0.000463
CAWSLHRGQDTQYF	1	0	3	0.000463
CAWGDSNERLFF	1	0	3	0.000463
CASSQKSSAETLYF	1	0	3	0.000463
CASSLWGGKSAETLYF	1	0	3	0.000463
CASGDRNTLYF	1	0	3	0.000463
CASRVQGADTQYF	1	0	3	0.000463
CASSLGLYAEQFF	1	0	4	0.000617
CGARGQNTLYF	1	0	3	0.000463
CASSQTGGDTQYF	1	0	4	0.000617
CASGDTGGAETLYF	1	0	3	0.000463
CASSRLGFNQDTQYF	1	0	3	0.000463
CASSPPVGGDAETLYF	1	0	3	0.000463
CASGRTGGNSPLYF	1	0	3	0.000463
CASSPSGLASAETLYF	1	0	3	0.000463
CASGGTANTGQLYF	1	0	3	0.000463
CASSRQIQDTQYF	1	0	3	0.000463
CASSDGLGDEQYF	1	0	3	0.000463
CAWSPQDRGNTGQLYF	1	0	3	0.000463
CASTSDWGGDQNTLYF	1	0	3	0.000463
CASSPLQGSNTEVFF	1	0	3	0.000463
CASSDWTQEVFF	1	0	3	0.000463
CATLDRGLVFF	1	0	3	0.000463
CSSSQSWTGKTEVFF	1	0	3	0.000463
CASSLPGDTEVFF	1	0	3	0.000463
CASSQDWGGARQNTLYF	1	0	3	0.000463
CASSLALGAAEQFF	1	0	3	0.000463
CGAREINTEVFF	1	0	3	0.000463
CASSLDTNTEVFF	1	0	3	0.000463
CASGAWTVEVFF	1	0	3	0.000463
CASSQDPGNTEVFF	1	0	4	0.000617
CTCSAYAEQFF	1	0	3	0.000463
CASKTANSDYTF	1	0	3	0.000463
CASSIGSYEQYF	1	0	3	0.000463
CASSDANSDYTF	1	0	3	0.000463
CASSEDRGEQYF	1	0	3	0.000463
CASSPRVEQYF	1	0	3	0.000463
CSSSQSAEQFF	1	0	3	0.000463
CASSDPGPSSYEQYF	1	0	3	0.000463
CSSSDSFSYEQYF	1	0	3	0.000463
CASRRGAVQDTQYF	1	0	3	0.000463
CGARGGYEQYF	1	0	3	0.000463
CASSLRDWGFYEQYF	1	0	5	0.000772
CASSFRQGSNERLFF	1	0	3	0.000463
CASRTGLYEQYF	1	0	2	0.000309
CASSDRALYEQYF	1	0	2	0.000309
CTCSADLTGYEQYF	1	0	2	0.000309
CASRTGYEQYF	1	0	2	0.000309
CASSFSYEQYF	1	0	2	0.000309
CASSRGGLEQYF	1	0	2	0.000309
CASGDWYEQYF	1	0	2	0.000309
CASSDGWGGNYEQYF	1	0	2	0.000309
CASSWGGAYEQYF	1	0	2	0.000309
CASGDPRWGYEQYF	1	0	2	0.000309
CASEWGVEQYF	1	0	3	0.000463
CASSFDRGREQYF	1	0	2	0.000309
CASSELGGSSYEQYF	1	0	2	0.000309
CASATGGYEQYF	1	0	2	0.000309
CASGPREQYF	1	0	2	0.000309
CASSRDWGGSDEQYF	1	0	2	0.000309
CASSIGNSDYTF	1	0	2	0.000309
CASGGLGGNYEQYF	1	0	2	0.000309
CASSITGNEQYF	1	0	2	0.000309
CASSEGDYEQYF	1	0	2	0.000309
CASSFGWGSYEQYF	1	0	2	0.000309
CASGAQGLGAYEQYF	1	0	2	0.000309
CASSLFTGGNTGQLYF	1	0	2	0.000309
CASSRRIGGWEQYF	1	0	2	0.000309
CASGGLGLYEQYF	1	0	2	0.000309
CASGEYSSYEQYF	1	0	2	0.000309
CASSQGSGNTLYF	1	0	2	0.000309
CASKVGWGVSSYEQYF	1	0	2	0.000309
CGSARAERLFF	1	0	2	0.000309
CASSVMGGISYEQYF	1	0	2	0.000309
CASGDAGGTYEQYF	1	0	2	0.000309
CASSLEDWGGGYEQYF	1	0	2	0.000309
CASSGDSSYEQYF	1	0	2	0.000309
CASSDAYWVEQYF	1	0	2	0.000309
CASSIGGSERLFF	1	0	2	0.000309
CASSDAGQTISNERLFF	1	0	2	0.000309
CASSDAGQGGDEQYF	1	0	2	0.000309
CASSDRGASYEQYF	1	0	2	0.000309
CASSDNYEQYF	1	0	3	0.000463
CASSVGAENERLFF	1	0	2	0.000309
CASSIRDWGGYEQYF	1	0	2	0.000309
CGARDHGGANSDYTF	1	0	2	0.000309
CTCSFTGGPYEQYF	1	0	2	0.000309
CASGDMGGEYAEQFF	1	0	2	0.000309
CASSLSSYEQYF	1	0	2	0.000309
CASSSGTGVYEQYF	1	0	2	0.000309
CARDNSGNTLYF	1	0	2	0.000309
CASSPGLGGRQYF	1	0	2	0.000309
CASSPWTGGNERLFF	1	0	2	0.000309
CASGDHSSGNTLYF	1	0	2	0.000309
CASSDVRDSYAEQFF	1	0	2	0.000309
CASSIFQGAGNTLYF	1	0	2	0.000309
CASSRLGENTGQLYF	1	0	2	0.000309
CASSHFYEQYF	1	0	2	0.000309
CASSQAGDYEQYF	1	0	2	0.000309
CASRGQSSYEQYF	1	0	2	0.000309
CASRDFAEQFF	1	0	2	0.000309
CTCSAATGFNYAEQFF	1	0	2	0.000309
CASGAWGGYEQYF	1	0	2	0.000309
CASSGGGGLEQYF	1	0	2	0.000309
CASSQEVTGGYEQYF	1	0	2	0.000309
CASSPWGYEQYF	1	0	2	0.000309
CASSPGGGAEQFF	1	0	2	0.000309
CASSFWTGVSYEQYF	1	0	2	0.000309
CASSQEGYSYEQYF	1	0	2	0.000309
CASSYTTNSDYTF	1	0	2	0.000309
CGASADSGNTLYF	1	0	2	0.000309
CASSAGQGNSDYTF	1	0	2	0.000309
CASSSGLGGSSYEQYF	1	0	2	0.000309
CGASLRNTGQLYF	1	0	2	0.000309
CASSDAGGGNERLFF	1	0	2	0.000309
CASSIGGTGGYAEQFF	1	0	2	0.000309
CASSTQGANSDYTF	1	0	2	0.000309
CASSDGGQTFSNERLFF	1	0	2	0.000309
CASSLATVNYAEQFF	1	0	2	0.000309
CASSQEDWGGYEQYF	1	0	2	0.000309
CASGARGGSYEQYF	1	0	2	0.000309
CAWSLANQAPLF	1	0	2	0.000309
CASSPGEAEQFF	1	0	2	0.000309
CASSLGFYEQYF	1	0	2	0.000309
CASSDLGYEQYF	1	0	2	0.000309
CASRPQAPLF	1	0	2	0.000309
CASSLSHYQAPLF	1	0	2	0.000309
CASSQEWTGDQAPLF	1	0	2	0.000309
CASGFRDRGTGNTLYF	1	0	2	0.000309
CASSAYWVSSYEQYF	1	0	2	0.000309
CASSQDWGPSYEQYF	1	0	2	0.000309
CTCSARDSYEQYF	1	0	2	0.000309
CASSFLGGYEQYF	1	0	2	0.000309
CASSDWVYEQYF	1	0	2	0.000309
CASSQDSWGHYEQYF	1	0	2	0.000309
CASSRQSNERLFF	1	0	2	0.000309
CASSLGISGNTLYF	1	0	2	0.000309
CASSLGGQGYEQYF	1	0	2	0.000309
CASGDARTGVLSSYEQYF	1	0	2	0.000309
CASGASDRVHQAPLF	1	0	2	0.000309
CASSRRDWGVEQYF	1	0	2	0.000309
CGARGTGGNERLFF	1	0	2	0.000309
CASSFTANSDYTF	1	0	2	0.000309
CASSQGLGGPEQYF	1	0	2	0.000309
CASSPGLGGPYEQYF	1	0	2	0.000309
CASGGTVNERLFF	1	0	2	0.000309
CASSPGTGFYEQYF	1	0	2	0.000309
CASSLGPNQAPLF	1	0	2	0.000309
CASSDAPPGNYAEQFF	1	0	2	0.000309
CASSQDGFSNERLFF	1	0	2	0.000309
CASSLFTGQLYF	1	0	2	0.000309
CASGANSDYTF	1	0	2	0.000309
CASKLGGSAETLYF	1	0	2	0.000309
CASSLVGLGGREQYF	1	0	2	0.000309
CASSLVAYEQYF	1	0	2	0.000309
CASSYDSGNTLYF	1	0	2	0.000309
CASSTGTANQAPLF	1	0	2	0.000309
CGARQGARGNTLYF	1	0	2	0.000309
CASSRRGYYEQYF	1	0	2	0.000309
CAWSSGLGGAYEQYF	1	0	2	0.000309
LCQQLTINNQAPLF	1	0	2	0.000309
CASSQGGNTLYF	1	0	2	0.000309
CASSLAGYEQYF	1	0	2	0.000309
CASSQTGGSYEQYF	1	0	2	0.000309
CAWVRDRAQAPLF	1	0	2	0.000309
CASSRDRDSDYTF	1	0	2	0.000309
CASSLGTANSDYTF	1	0	2	0.000309
CASSSPGQGYAEQFF	1	0	2	0.000309
CASSQDGRNSGNTLYF	1	0	2	0.000309
CASGPGQGAETLYF	1	0	2	0.000309
CASSQKGAGNTLYF	1	0	2	0.000309
CASSPDWGTGQLYF	1	0	2	0.000309
CASSFGSNERLFF	1	0	2	0.000309
CASSLDWGGYEQYF	1	0	2	0.000309
CASSQDHTGQLYF	1	0	2	0.000309
CASSPRPGTGSGNTLYF	1	0	2	0.000309
CASSLEWGANYAEQFF	1	0	2	0.000309
CASSQVGAGEQYF	1	0	2	0.000309
CASSPGQYEQYF	1	0	6	0.000926
CASSQDNSGNTLYF	1	0	2	0.000309
CASSQRDTQYF	1	0	2	0.000309
CASSGDIYAEQFF	1	0	2	0.000309
CAWSLDLNTGQLYF	1	0	2	0.000309
CASSLRRSDYTF	1	0	2	0.000309
CASSPGLGGREQYF	1	0	2	0.000309
CASSSDWGTYEQYF	1	0	2	0.000309
CASSLGRLSGNTLYF	1	0	2	0.000309
CASRWLSGNTLYF	1	0	2	0.000309
CASSRGGASTGQLYF	1	0	2	0.000309
CASSPQGANSDYTF	1	0	2	0.000309
CASSLEGQKDTQYF	1	0	2	0.000309
CASSRGHSDYTF	1	0	2	0.000309
CASSMTGAGNTLYF	1	0	2	0.000309
CASSGRDRGYAEQFF	1	0	2	0.000309
CASSSGLGAYEQYF	1	0	3	0.000463
CASSLVPGWAEQFF	1	0	2	0.000309
CASSLARLANSDYTF	1	0	2	0.000309
CASGGTGGDYAEQFF	1	0	2	0.000309
CASSRDGQNTLYF	1	0	2	0.000309
CTCSADQGRGSPLYF	1	0	3	0.000463
CASSSGQNSPLYF	1	0	2	0.000309
CASSHPGSQDTQYF	1	0	2	0.000309
CASKGASAETLYF	1	0	2	0.000309
CASGVVDRGNTLYF	1	0	2	0.000309
CASSFTFNQDTQYF	1	0	2	0.000309
CASSFWGRSTEVFF	1	0	2	0.000309
CASSQVSYNSPLYF	1	0	2	0.000309
CASSPDRGRGTEVFF	1	0	2	0.000309
CASANDISYNSPLYF	1	0	2	0.000309
CAWSNWGGSAETLYF	1	0	2	0.000309
CASSQEGDTQYF	1	0	2	0.000309
CASSQTGDQDTQYF	1	0	2	0.000309
CASSPTGGAQDTQYF	1	0	2	0.000309
CASSAWGEDTQYF	1	0	2	0.000309
CASSSRVDTEVFF	1	0	2	0.000309
CASSPDWGENTLYF	1	0	2	0.000309
CTCSAGGAYNSPLYF	1	0	2	0.000309
CASSWDNTEVFF	1	0	2	0.000309
CANPSPEPTEVFF	1	0	2	0.000309
CASSLQGAETLYF	1	0	3	0.000463
CASRSGTGSTEVFF	1	0	2	0.000309
CAWSPREVFF	1	0	2	0.000309
CGARLGANYAEQFF	1	0	2	0.000309
CASSLAGANTEVFF	1	0	2	0.000309
CASSPDTYTEVFF	1	0	2	0.000309
CASSLNNSPLYF	1	0	2	0.000309
CASSQPGQNTEVFF	1	0	2	0.000309
CASSTLLGVQDTQYF	1	0	2	0.000309
CASSQAGGDTEVFF	1	0	2	0.000309
CASGDGGAKVFF	1	0	2	0.000309
CSSRTGGQNTLYF	1	0	2	0.000309
CASGDLGGDNQDTQYF	1	0	2	0.000309
CASSQGTAEVFF	1	0	2	0.000309
CASGGEVFF	1	0	2	0.000309
CASGDAGTEVFF	1	0	2	0.000309
CASSLGTGGWEQYF	1	0	2	0.000309
CASSPDWGYEQYF	1	0	2	0.000309
CASSLEQYF	1	0	2	0.000309
CASSEGQKQYF	1	0	2	0.000309
CASSIGGWEQYF	1	0	2	0.000309
CASSPLGDSYEQYF	1	0	2	0.000309
CASRLGGREQYF	1	0	2	0.000309
CASGGLGAYEQYF	1	0	2	0.000309
CASGDDEQYF	1	0	2	0.000309
CASSMGRFSYEQYF	1	0	2	0.000309
CASSDGLGGREQYF	1	0	2	0.000309
CASSRAGGRLEQYF	1	0	2	0.000309
CSSSRTGDSYEQYF	1	0	2	0.000309
CASSIPGSGNTLYF	1	0	2	0.000309
CASSVGFNERLFF	1	0	2	0.000309
CASSLGQGSDYTF	1	0	2	0.000309
CSSSWTGGAREQYF	1	0	2	0.000309
CTCSAPGVSNERLFF	1	0	2	0.000309
CASSPRLGGQEQYF	1	0	2	0.000309
CASGGQGYEQYF	1	0	2	0.000309
CASGRDSSGNTLYF	1	0	2	0.000309
CARRLGGRYEQYF	1	0	2	0.000309
CTCSAGSSYEQYF	1	0	2	0.000309
CASGDSYEQYF	1	0	2	0.000309
CASGGGGGPYEQYF	1	0	2	0.000309
CASSYDWGAYEQYF	1	0	2	0.000309
CSSSTGTTNERLFF	1	0	2	0.000309
CASSQQGSYEQYF	1	0	2	0.000309
CASGDWGEQFF	1	0	2	0.000309
CASGDRSSYEQYF	1	0	2	0.000309
CASGGLGGLVEQYF	1	0	2	0.000309
CASGDASLGGSYEQYF	1	0	2	0.000309
CASSRVGYEQYF	1	0	2	0.000309
CTCSADRGEQYF	1	0	2	0.000309
CASSLRTGADEQYF	1	0	2	0.000309
CASSQSRQYEQYF	1	0	2	0.000309
CASSAQGQAPLF	1	0	2	0.000309
CASGEHGTPNSDYTF	1	0	2	0.000309
CASGSGTGVLSYEQYF	1	0	2	0.000309
CASSRQGDSDYTF	1	0	2	0.000309
CASRDNYEQYF	1	0	2	0.000309
CASSDGTGGSEQYF	1	0	2	0.000309
CASSQDREQYF	1	0	2	0.000309
CASSLFLGGRYEQYF	1	0	2	0.000309
CASSQETGGYEQYF	1	0	2	0.000309
CASSRGQGSAEQFF	1	0	2	0.000309
CASSDTGCEQYF	1	0	2	0.000309
CASSFSAETLYF	1	0	2	0.000309
CASGGSYEQYF	1	0	2	0.000309
CTCSGQGNSGNTLYF	1	0	2	0.000309
CASSLDKSQDTQYF	1	0	2	0.000309
CASLGSSYEQYF	1	0	2	0.000309
CASGGLGGYSYEQYF	1	0	3	0.000463
CASSIWGANEQYF	1	0	2	0.000309
CASSPTGGAYEQYF	1	0	2	0.000309
CASSPGQGAFEQYF	1	0	2	0.000309
CASSLRDRGGEQYF	1	0	2	0.000309
CASSPRQGNSDYTF	1	0	2	0.000309
CASSLDLGLGFYEQYF	1	0	2	0.000309
CASSLMGTGGTLYF	1	0	2	0.000309
CASSQELDWGYEQYF	1	0	2	0.000309
CASNWGVGEQYF	1	0	2	0.000309
CASSRDTNTGQLYF	1	0	2	0.000309
CASSLGGFEQYF	1	0	2	0.000309
CASSDPNSNERLFF	1	0	2	0.000309
CASSLYRDFSYEQYF	1	0	2	0.000309
CASSPDSYEQYF	1	0	2	0.000309
CASSDAQGGNTLYF	1	0	2	0.000309
CASSLGDRGREQYF	1	0	2	0.000309
CASSGGQGNSDYTF	1	0	2	0.000309
CASSPGGSSYEQYF	1	0	2	0.000309
CASSTGDEQYF	1	0	2	0.000309
CASSPGYEQYF	1	0	2	0.000309
CTCSATGGGAEQFF	1	0	2	0.000309
CASSERHANSDYTF	1	0	2	0.000309
CASSATGLEQYF	1	0	2	0.000309
CASSRQYSGNTLYF	1	0	2	0.000309
CASGGTGGSNERLFF	1	0	2	0.000309
CASSLAGTGGEQYF	1	0	2	0.000309
CASGGTGYERLFF	1	0	2	0.000309
CASSQNRQTYEQYF	1	0	2	0.000309
CASGDNNQAPLF	1	0	2	0.000309
CASGDAPGTNERLFF	1	0	2	0.000309
CASSQDGGGRSYEQYF	1	0	2	0.000309
CASSLEDRGYEQYF	1	0	2	0.000309
CASSDWEGNQAPLF	1	0	2	0.000309
CSSSSRGWPNERLFF	1	0	2	0.000309
CASGDARDDSDYTF	1	0	2	0.000309
CASSQEGDEQYF	1	0	2	0.000309
CTCSAARLGGGEQYF	1	0	2	0.000309
CASGDAGGSYEQYF	1	0	2	0.000309
CTCSDTGDEQYF	1	0	3	0.000463
CGARGDIYEQYF	1	0	2	0.000309
CASSWTGGAPPLEQYF	1	0	2	0.000309
CASGGGSSSYEQYF	1	0	2	0.000309
CGARETGYEQYF	1	0	2	0.000309
CASGRQTYEQYF	1	0	3	0.000463
CASSPTGTEQFF	1	0	2	0.000309
CASSDLGGYEQYF	1	0	2	0.000309
CASSQVTGGYEQYF	1	0	2	0.000309
CASSLEGQGYEQYF	1	0	2	0.000309
CASSAGFYEQYF	1	0	2	0.000309
CASGEGQADTGQLYF	1	0	2	0.000309
CASSQDNLYEQYF	1	0	2	0.000309
CASSPTGVYAEQFF	1	0	2	0.000309
CASSTGPANTGQLYF	1	0	2	0.000309
CASSPGTGGLEQYF	1	0	2	0.000309
CASGEDRISSYEQYF	1	0	2	0.000309
CASSQDSSGNTLYF	1	0	2	0.000309
CGASGQTSGNTLYF	1	0	2	0.000309
CASSDAWGDYAEQFF	1	0	2	0.000309
CASSLAPDWGVYEQYF	1	0	2	0.000309
CAYGTTISNERLFF	1	0	2	0.000309
CASGPLGQDTQYF	1	0	2	0.000309
LCQQSAGYEQYF	1	0	2	0.000309
CASSLQGSSYEQYF	1	0	2	0.000309
CASSQGDWGSYEQYF	1	0	2	0.000309
CASSLFGGLYAEQFF	1	0	2	0.000309
CASSQTGRGEQYF	1	0	2	0.000309
CASSQEQGDSDYTF	1	0	2	0.000309
CASSDWGAYAEQFF	1	0	2	0.000309
CGGQGETLYF	1	0	2	0.000309
CASGRTGGNTGQLYF	1	0	2	0.000309
CASSAGTGGVEQYF	1	0	2	0.000309
CASSLRDEQYF	1	0	2	0.000309
LCQQSGDRGGYAEQFF	1	0	2	0.000309
CASSPTGANSDYTF	1	0	2	0.000309
CASSPDCSYEQYF	1	0	2	0.000309
CASSLGTGGPSSYEQYF	1	0	2	0.000309
CGARGSDYTF	1	0	2	0.000309
CASSQGTDYEQYF	1	0	2	0.000309
CASSRLVYEQYF	1	0	2	0.000309
CASSLQYEQYF	1	0	2	0.000309
CASSLRDWENTGQLYF	1	0	2	0.000309
CASSLATYEQYF	1	0	2	0.000309
CASSRQGYEQYF	1	0	2	0.000309
CASSLYWGVYEQYF	1	0	2	0.000309
LCQQPRGFEQYF	1	0	2	0.000309
CASSALGNQDTQYF	1	0	2	0.000309
CASSLSDKPSAETLYF	1	0	2	0.000309
CASSLKVYEQYF	1	0	2	0.000309
CASSPHWVSSYEQYF	1	0	3	0.000463
CAWSLVTGGYEQYF	1	0	2	0.000309
CASSFGLGEQYF	1	0	2	0.000309
CASPLGGSYEQYF	1	0	2	0.000309
CASSHWGGDQDTQYF	1	0	2	0.000309
CASSSTGSTGQLYF	1	0	2	0.000309
CSSREGTGAYEQYF	1	0	2	0.000309
CASGQISNERLFF	1	0	1	0.000154
CASRAGTGVANERLFF	1	0	1	0.000154
CASSDWGAGAERLFF	1	0	1	0.000154
CASSIRTGGEQYF	1	0	1	0.000154
CSSSRGSGNTLYF	1	0	1	0.000154
CASSFGGSDYTF	1	0	1	0.000154
CASSDATYSGNTLYF	1	0	1	0.000154
CASSILRDRAGERLFF	1	0	1	0.000154
CASSIGVISNERLFF	1	0	1	0.000154
CASSVGTYQAPLF	1	0	1	0.000154
CASSSSGGAGTGQLYF	1	0	1	0.000154
CASSIGVSGNTLYF	1	0	1	0.000154
CASSFRERTGQLYF	1	0	1	0.000154
CASRMGADAEQFF	1	0	1	0.000154
CASSDRRGREQYF	1	0	1	0.000154
CASSRRDSSYEQYF	1	0	1	0.000154
CASSRDWGSYEQYF	1	0	1	0.000154
CASSDASNSDYTF	1	0	1	0.000154
CASAGTINERLFF	1	0	1	0.000154
CASSDRDTANSDYTF	1	0	1	0.000154
CASSRDRAGQAPLF	1	0	1	0.000154
CATNWGVEQYF	1	0	1	0.000154
CASGAVYEQYF	1	0	1	0.000154
CASSLDRGREQYF	1	0	1	0.000154
CASSQAPQYEQYF	1	0	1	0.000154
CASSSGLGGRRTGQLYF	1	0	1	0.000154
CASGGPGQGHEQYF	1	0	1	0.000154
CASSSTGGTYEQYF	1	0	1	0.000154
CASGDGFSNERLFF	1	0	1	0.000154
CASSQDGTGPYEQYF	1	0	1	0.000154
CASAPGDGNTLYF	1	0	1	0.000154
CASSDGVNYAEQFF	1	0	1	0.000154
CASGGTGDERLFF	1	0	1	0.000154
CASSLGGALAEQFF	1	0	1	0.000154
CSSSPDWGFSYEQYF	1	0	1	0.000154
CASSFANQAPLF	1	0	1	0.000154
CASSPDWGGEQYF	1	0	1	0.000154
CASSRRDWIYEQYF	1	0	1	0.000154
CASSGTANSDYTF	1	0	1	0.000154
CASGDALGLGANYAEQFF	1	0	1	0.000154
CASSTLNTGQLYF	1	0	1	0.000154
CAGRRGGSYEQYF	1	0	1	0.000154
CASSGTRGEQYF	1	0	1	0.000154
CASSLVGTDSDYTF	1	0	1	0.000154
CTCSAVGNTGQLYF	1	0	1	0.000154
CAIRPISNERLFF	1	0	1	0.000154
CASSRLGGRDEQYF	1	0	1	0.000154
CASPAGGAPGTGQLYF	1	0	1	0.000154
CTTRGSGNTLYF	1	0	1	0.000154
CASSVSGAGNTLYF	1	0	1	0.000154
CASRNRAANSDYTF	1	0	1	0.000154
CASSDRGLEQYF	1	0	1	0.000154
CASGGTGGRTGQLYF	1	0	1	0.000154
CASSIYWGGSYEQYF	1	0	1	0.000154
CASSQEGTGGSDYTF	1	0	1	0.000154
CASGLRGRSDYTF	1	0	1	0.000154
CASKQGRDEQYF	1	0	1	0.000154
CASSWTGGAGEQYF	1	0	1	0.000154
CASSLDRAGGAEQFF	1	0	1	0.000154
CASSLRTGGYEQYF	1	0	1	0.000154
CASSFWDNYAEQFF	1	0	1	0.000154
CASTGQGHERLFF	1	0	1	0.000154
CASSLGWEQYF	1	0	1	0.000154
CASSIPFSNERLFF	1	0	1	0.000154
CTCSADGWGSYEQYF	1	0	1	0.000154
CASSRRQGANSPLYF	1	0	1	0.000154
CASTVRNTGQLYF	1	0	1	0.000154
CASGDAGANTGQLYF	1	0	1	0.000154
CASSIEVRNSDYTF	1	0	1	0.000154
CASSATGSYEQYF	1	0	1	0.000154
CASSREDWGETGQLYF	1	0	1	0.000154
CGARGGRNYAEQFF	1	0	1	0.000154
CASSLERTANERLFF	1	0	1	0.000154
CSSSPAVAEQFF	1	0	1	0.000154
CASSRLGGSPYEQYF	1	0	1	0.000154
CASSDNSYEQYF	1	0	1	0.000154
CASSRQISNERLFF	1	0	1	0.000154
CASSIWGGADEQYF	1	0	1	0.000154
CASGRTDSGNTLYF	1	0	1	0.000154
CASSLMANSDYTF	1	0	1	0.000154
CASSHRGRANERLFF	1	0	1	0.000154
CASSFSWGGADTQYF	1	0	1	0.000154
CASGRDQAPLF	1	0	1	0.000154
CASRDWGSSAETLYF	1	0	1	0.000154
CASSGTGYAEQFF	1	0	1	0.000154
CASEGQNYAEQFF	1	0	1	0.000154
CASGGTITSAETLYF	1	0	1	0.000154
CASSQDPVYEQYF	1	0	1	0.000154
CASSFRQNYAEQFF	1	0	1	0.000154
CASSQGDISNERLFF	1	0	1	0.000154
CSSRRTVNQDTQYF	1	0	1	0.000154
CASTRLTNTGQLYF	1	0	1	0.000154
CASSGTGTEQFF	1	0	1	0.000154
CASRRQGANSDYTF	1	0	1	0.000154
CTCSAPDKNTGQLYF	1	0	1	0.000154
CASSLAWGGAVEQYF	1	0	1	0.000154
CASSWARGNTLYF	1	0	1	0.000154
CASSIATNSDYTF	1	0	1	0.000154
CGARDWGGSYEQYF	1	0	1	0.000154
CTCSADTGAETLYF	1	0	1	0.000154
CASSQVGGAPEQYF	1	0	1	0.000154
CGAFDRFNYAEQFF	1	0	1	0.000154
CASAWDWGNQDTQYF	1	0	1	0.000154
CASSLNSYNSPLYF	1	0	1	0.000154
CASSDAGDWGGSEQFF	1	0	1	0.000154
CASSFLGAQDTQYF	1	0	1	0.000154
CASGDILSNERLFF	1	0	1	0.000154
CGARETLNTLYF	1	0	1	0.000154
CASGTPGTKNSDYTF	1	0	1	0.000154
CASGEQGADTQYF	1	0	1	0.000154
CASSPGQGRGEQYF	1	0	1	0.000154
CASGDANTGQLYF	1	0	1	0.000154
CASSRDKYNNQAPLF	1	0	1	0.000154
CASSLSRRGNSDYTF	1	0	1	0.000154
CASSLTGNSDYTF	1	0	1	0.000154
CASSEDRGRGNTLYF	1	0	1	0.000154
CASSTGLGDSYEQYF	1	0	1	0.000154
CASSQGQGTGQLYF	1	0	1	0.000154
CASGDVVSNERLFF	1	0	1	0.000154
CASGDGQGAANERLFF	1	0	1	0.000154
CTCRSGTGGYEQYF	1	0	1	0.000154
CASSDANRDWGGYAEQFF	1	0	1	0.000154
CASSQAGGNYAEQFF	1	0	1	0.000154
CASGDVGTGGAEQFF	1	0	1	0.000154
CASSERTGISNERLFF	1	0	1	0.000154
CASSQATGTGNTLYF	1	0	1	0.000154
CASSLDCSQNTLYF	1	0	1	0.000154
CASSPGTGGQAPLF	1	0	1	0.000154
CASSWGTGYNNQAPLF	1	0	1	0.000154
CASSLGGAEQFF	1	0	1	0.000154
CGALGQGYTLYF	1	0	1	0.000154
CASGAPGQGGERLFF	1	0	1	0.000154
CASSQGGYEQYF	1	0	1	0.000154
CASSLDSGDEQYF	1	0	1	0.000154
CASGDAWGDGTGQLYF	1	0	1	0.000154
CGAGLGTSAETLYF	1	0	2	0.000308
CASSLAGGAEQYF	1	0	1	0.000154
CASSEGDAEQFF	1	0	1	0.000154
CASSLTPNSDYTF	1	0	1	0.000154
CASSYDWGYAEQFF	1	0	1	0.000154
CASSPGTGGAYAEQFF	1	0	1	0.000154
CASGEYWGNYAEQFF	1	0	1	0.000154
CASIPTGGCTGQLYF	1	0	1	0.000154
CASSWTVNTGQLYF	1	0	1	0.000154
CASSQINQDTQYF	1	0	1	0.000154
CASSSWDRGTYAEQFF	1	0	1	0.000154
CASSQDRANSDYTF	1	0	1	0.000154
CASSGTGVNQDTQYF	1	0	1	0.000154
CASSIRLDSAETLYF	1	0	1	0.000154
CASGGDWGGAVTQYF	1	0	1	0.000154
CASSRQSYNSPLYF	1	0	1	0.000154
CASSPWGSSYEQYF	1	0	1	0.000154
CASGDTVSGNTLYF	1	0	1	0.000154
CASSRLGGRYAEQFF	1	0	1	0.000154
CTCSAGRDTQYF	1	0	1	0.000154
CASSLGGNTGQLYF	1	0	1	0.000154
CASSAPLAANERLFF	1	0	1	0.000154
CASSYSNTGQLYF	1	0	1	0.000154
CASSIRDRVPNERLFF	1	0	1	0.000154
CTCSGGGRPSDYTF	1	0	1	0.000154
CASSPRISNERLFF	1	0	1	0.000154
CASSLYGQGASNERLFF	1	0	1	0.000154
CASSIWGVSAETLYF	1	0	1	0.000154
CASSPGVYYAEQFF	1	0	1	0.000154
CASSPRTGVGAEQFF	1	0	1	0.000154
CASGETGGANERLFF	1	0	1	0.000154
CASSLQGDTQYF	1	0	1	0.000154
CAWSLADTGQLYF	1	0	1	0.000154
CASSIWGGEQYF	1	0	1	0.000154
CASSLLGSSYEQYF	1	0	1	0.000154
CASSQEIWGNTGQLYF	1	0	1	0.000154
CASSPGGNYAEQFF	1	0	1	0.000154
CASSSTPNYAEQFF	1	0	1	0.000154
CASSLGGSYEQYF	1	0	1	0.000154
CASSLRGQDTQYF	1	0	1	0.000154
CASSYSANTGQLYF	1	0	1	0.000154
CASSQDRGFSGNTLYF	1	0	1	0.000154
CASSPGTGEDTQYF	1	0	1	0.000154
CASRETGVGNQAPLF	1	0	1	0.000154
CASSQERGTNERLFF	1	0	1	0.000154
CASSRTGGYAEQFF	1	0	1	0.000154
CTCSGWGGGTGQLYF	1	0	1	0.000154
CASSQERWGAETLYF	1	0	1	0.000154
CASSLPRDSGNTLYF	1	0	1	0.000154
CASSLAPNTGDSDYTF	1	0	1	0.000154
CASSQEGTGNTGQLYF	1	0	1	0.000154
CASSDASLGGRGTLYF	1	0	1	0.000154
CASSLARDSGAETLYF	1	0	1	0.000154
CASSDWGGDAEQFF	1	0	1	0.000154
CASSFPTGREQYF	1	0	1	0.000154
CASSQERVSNERLFF	1	0	1	0.000154
CASSDRGGQDTQYF	1	0	1	0.000154
CASSLDSSNERLFF	1	0	1	0.000154
CASGDYSQDTQYF	1	0	1	0.000154
CASSQNWGGNTGQLYF	1	0	1	0.000154
CASSDGRSNTGQLYF	1	0	1	0.000154
CASSSDNYAEQFF	1	0	1	0.000154
CASSQGQNTGQLYF	1	0	1	0.000154
CTCSAGQDTQYF	1	0	1	0.000154
CASGVTGSDYTF	1	0	1	0.000154
CASSIWTNSDYTF	1	0	1	0.000154
CASSQGTSNNQAPLF	1	0	1	0.000154
CASSLGAGGYSDYTF	1	0	1	0.000154
CASSPTGAQNTLYF	1	0	1	0.000154
CASGVTLNQDTQYF	1	0	1	0.000154
CGARYVSYNSPLYF	1	0	1	0.000154
CASSFDRGLGNTLYF	1	0	1	0.000154
CASGGAGGQNTLYF	1	0	1	0.000154
CASSFPPRRNTGQLYF	1	0	1	0.000154
CASGDANSGNTLYF	1	0	1	0.000154
CTCSAGFQNTLYF	1	0	1	0.000154
CGARVQLGGRGYAEQFF	1	0	1	0.000154
CASSLDNAEQFF	1	0	1	0.000154
CASSPYWGGQDTQYF	1	0	1	0.000154
CASSRDRGAETLYF	1	0	1	0.000154
CASSPRGGNQAPLF	1	0	1	0.000154
CASSLETGSGNTLYF	1	0	1	0.000154
CASSLSLGTGDSGNTLYF	1	0	1	0.000154
CASGEGGTGEDTQYF	1	0	1	0.000154
CASSLVGGLYAEQFF	1	0	1	0.000154
CSSSQDRDEQYF	1	0	1	0.000154
CASSLGGERLFF	1	0	1	0.000154
CASSVWGTSAETLYF	1	0	1	0.000154
CASSLLGGYAEQFF	1	0	1	0.000154
CASSQPRTGNNYAEQFF	1	0	1	0.000154
CASSQDQGGSDYTF	1	0	1	0.000154
CASGDRQVHSQNTLYF	1	0	1	0.000154
CASGDALINTGQLYF	1	0	1	0.000154
CTCASNNQAPLF	1	0	1	0.000154
CASSDAQGAETLYF	1	0	1	0.000154
CASSSSNSDYTF	1	0	1	0.000154
CASSGTGEDTQYF	1	0	1	0.000154
CTCSAPGQGATGQLYF	1	0	1	0.000154
CASSSGTGGNTGQLYF	1	0	1	0.000154
CAIRRDRGAETLYF	1	0	1	0.000154
CASSMGQFSYEQYF	1	0	1	0.000154
CASSPGTGGDEQYF	1	0	1	0.000154
CTCSGTGTSQNTLYF	1	0	1	0.000154
CASGDWPGKDTQYF	1	0	1	0.000154
CSSSQSTQGISNERLFF	1	0	1	0.000154
CASSIAASAETLYF	1	0	1	0.000154
CASSQVGGRGATQYF	1	0	1	0.000154
CASSFGTGGAINTGQLYF	1	0	1	0.000154
CASSPTGDGTGQLYF	1	0	1	0.000154
CASSLENTGQLYF	1	0	1	0.000154
CASRTTNTGQLYF	1	0	1	0.000154
CASSQGTGGAQNTLYF	1	0	1	0.000154
CASSDWGKNTLYF	1	0	1	0.000154
CASSQDTMNTGQLYF	1	0	1	0.000154
CASSIQGSETLYF	1	0	1	0.000154
CTCSETGGAETLYF	1	0	1	0.000154
CAWSLGLGESETLYF	1	0	1	0.000154
CGARQGAETLYF	1	0	1	0.000154
CASSLQGAGNTLYF	1	0	1	0.000154
CASSDASGVDTQYF	1	0	1	0.000154
CASSRLGGAETLYF	1	0	1	0.000154
CASSLALSGGARSDYTF	1	0	1	0.000154
CASSLHLSNERLFF	1	0	1	0.000154
CASSLEGGRYAEQFF	1	0	1	0.000154
CASSLVGGAEQFF	1	0	1	0.000154
CASSRTGAQDTQYF	1	0	1	0.000154
CASSINSYNSPLYF	1	0	1	0.000154
CASSDAGVERLFF	1	0	1	0.000154
CASSQAGNTGQLYF	1	0	2	0.000308
CASGGTGGSAETLYF	1	0	1	0.000154
CASSSGGANTLYF	1	0	1	0.000154
CASSYWGNTGQLYF	1	0	1	0.000154
CASRTANYAEQFF	1	0	1	0.000154
CASSDDTNTGQLYF	1	0	1	0.000154
CASSAPGTINSGNTLYF	1	0	1	0.000154
CASSDEWGGQNTLYF	1	0	1	0.000154
CASSLGLGGRSDTQYF	1	0	1	0.000154
CASSLGGGISNERLFF	1	0	1	0.000154
CASRDWGASAETLYF	1	0	1	0.000154
CASSRTGSQNTLYF	1	0	2	0.000308
CASVQGDTGQLYF	1	0	1	0.000154
CASSFLDTQYF	1	0	1	0.000154
CAWSLARNTGQLYF	1	0	1	0.000154
CAWPRDRVAETLYF	1	0	1	0.000154
CASRRTGEADYTF	1	0	1	0.000154
CASSLRQSQNTLYF	1	0	1	0.000154
CASSIGTGGDTQYF	1	0	1	0.000154
CASSHRLGGFNQDTQYF	1	0	1	0.000154
CASSPDWGGNTGQLYF	1	0	1	0.000154
CASGDPGQYNSPLYF	1	0	1	0.000154
CASSLFGSGNTLYF	1	0	1	0.000154
CASSLGRGQNTLYF	1	0	1	0.000154
CTCSPGLGVIYAEQFF	1	0	1	0.000154
CASSDGYNYAEQFF	1	0	1	0.000154
CASSDWGGNTLYF	1	0	1	0.000154
CASSWTTSAETLYF	1	0	1	0.000154
CASSPWGGQDTQYF	1	0	1	0.000154
CASSGPGTGGSNTGQLYF	1	0	1	0.000154
CAWSPRTISNERLFF	1	0	1	0.000154
CASSRNWGAPQDTQYF	1	0	1	0.000154
CASSQDTVNQDTQYF	1	0	1	0.000154
CASSFHDHSGNTLYF	1	0	1	0.000154
CAWSPGPDNYAEQFF	1	0	1	0.000154
CASSDMGPDRGLDTQYF	1	0	1	0.000154
CASSPQGAGAETLYF	1	0	1	0.000154
CASGDPGQEDTQYF	1	0	1	0.000154
CASSEWGGSAETLYF	1	0	1	0.000154
CASSRDWGGAEQFF	1	0	1	0.000154
CASRPGRSAETLYF	1	0	1	0.000154
CTCSAAGTGGAAETLYF	1	0	1	0.000154
CTCSADNGGAETLYF	1	0	1	0.000154
CASSFSWDQNTLYF	1	0	1	0.000154
CASGDRDRVYAEQFF	1	0	1	0.000154
CASSLDPDPQDTQYF	1	0	1	0.000154
CASSPNQDTQYF	1	0	1	0.000154
CASSLALSSAETLYF	1	0	1	0.000154
CASSPGQTSAETLYF	1	0	1	0.000154
CASRQRNYAEQFF	1	0	1	0.000154
CASGDGTGGGTLYF	1	0	1	0.000154
CTCSAGNSPLYF	1	0	1	0.000154
CASSQERGLGAETLYF	1	0	1	0.000154
CASSLINQDTQYF	1	0	1	0.000154
CASRRDSKDTQYF	1	0	1	0.000154
CASSLAGNSDYTF	1	0	1	0.000154
CAWSLRKSLGETLYF	1	0	1	0.000154
CASSRWGVNQDTQYF	1	0	1	0.000154
CASSRPTGGGAEQFF	1	0	1	0.000154
CASSQMGGRAETLYF	1	0	1	0.000154
CASGDANTQYF	1	0	1	0.000154
CASSPRDREETLYF	1	0	1	0.000154
CASGEEYNYAEQFF	1	0	1	0.000154
CTCSTGLQDTQYF	1	0	1	0.000154
CAWSSRLGNQDTQYF	1	0	1	0.000154
CTCSAEANERLFF	1	0	1	0.000154
CASSDRAGTGGRQNTLYF	1	0	1	0.000154
CASSPGTGSQNTLYF	1	0	1	0.000154
CTCSGDWSQDTQYF	1	0	1	0.000154
CASSGTGGDQDTQYF	1	0	1	0.000154
CASGDASGDQDTQYF	1	0	1	0.000154
CASSSYWGRSAETLYF	1	0	2	0.000308
CASSLDRESNERLFF	1	0	1	0.000154
CASSDWGAEAETLYF	1	0	1	0.000154
CAWSPWGGAVETLYF	1	0	1	0.000154
CASSNRDWGLGTETLYF	1	0	1	0.000154
CASSQGGADTQYF	1	0	1	0.000154
CASGTDQDTQYF	1	0	1	0.000154
CASSGQGDNERLFF	1	0	1	0.000154
CASSPRDFQDTQYF	1	0	1	0.000154
CASSGTKDTQYF	1	0	1	0.000154
CAWSLRQSNERLFF	1	0	1	0.000154
CASSGSTEVFF	1	0	1	0.000154
CASSYSGGWGDTQYF	1	0	1	0.000154
CASSWDKNTGQLYF	1	0	1	0.000154
CASSLENGHYAEQFF	1	0	1	0.000154
CASSPGLGGRAEQFF	1	0	1	0.000154
CASSQAGADTQYF	1	0	1	0.000154
CAWSHGGTYEQYF	1	0	1	0.000154
CASSPRDWGAGPSAETLYF	1	0	1	0.000154
CAWSLANAEQFF	1	0	1	0.000154
CASSSPAGQNTLYF	1	0	1	0.000154
CASSPSGQGNAETLYF	1	0	1	0.000154
CASSHGGDYAEQFF	1	0	1	0.000154
CASSLDWGGAGDTQYF	1	0	1	0.000154
CASSQDMGGSAETLYF	1	0	1	0.000154
CASGQTDSGNTLYF	1	0	1	0.000154
CANSIQSGNTLYF	1	0	1	0.000154
CASSLDGGAQAEQFF	1	0	1	0.000154
CASSVTENTLYF	1	0	1	0.000154
CTCSAKGLGGPNQDTQYF	1	0	1	0.000154
CASSDRGRNSPLYF	1	0	1	0.000154
CASSFLSGTLYF	1	0	1	0.000154
CAISWGGANTGQLYF	1	0	1	0.000154
CAWSLRGNTGQLYF	1	0	1	0.000154
CASSQGGNQDTQYF	1	0	1	0.000154
CASSQGQGNSDYTF	1	0	1	0.000154
CASSQGTGGSQNTLYF	1	0	1	0.000154
CASSLQASQNTLYF	1	0	1	0.000154
CSSSRQGRDTQYF	1	0	1	0.000154
CASSERGEDTQYF	1	0	1	0.000154
CASSLVGGGNERLFF	1	0	1	0.000154
CASSLDGNNQAPLF	1	0	1	0.000154
CASSLEGSLWAEQFF	1	0	1	0.000154
CTCSAETSQNTLYF	1	0	1	0.000154
CASSQSGREDTQYF	1	0	1	0.000154
CTCSADWGQDTQYF	1	0	1	0.000154
CASGLGGQDTQYF	1	0	1	0.000154
CASSSPGTKYNSPLYF	1	0	1	0.000154
CGARTGGAETLYF	1	0	1	0.000154
CASSQDWGGYQNTLYF	1	0	1	0.000154
CASGDRYNSPLYF	1	0	1	0.000154
CASSPHGDAEQFF	1	0	1	0.000154
CASSFAGSAETLYF	1	0	1	0.000154
CASSGPSQNTLYF	1	0	1	0.000154
CASSQGPGQISNERLFF	1	0	1	0.000154
CAWSLVWGVGQNTLYF	1	0	1	0.000154
LCQQLGLGENTLYF	1	0	1	0.000154
CASGAAGGDQNTLYF	1	0	1	0.000154
CASSTGTGTETLYF	1	0	1	0.000154
YASSLDSGDEQYF	1	0	1	0.000154
CASSIEGGRTLYF	1	0	1	0.000154
CAWSPETTSAETLYF	1	0	1	0.000154
CASSLRDNSPLYF	1	0	1	0.000154
CAWGELGGRAEQFF	1	0	1	0.000154
CASGDGLGKGTQYF	1	0	1	0.000154
CASSYDWGRTSAETLYF	1	0	1	0.000154
CASGDAGGESQNTLYF	1	0	1	0.000154
CASSLYMRQDTQYF	1	0	1	0.000154
CTCSADHLASQNTLYF	1	0	1	0.000154
CASSSGRDTQYF	1	0	1	0.000154
CASSQERGAPAEQFF	1	0	1	0.000154
CASSQGDNSPLYF	1	0	1	0.000154
CASSQEGGSAETLYF	1	0	1	0.000154
CASSSRVNSPLYF	1	0	1	0.000154
CAWSLGGGGYAEQFF	1	0	1	0.000154
CASSQTGAEQFF	1	0	1	0.000154
CASSDARVSAETLYF	1	0	1	0.000154
CASSMRATEVFF	1	0	1	0.000154
CASSSTRNQDTQYF	1	0	1	0.000154
CTCSAGGAQRQNTLYF	1	0	1	0.000154
CASSRDWGSQNTLYF	1	0	1	0.000154
CASSRFPLPGQQDTQYF	1	0	1	0.000154
CASGGDTSAETLYF	1	0	1	0.000154
CASSLPWGSAETLYF	1	0	1	0.000154
CAWSLEGVSAETLYF	1	0	1	0.000154
CTCSARGGNYAEQFF	1	0	1	0.000154
CVWSPQDRGNTGQLYF	1	0	1	0.000154
CASSGTGGSAETLYF	1	0	1	0.000154
CASRNRGREVFF	1	0	1	0.000154
CGARQGGQDTQYF	1	0	1	0.000154
CASSTANTGQLYF	1	0	1	0.000154
CASSQWGKNTGQLYF	1	0	1	0.000154
CASSPDSQNTLYF	1	0	1	0.000154
CASSSQSYNSPLYF	1	0	1	0.000154
CASSQAGSSAETLYF	1	0	1	0.000154
CTCSAPGGAPYAEQFF	1	0	1	0.000154
CASSLQQGAGDYTF	1	0	1	0.000154
CAWSLEGAEDTQYF	1	0	1	0.000154
CASGDSLSGQLYF	1	0	1	0.000154
CASPLEGGRYAEQFF	1	0	1	0.000154
CTCSAGRNTEVFF	1	0	1	0.000154
CASSDASANTEVFF	1	0	1	0.000154
CASSLQGAQDTQYF	1	0	1	0.000154
CASSQRGGSAETLYF	1	0	1	0.000154
CASSLARQGAEQFF	1	0	1	0.000154
CTCSAERVEVFF	1	0	1	0.000154
CASSPTGGGRGNTLYF	1	0	1	0.000154
CASSLVGGASQNTLYF	1	0	1	0.000154
CSSSQSLGGTQYF	1	0	1	0.000154
CASSPGLGGPQDTQYF	1	0	1	0.000154
CASSPTGKDTQYF	1	0	1	0.000154
CASSLLGGNTGQLYF	1	0	1	0.000154
CASSSQGAGAETLYF	1	0	1	0.000154
CASSYGDAEQFF	1	0	1	0.000154
CASTRTGGTEVFF	1	0	1	0.000154
CASGDLGGSQNTLYF	1	0	1	0.000154
CASSPPDDTQYF	1	0	1	0.000154
CASSSSINQDTQYF	1	0	1	0.000154
CASGEGYNSPLYF	1	0	1	0.000154
CASSFGRNSYNSPLYF	1	0	1	0.000154
CASSFGNTEVFF	1	0	1	0.000154
CASSRTENTLYF	1	0	1	0.000154
CASSSGTNQDTQYF	1	0	1	0.000154
CASSQQLGTSAETLYF	1	0	1	0.000154
CASSTRLGAAETLYF	1	0	1	0.000154
CTCSDGTANTEVFF	1	0	1	0.000154
CTCSAHQGFQNTLYF	1	0	1	0.000154
CASSDEDSGTGGDTQYF	1	0	1	0.000154
CASSDAGQGNSPLYF	1	0	1	0.000154
CASSRDNQDTQYF	1	0	1	0.000154
CASSQEGVNTEVFF	1	0	1	0.000154
CASSGPGTNTEVFF	1	0	1	0.000154
CASGRTAVGGASQNTLYF	1	0	1	0.000154
CASGDYQDTQYF	1	0	1	0.000154
CAWSLNRSNERLFF	1	0	1	0.000154
CASRQGAETLYF	1	0	1	0.000154
CASSLTWGGADTQYF	1	0	1	0.000154
CASSSGLNTGQLYF	1	0	1	0.000154
CASSPGQNSPLYF	1	0	1	0.000154
CASSLGLGNYAEQFF	1	0	1	0.000154
CASGDGQGTEVFF	1	0	1	0.000154
CAWSLAGGNTEVFF	1	0	1	0.000154
RAHSAVANTEVFF	1	0	1	0.000154
LCQQLGQGASPLYF	1	0	1	0.000154
CASGGTNNSPLYF	1	0	1	0.000154
CASSLGQGAEVFF	1	0	1	0.000154
CASSDAWDWGGDTLYF	1	0	1	0.000154
CASSLAGRGDTEVFF	1	0	1	0.000154
CSGTNTEVFF	1	0	1	0.000154
CASSQGTENTGQLYF	1	0	1	0.000154
CASSYRGGTEVFF	1	0	1	0.000154
CASSPGTGRSQNTLYF	1	0	1	0.000154
CASSSTGNQDTQYF	1	0	1	0.000154
CGAREAGGNSPLYF	1	0	1	0.000154
CASSPSWDNYAEQFF	1	0	1	0.000154
LCQQRPGQYYAEQFF	1	0	1	0.000154
CASGGRAEVFF	1	0	1	0.000154
CASSDRGDTEVFF	1	0	1	0.000154
CASSDGGGPSQNTLYF	1	0	2	0.000308
CASSIGGGTSAETLYF	1	0	1	0.000154
CASSSDWGNYAEQFF	1	0	1	0.000154
CSQRGTVEVFF	1	0	1	0.000154
CASSTGFTEVFF	1	0	1	0.000154
CASSLEWTGNTEVFF	1	0	1	0.000154
CASSHRTGGTQNTLYF	1	0	1	0.000154
CASSLGEYAEQFF	1	0	1	0.000154
CAWRPDWGGAYAEQFF	1	0	1	0.000154
CASSPCTEVFF	1	0	1	0.000154
CASSLWDRATEVFF	1	0	1	0.000154
CASSIGTGTTEVFF	1	0	1	0.000154
CTCSAAQTNTEVFF	1	0	1	0.000154
CASSLDQSTEVFF	1	0	1	0.000154
CASGGAGNTEVFF	1	0	1	0.000154
CASGDRTGGANTEVFF	1	0	1	0.000154
CASSQDWGANTEVFF	1	0	1	0.000154
CASSPGGGLLNSDYTF	1	0	1	0.000154
CAKGTRSYAEQFF	1	0	1	0.000154
CASSVGVTEVFF	1	0	1	0.000154
CASSFRDDTEVFF	1	0	2	0.000308
CTCSAPGGNTEVFF	1	0	1	0.000154
CASRGNTEVFF	1	0	1	0.000154
CASRPTGRNTEVFF	1	0	1	0.000154
CASGVRSYNSPLYF	1	0	1	0.000154
CTCSAQTSNERLFF	1	0	1	0.000154
CASSNRGEVFF	1	0	1	0.000154
CASSRQTGENTEVFF	1	0	1	0.000154
CAWSLANTEVFF	1	0	1	0.000154
CSSRDWGGAETLYF	1	0	1	0.000154
CASRDREGTEVFF	1	0	1	0.000154
CAWSLGSTEVFF	1	0	1	0.000154
CTCSADRANTEVFF	1	0	1	0.000154
CASSFAGQNTEVFF	1	0	1	0.000154
CASRDINTEVFF	1	0	1	0.000154
CTCSAGRGNTEVFF	1	0	1	0.000154
CAWSRQGNTEVFF	1	0	1	0.000154
CAWSLYWGTSQNTLYF	1	0	1	0.000154
CASSFLRDDTQYF	1	0	1	0.000154
CASSQDITGQDTQYF	1	0	1	0.000154
CASGVSYNSPLYF	1	0	1	0.000154
CAWSPGGNYAEQFF	1	0	1	0.000154
CASSFVGAQEVFF	1	0	1	0.000154
CAWSLLGAEVFF	1	0	1	0.000154
CASSLGGDTEVFF	1	0	1	0.000154
CASPDTEVFF	1	0	1	0.000154
CASSRDPDRGNTEVFF	1	0	1	0.000154
CGAREGQTNTEVFF	1	0	1	0.000154
CASSQTGGSALYF	1	0	1	0.000154
CASSQTGSQNTLYF	1	0	1	0.000154
CASRRDSKGTQYF	1	0	1	0.000154
CASSLGLDSYEQYF	1	0	1	0.000154
CASSPTMNSPLYF	1	0	2	0.000308
CASSDVTGVEVFF	1	0	1	0.000154
CASSLRDSEVFF	1	0	1	0.000154
CASSPGQGGTEVFF	1	0	1	0.000154
CASSLGDTEVFF	1	0	1	0.000154
CASGSGTGNTEVFF	1	0	1	0.000154
CASSPYSRGNTEVFF	1	0	1	0.000154
CASSLRDRNTEVFF	1	0	1	0.000154
CASSLRRGESNTEVFF	1	0	1	0.000154
CASGDAGPTEVFF	1	0	1	0.000154
CASSRQGAGQNTLYF	1	0	1	0.000154
CASGQTGGLSQNTLYF	1	0	1	0.000154
CASSQGTGEVFF	1	0	1	0.000154
CASSDLQGANTEVFF	1	0	1	0.000154
CTCSARTVTEVFF	1	0	1	0.000154
CASSDQDRGGTEVFF	1	0	1	0.000154
CASSAQGANTEVFF	1	0	1	0.000154
CASSQDQGYTQYF	1	0	1	0.000154
CASSQRLGGREDTQYF	1	0	1	0.000154
CASSLIGTEVFF	1	0	1	0.000154
CASSLRRNTEVFF	1	0	1	0.000154
CASSLGQANTEVFF	1	0	1	0.000154
CASSQTNTEVFF	1	0	1	0.000154
CASSDHWGTSQNTLYF	1	0	1	0.000154
CASSLRDIQDTQYF	1	0	1	0.000154
CASSLLQLGGQGAETLYF	1	0	1	0.000154
CASSDPIEVFF	1	0	1	0.000154
CSSSRDSTEVFF	1	0	1	0.000154
CASSFWGHDTEVFF	1	0	1	0.000154
CASSFGQGDTEVFF	1	0	1	0.000154
CASRSGRGNTEVFF	1	0	1	0.000154
CAWSSGTGLNTEVFF	1	0	1	0.000154
EMRRLANTEVFF	1	0	1	0.000154
CASSSGLGGYEQYF	1	0	1	0.000154
CASSRQTEVFF	1	0	1	0.000154
CASSQEGDWGALSQNTLYF	1	0	1	0.000154
CASGDATGDTGQLYF	1	0	1	0.000154
CASSQFLGGDNYAEQFF	1	0	1	0.000154
CASSQDQGPEVFF	1	0	1	0.000154
CGAKGQGTEVFF	1	0	1	0.000154
CGARGGTEVFF	1	0	1	0.000154
CTCSGGGGASTEVFF	1	0	1	0.000154
CASSQEANTEVFF	1	0	1	0.000154
CASSDRGPSQNTLYF	1	0	1	0.000154
CASSVTGEGTQYF	1	0	1	0.000154
CASSPPGGGRNTGQLYF	1	0	1	0.000154
CASSQTGSGTEVFF	1	0	1	0.000154
CASSRTAATEVFF	1	0	1	0.000154
CTCSATGALNTEVFF	1	0	1	0.000154
CTCSAASNANTEVFF	1	0	1	0.000154
CASGGPANTEVFF	1	0	1	0.000154
CASSQVPGQANTEVFF	1	0	1	0.000154
CASSENTEVFF	1	0	1	0.000154
CASSSGGNSDYTF	1	0	1	0.000154
CAWSLGTGGSAETLYF	1	0	1	0.000154
CASSQEGTGSEVFF	1	0	1	0.000154
CAWGNANTEVFF	1	0	1	0.000154
CASSATGANTEVFF	1	0	1	0.000154
CASSRTESTLYF	1	0	1	0.000154
CASSYSQNTLYF	1	0	1	0.000154
CASRYNSQNTLYF	1	0	1	0.000154
CASSQDGGTSQNTLYF	1	0	1	0.000154
CASSQGAGGAQNTLYF	1	0	1	0.000154
CGARGGSEQYF	1	0	1	0.000154
CASSLGDWGGYEQYF	1	0	1	0.000154
LCQRSQGWEQYF	1	0	1	0.000154
CASGYTEVFF	1	0	1	0.000154
CAWSLVGDTEVFF	1	0	1	0.000154
CASSQDPGANTEVFF	1	0	1	0.000154
CASSIEPGRGKVFF	1	0	1	0.000154
CASTGGFQNTLYF	1	0	1	0.000154
CAWSPGGERGTQYF	1	0	1	0.000154
CASGDTWGGYEQYF	1	0	1	0.000154
LCQQSRLGSYEQYF	1	0	1	0.000154
CASSRDWGGSSAETLYF	1	0	1	0.000154
CTCSGAGNYAEQFF	1	0	1	0.000154
CTCSAYRVGEVFF	1	0	1	0.000154
CASSPGQGDTEVFF	1	0	1	0.000154
CASSDGGLNTLYF	1	0	1	0.000154
CSSSQSLLGGAWDQNTLYF	1	0	1	0.000154
CASSPEQYF	1	0	1	0.000154
CASSLFGGIYEQYF	1	0	1	0.000154
CASSSTGGRNTGQLYF	1	0	1	0.000154
CASSFPSTGQLYF	1	0	1	0.000154
CASSLAGGLSYEQYF	1	0	1	0.000154
CASGDRGHSDYTF	1	0	1	0.000154
CASSLDISGNTLYF	1	0	1	0.000154
CASGDWTGSSGNTLYF	1	0	1	0.000154
CASGDRVSGNTLYF	1	0	2	0.000308
CASSDARGGSYEQYF	1	0	1	0.000154
CASGDDGSSYEQYF	1	0	1	0.000154
CASRDRGRLFF	1	0	1	0.000154
CTCRGTNSGNTLYF	1	0	1	0.000154
CASRPGGYAEQFF	1	0	1	0.000154
CASGFSDRANSDYTF	1	0	1	0.000154
CASSHWTGGFERLFF	1	0	1	0.000154
CASSLSGGAPAEQFF	1	0	1	0.000154
CTCSRDRDEQYF	1	0	1	0.000154
CASSSFDRGSYEQYF	1	0	1	0.000154
CTCSAGYEQYF	1	0	1	0.000154
CASGDAFGNTLYF	1	0	1	0.000154
CTCSGQGGTGQLYF	1	0	1	0.000154
CASSIAGGTNTGQLYF	1	0	1	0.000154
CASSRTGGAYEQYF	1	0	1	0.000154
CASGDANWGDYEQYF	1	0	1	0.000154
CASLGNYAEQFF	1	0	1	0.000154
CASSSTGNYEQYF	1	0	1	0.000154
CASSGDRGRGNTLYF	1	0	1	0.000154
CASSDLERLFF	1	0	1	0.000154
CASSRQGADERLFF	1	0	1	0.000154
CASSQDWVSGNTLYF	1	0	1	0.000154
CATLGTGEDTQYF	1	0	1	0.000154
CTCSADIRYEQYF	1	0	1	0.000154
CASSLGTGGAPLF	1	0	1	0.000154
CASSDPGYEQYF	1	0	1	0.000154
CASSPSQGSGNTLYF	1	0	1	0.000154
CASSQEGRAERLFF	1	0	1	0.000154
CASSRQSNSDYTF	1	0	1	0.000154
CASGDGGHVSDYTF	1	0	1	0.000154
CASSFPTGDEQYF	1	0	1	0.000154
CTCSAVGYAEQFF	1	0	1	0.000154
CASSLWGGYEQYF	1	0	1	0.000154
CTCSADYEQYF	1	0	1	0.000154
CASSLGTGEFEQYF	1	0	1	0.000154
CASSIAGTISNERLFF	1	0	1	0.000154
CTCSGDRYEQYF	1	0	1	0.000154
CASSDWLANSDYTF	1	0	1	0.000154
CASSDADWGGNTGQLYF	1	0	1	0.000154
CASSPGLGGYEQYF	1	0	1	0.000154
CSSSQTTANERLFF	1	0	1	0.000154
CASRPGQGFSNERLFF	1	0	1	0.000154
CASSLVQGSYEQYF	1	0	1	0.000154
CTCSARTNERLFF	1	0	1	0.000154
CTCSGGTDSYNSPLYF	1	0	1	0.000154
CASSLMGGAETLYF	1	0	1	0.000154
CTCSANTGQLYF	1	0	1	0.000154
CASRGTGNSGNTLYF	1	0	1	0.000154
CTCSAGSTGQLYF	1	0	1	0.000154
CASSYWDNYAEQFF	1	0	1	0.000154
CASSRLENTGQLYF	1	0	1	0.000154
CASSESSNERLFF	1	0	1	0.000154
CASSDRDNSNERLFF	1	0	1	0.000154
CASSQANRAYEQYF	1	0	1	0.000154
CASSQDGTNSDYTF	1	0	1	0.000154
CASSFISNERLFF	1	0	1	0.000154
CASSAQGNSDYTF	1	0	1	0.000154
CASSIRDGYAEQFF	1	0	1	0.000154
CTCSAGTGYEQYF	1	0	1	0.000154
CTSRGGAGGNEQYF	1	0	1	0.000154
CTCSAGGVSGNTLYF	1	0	1	0.000154
CASSDRGVSNERLFF	1	0	1	0.000154
CSSSERGSAETLYF	1	0	1	0.000154
CASGEGDSDYTF	1	0	1	0.000154
CASRPGNSDYTF	1	0	1	0.000154
CASGDAQNSDYTF	1	0	2	0.000308
CASSIGRGNSDYTF	1	0	1	0.000154
CASGDSGYEQYF	1	0	1	0.000154
CASSPTDQAPLF	1	0	1	0.000154
CASAGLGAETLYF	1	0	1	0.000154
CGASTGGAEQYF	1	0	1	0.000154
CASSLGNSDYTF	1	0	1	0.000154
CASTQWDWGYEQYF	1	0	1	0.000154
CAWSVEDRGYSDYTF	1	0	1	0.000154
CTCSAVKVNTGQLYF	1	0	1	0.000154
CASGDARGNSGNTLYF	1	0	1	0.000154
CASSQDGLISNERLFF	1	0	1	0.000154
CGAREGYYAEQFF	1	0	1	0.000154
CASSLAWGSAETLYF	1	0	1	0.000154
CASSDDRGYAEQFF	1	0	1	0.000154
CASSLGQHSGNTLYF	1	0	1	0.000154
CGARGDRVAEQFF	1	0	1	0.000154
CASSRPGLGPYEQYF	1	0	1	0.000154
CASSDATFLSNERLFF	1	0	1	0.000154
CASSLGQGYAEQFF	1	0	1	0.000154
CASSADRGRGAEQFF	1	0	1	0.000154
CASSLDRANSDYTF	1	0	1	0.000154
CASGDVGGSYEQYF	1	0	1	0.000154
CASSQGQGENQAPLF	1	0	1	0.000154
CASSLAGSSERLFF	1	0	1	0.000154
CASSQGTGGAEQFF	1	0	1	0.000154
CASSIGTASAETLYF	1	0	2	0.000308
CASSLRDREYEQYF	1	0	1	0.000154
CASSRDWGGYAEQFF	1	0	1	0.000154
CGARVGGNTLYF	1	0	1	0.000154
CASGDPRDEQYF	1	0	1	0.000154
CARSSPGLGYAEQFF	1	0	1	0.000154
CASGDVTSSAETLYF	1	0	1	0.000154
CASSQAGGAEQFF	1	0	1	0.000154
CASSLRDIGTLYF	1	0	1	0.000154
CASGDRRGGNYAEQFF	1	0	1	0.000154
CASGSGNTLYF	1	0	1	0.000154
CASSLGTGVYEQYF	1	0	1	0.000154
CASSQNRDNERLFF	1	0	1	0.000154
CASGEWAGNQAPLF	1	0	1	0.000154
CASSLGQAGNTLYF	1	0	1	0.000154
CASGEDWGNYAEQFF	1	0	2	0.000308
CASSHRGLEQYF	1	0	1	0.000154
CASSGRLGSYEQYF	1	0	1	0.000154
CAWSRQGAGNTLYF	1	0	1	0.000154
CASSPWGGYAEQFF	1	0	1	0.000154
CTCSAGGTGNERLFF	1	0	1	0.000154
CASSQARAPNERLFF	1	0	1	0.000154
CASSSGTVNTLYF	1	0	1	0.000154
CASGDWGGYQDTQYF	1	0	1	0.000154
CASSHRGSNNQAPLF	1	0	1	0.000154
CASSLSGGAETLYF	1	0	1	0.000154
CASSQPGTESGNTLYF	1	0	1	0.000154
CTCSADHRVQDTQYF	1	0	1	0.000154
CASSGGQQAPLF	1	0	1	0.000154
CASGDSGTNQAPLF	1	0	1	0.000154
CTCSADISGNTLYF	1	0	1	0.000154
CASSLTGDERLFF	1	0	1	0.000154
CASSLDPTGNSGNTLYF	1	0	1	0.000154
CASSLGLGGAYEQYF	1	0	1	0.000154
CASSFRDRISNERLFF	1	0	1	0.000154
CASGDAGGDYAEQFF	1	0	1	0.000154
CASSIAGTGGAAGQLYF	1	0	2	0.000308
CASSQDGNYAEQFF	1	0	1	0.000154
CGARERGRSSDYTF	1	0	1	0.000154
CASSPTGAQDTQYF	1	0	1	0.000154
CASSPDWGLYEQYF	1	0	1	0.000154
CASSQDVHYAEQFF	1	0	1	0.000154
CASSGDWGQDTQYF	1	0	1	0.000154
CASSPGQGANERLFF	1	0	1	0.000154
CASSLDWGGYAEQFF	1	0	1	0.000154
CASSLSGGDTQYF	1	0	1	0.000154
CASSPEGSAETLYF	1	0	1	0.000154
CASSQEGVGGYAEQFF	1	0	1	0.000154
CASSRPTGTYAEQFF	1	0	1	0.000154
CASKTGNYAEQFF	1	0	1	0.000154
CASSPTGGGQDTQYF	1	0	1	0.000154
CASSLSLSAETLYF	1	0	1	0.000154
CASSQQTGLYAEQFF	1	0	1	0.000154
CASAGMDAEQFF	1	0	1	0.000154
CASSIPGGYAEQFF	1	0	1	0.000154
CGRGTANSDYTF	1	0	1	0.000154
CASSIAGGPNERLFF	1	0	1	0.000154
CASSQGLGNYAEQFF	1	0	1	0.000154
CASSEGRGGYAEQFF	1	0	1	0.000154
CASSRQGAYAEQFF	1	0	1	0.000154
CASSLGGRSDYTF	1	0	1	0.000154
CASSSGQGNNQAPLF	1	0	1	0.000154
CASSPAWGVGAEQFF	1	0	1	0.000154
CGASLGENTLYF	1	0	1	0.000154
CASSPGTISGNTLYF	1	0	1	0.000154
CASSPSGTGLSEQFF	1	0	1	0.000154
CASTPGTGLDTQYF	1	0	1	0.000154
CASSLARRGQDTQYF	1	0	1	0.000154
CASSAGTISNERLFF	1	0	1	0.000154
CTCSADQGRNTLYF	1	0	1	0.000154
CASSQARDWGYEQYF	1	0	1	0.000154
CASSEYRGYTGQLYF	1	0	1	0.000154
CTCSALGALYEQYF	1	0	2	0.000308
CASSLDWGGADAEQFF	1	0	1	0.000154
CTCSAAQGYQNTLYF	1	0	1	0.000154
CASSQETGSQDTQYF	1	0	1	0.000154
CASSSGLGYEQYF	1	0	1	0.000154
CASSPSSYEQYF	1	0	2	0.000308
CASSPDWGGFAETLYF	1	0	1	0.000154
CASSLAGGGNTLYF	1	0	1	0.000154
CASSIKDWVAEQFF	1	0	1	0.000154
CASSQDQGNYAEQFF	1	0	1	0.000154
CAWSGRTNSDYTF	1	0	1	0.000154
CGARGHNQDTQYF	1	0	1	0.000154
CASSISGLGTETLYF	1	0	1	0.000154
CASSFWGQNTLYF	1	0	1	0.000154
CASSQSRTGGPLYF	1	0	1	0.000154
CTCSAGRGAETLYF	1	0	1	0.000154
CASSQDRRGQDTQYF	1	0	1	0.000154
CASMQNSAETLYF	1	0	1	0.000154
CASSRQDNYAEQFF	1	0	1	0.000154
CSSSAWGGSAETLYF	1	0	1	0.000154
CASSLTGNYAEQFF	1	0	1	0.000154
CASGDAGGYNNQAPLF	1	0	1	0.000154
CASSPGTNNQAPLF	1	0	1	0.000154
CASSLEGQRDTGQLYF	1	0	1	0.000154
CASSPGQAETLYF	1	0	1	0.000154
CASSTGTLANSDYTF	1	0	1	0.000154
CASSLTGQLYF	1	0	1	0.000154
CASSKGLGENTLYF	1	0	1	0.000154
CASSLDEGTGQLYF	1	0	2	0.000308
CASKTQGSNERLFF	1	0	1	0.000154
CASGGGAETLYF	1	0	1	0.000154
CASGDAWGGNTGQLYF	1	0	1	0.000154
CASSRDRGYNSPLYF	1	0	1	0.000154
CASSHGGRNNQAPLF	1	0	1	0.000154
CASSRDFYEQYF	1	0	1	0.000154
CASSLDRNYAEQFF	1	0	1	0.000154
CASSLDEDTQYF	1	0	1	0.000154
CASSPETLYF	1	0	1	0.000154
CASSRDRRGDTQYF	1	0	1	0.000154
CASSRDWEYEQYF	1	0	1	0.000154
CASSGTGTFYAEQFF	1	0	1	0.000154
CASSPDTNTGQLYF	1	0	1	0.000154
CASSLAGAAETLYF	1	0	1	0.000154
CASSWTGIQDTQYF	1	0	1	0.000154
CASSDRRSGNTLYF	1	0	1	0.000154
CASSLDRGQAETLYF	1	0	2	0.000308
CTCSGWGEDTQYF	1	0	1	0.000154
CAWRWGISYEQYF	1	0	1	0.000154
CASSLVAGQNTLYF	1	0	1	0.000154
CASSLEQNQDTQYF	1	0	1	0.000154
CASSPRWGEGAEQFF	1	0	1	0.000154
CASSAGLQDTQYF	1	0	1	0.000154
CASSQEGDQDTQYF	1	0	1	0.000154
CASSPGTGGGERLFF	1	0	1	0.000154
CASSAGTKDTQYF	1	0	1	0.000154
CASGETGGDTQYF	1	0	1	0.000154
CASGDLGNSYEQYF	1	0	1	0.000154
CASSLVTGGNSDYTF	1	0	1	0.000154
CASSQLGGRQDTQYF	1	0	1	0.000154
CASSPTGNEQYF	1	0	1	0.000154
CASKWTGGGSAETLYF	1	0	1	0.000154
CASGDATGGYEQYF	1	0	1	0.000154
CASSLNKNTGQLYF	1	0	1	0.000154
CASSPQGAETLYF	1	0	1	0.000154
CASSRTGERQDTQYF	1	0	1	0.000154
CASGDNSAETLYF	1	0	1	0.000154
CTCSAVGQGNSPLYF	1	0	1	0.000154
CASSPGAEQFF	1	0	1	0.000154
CAWSPEQGGSDYTF	1	0	1	0.000154
CASSLTGGEDTQYF	1	0	1	0.000154
CASSPGQQDTQYF	1	0	1	0.000154
CASGDGGGKSNERLFF	1	0	1	0.000154
CASSPARSGNTLYF	1	0	1	0.000154
CASSERYQDTQYF	1	0	1	0.000154
CASSLDTNSDYTF	1	0	1	0.000154
CASSQETLYF	1	0	1	0.000154
CASSDATGGNSDYTF	1	0	2	0.000308
CASGDVGGAYTLYF	1	0	1	0.000154
CASSNKNQDTQYF	1	0	1	0.000154
CAWKGLSAETLYF	1	0	1	0.000154
CGARDRGRAEQFF	1	0	1	0.000154
CASSHDRGRRTGQLYF	1	0	1	0.000154
CASSIGLGGIAETLYF	1	0	1	0.000154
CASSFGGSSQNTLYF	1	0	1	0.000154
CASSQAGGFPETLYF	1	0	1	0.000154
CASSLSGGGGQDTQYF	1	0	1	0.000154
CAWSPTGANTGQLYF	1	0	1	0.000154
CASGDWLNQDTQYF	1	0	1	0.000154
CASGARTGQDTQYF	1	0	1	0.000154
CASSMTGGSDYTF	1	0	1	0.000154
CASSHPGQGERLFF	1	0	1	0.000154
CASSLWGNSDYTF	1	0	1	0.000154
CASGPGLGASQNTLYF	1	0	1	0.000154
CASSLPGIQDTQYF	1	0	1	0.000154
CAWSPTGWNSPLYF	1	0	1	0.000154
CASSRDYYAEQFF	1	0	2	0.000308
CTCSADRYNYAEQFF	1	0	1	0.000154
CASSQEGWGENTLYF	1	0	1	0.000154
CASSTPDWGGKDTQYF	1	0	1	0.000154
CASRPTRDKDTQYF	1	0	1	0.000154
CGARAHWGVYAEQFF	1	0	1	0.000154
CASGPRWGQDTQYF	1	0	1	0.000154
CASGDAAGGADTQYF	1	0	1	0.000154
CASSQEWGSYNSPLYF	1	0	1	0.000154
CASSQDWGGAETLYF	1	0	1	0.000154
CAWSPGLGVPETLYF	1	0	1	0.000154
CASSRDTQYF	1	0	1	0.000154
CASSLEQGANSDYTF	1	0	1	0.000154
CASSLGLGTEQYF	1	0	1	0.000154
LCQQSGTANTGQLYF	1	0	1	0.000154
CASRTGTETLYF	1	0	1	0.000154
CASSSDWFETLYF	1	0	1	0.000154
CASSPRAETLYF	1	0	1	0.000154
CASSQDGQNTLYF	1	0	1	0.000154
CGARDISNERLFF	1	0	1	0.000154
CASSQDQGATYNSPLYF	1	0	1	0.000154
CASSWGSSAETLYF	1	0	1	0.000154
CASSSPGTGGDTQYF	1	0	1	0.000154
CASSPGQISNERLFF	1	0	1	0.000154
CASSDGGIEQYF	1	0	1	0.000154
CASSFRDRVREQYF	1	0	1	0.000154
CASKNTGQLYF	1	0	1	0.000154
CASSQIRDRAPGGNTGQLYF	1	0	1	0.000154
CAWRRDDSPLYF	1	0	1	0.000154
CASSFNPSAETLYF	1	0	1	0.000154
CGARVRLGNTLYF	1	0	1	0.000154
CTCRDQDTQYF	1	0	1	0.000154
CASGDGTGTDTQYF	1	0	1	0.000154
CASSHWGQDTQYF	1	0	1	0.000154
CASSSPGQEGERLFF	1	0	1	0.000154
CASSLGGISNERLFF	1	0	1	0.000154
CAWSEGGAGGAETLYF	1	0	1	0.000154
CASSHSGTGENTLYF	1	0	1	0.000154
CASSLGGLQNTLYF	1	0	1	0.000154
CASSQGSEDSQNTLYF	1	0	1	0.000154
CASSLVWGRGTGQLYF	1	0	1	0.000154
CASGDETLYF	1	0	1	0.000154
CASSVLGGIAEQFF	1	0	2	0.000308
CASSDAPGGGNTLYF	1	0	1	0.000154
CACRDSQDTQYF	1	0	1	0.000154
CATRTGDEQYF	1	0	1	0.000154
CASSLDRGGGNTLYF	1	0	1	0.000154
CASSLGQIYAEQFF	1	0	1	0.000154
CASSPDWQDTQYF	1	0	1	0.000154
CASSLGGRTGQLYF	1	0	2	0.000308
CASSPGQGGDTGQLYF	1	0	1	0.000154
CASSQVGTSAETLYF	1	0	1	0.000154
CASSQGGDAEQFF	1	0	1	0.000154
CASSQTASQNTLYF	1	0	1	0.000154
CASSLSLGVQDTQYF	1	0	1	0.000154
CASSLQGANTGQLYF	1	0	1	0.000154
CASSSGQNTGQLYF	1	0	1	0.000154
CASSLLGQDTQYF	1	0	1	0.000154
CASSFQETSAETLYF	1	0	1	0.000154
CASSQEFGDAETLYF	1	0	2	0.000308
CASGDWGSQNTLYF	1	0	1	0.000154
CASSQALGVEDTQYF	1	0	1	0.000154
CASSLRLGGVNQDTQYF	1	0	1	0.000154
CASSPGLGGAETLYF	1	0	1	0.000154
CASSPLWGGSAETLYF	1	0	1	0.000154
CASSDYGGNYAEQFF	1	0	1	0.000154
CASSQVQNYAEQFF	1	0	2	0.000308
CASSDLAGDNQDTQYF	1	0	1	0.000154
CAWSRGGQNTLYF	1	0	1	0.000154
CASSQGPSTQYF	1	0	1	0.000154
CASGDGKGDTQYF	1	0	1	0.000154
CASSQGWGDAEQFF	1	0	1	0.000154
CASSDWQGVSQNTLYF	1	0	1	0.000154
CGARDTNTGQLYF	1	0	1	0.000154
CASSPDRGGNSPLYF	1	0	1	0.000154
CASSPTGFQNTLYF	1	0	1	0.000154
CASSLGRGDQDTQYF	1	0	1	0.000154
CTCSADHGTGEGQYF	1	0	1	0.000154
CTCSDQDTQYF	1	0	1	0.000154
CASSPGTKDTQYF	1	0	1	0.000154
CASSRAGGYNSPLYF	1	0	1	0.000154
CASSAGTGTQAPLF	1	0	1	0.000154
CASSPRESYAEQFF	1	0	1	0.000154
CASRGTGDGQYF	1	0	1	0.000154
CASSLDSQNTLYF	1	0	1	0.000154
CASSGRGNSDYTF	1	0	1	0.000154
CASGDAGGVGTLYF	1	0	1	0.000154
CASSLGDWGHAEQFF	1	0	1	0.000154
CASSPIRDRNFGQLYF	1	0	1	0.000154
CASSYTWGGGAETLYF	1	0	1	0.000154
CASREDWGNTLYF	1	0	1	0.000154
CASSGTSETLYF	1	0	1	0.000154
CASSSWDWGAGAETLYF	1	0	1	0.000154
CASGDGRGQDTQYF	1	0	1	0.000154
CASGEGGPEQFF	1	0	1	0.000154
CASSLDWGGGQDTQYF	1	0	1	0.000154
CASSPYWGPYAEQFF	1	0	1	0.000154
CASSIRTGGHNQDTQYF	1	0	1	0.000154
CASTNSYNSPLYF	1	0	1	0.000154
RPGPYNSPLYF	1	0	1	0.000154
CASSDWGGSSAETLYF	1	0	1	0.000154
CASSLEGGNYAEQFF	1	0	1	0.000154
CASSQEDNSYNSPLYF	1	0	1	0.000154
CASSYWGQNTLYF	1	0	1	0.000154
CASSIQDREVFF	1	0	1	0.000154
CASSQERGGENTLYF	1	0	1	0.000154
CAWSLGGEGDTQYF	1	0	1	0.000154
CASSPGTVNQDTQYF	1	0	1	0.000154
CASSLDWGGAGTQYF	1	0	1	0.000154
CTCSATGAQDTQYF	1	0	1	0.000154
CASSAGTWRETLYF	1	0	1	0.000154
CASSRRLGDSAETLYF	1	0	1	0.000154
CASSHWGEDTQYF	1	0	1	0.000154
CASSSGQGAPLYF	1	0	1	0.000154
CASSSGTDSAETLYF	1	0	1	0.000154
CTCSADLSEQFF	1	0	1	0.000154
CASSSTGGASGQNTLYF	1	0	1	0.000154
CASSDVGGEDYAEQFF	1	0	1	0.000154
CASSDRVGANTEVFF	1	0	1	0.000154
CASRGSQDTQYF	1	0	1	0.000154
CASSIGRASYNSPLYF	1	0	1	0.000154
CASGGTGENTLYF	1	0	1	0.000154
CASSAGGQDTQYF	1	0	1	0.000154
CASIDWGSAETLYF	1	0	1	0.000154
CGARVQGNAEQFF	1	0	1	0.000154
CASSIWGQNTLYF	1	0	1	0.000154
CASSLRTYQDTQYF	1	0	1	0.000154
CAWSLEYNSPLYF	1	0	1	0.000154
CASSLGHPSNERLFF	1	0	1	0.000154
CTCSADSGGFAETLYF	1	0	1	0.000154
CASSRDNQNTLYF	1	0	1	0.000154
CASSGTSNTGQLYF	1	0	1	0.000154
CASSYGLGASQNTLYF	1	0	1	0.000154
CASSHTGSQNTLYF	1	0	1	0.000154
CASGGISQNTLYF	1	0	1	0.000154
CASSRGGGSQNTLYF	1	0	1	0.000154
CASSPRDWGCQNTLYF	1	0	1	0.000154
CASSLDWGVQDTQYF	1	0	1	0.000154
CAWSLQDNSPLYF	1	0	1	0.000154
CASSLEGGGAETLYF	1	0	1	0.000154
CASSQDWGPSAETLYF	1	0	2	0.000308
CASSKGTGVNTEVFF	1	0	1	0.000154
CASSIKNQDTQYF	1	0	1	0.000154
CASGDRDWGGEQYF	1	0	1	0.000154
CASSQEGGGTLYF	1	0	1	0.000154
CASSLRGGGGAETLYF	1	0	1	0.000154
CTCSAGTGGVPSAETLYF	1	0	1	0.000154
CASRDRGLTEVFF	1	0	1	0.000154
CASNDWRNTLYF	1	0	1	0.000154
CASSLRDWGVDTQYF	1	0	1	0.000154
CASSLRGTGVYNSPLYF	1	0	1	0.000154
CASSQDGSPLYF	1	0	1	0.000154
CASSVSRGYAEQFF	1	0	1	0.000154
CASSRDINTEVFF	1	0	1	0.000154
CASSIVGDQDTQYF	1	0	1	0.000154
CASGRRDKNSPLYF	1	0	1	0.000154
CASSKQGANTGQLYF	1	0	1	0.000154
CASTRQGEVFF	1	0	1	0.000154
CASGDARRGQNTLYF	1	0	1	0.000154
CASSPQGGAETLYF	1	0	1	0.000154
CTCSADWSQNTLYF	1	0	1	0.000154
CASSIERGRRVFF	1	0	1	0.000154
CASGDARGTEVFF	1	0	1	0.000154
CSSRDRTYEQYF	1	0	1	0.000154
CASSIPYNSPLYF	1	0	1	0.000154
CASSQDNSQNTLYF	1	0	1	0.000154
CASRDRGPDTQYF	1	0	1	0.000154
CTCSADRRGVTEVFF	1	0	1	0.000154
CASSLPGRSQNTLYF	1	0	1	0.000154
CASSLWDRGSPLYF	1	0	1	0.000154
CASSRLGDSAETLYF	1	0	1	0.000154
LCQQSVATSQNTLYF	1	0	1	0.000154
CASSFTGKSPLYF	1	0	1	0.000154
CASSKTGTERLFF	1	0	1	0.000154
CASSLGGRNAEQFF	1	0	1	0.000154
CASSPGGAGTEVFF	1	0	1	0.000154
CASSQEGNTEVFF	1	0	1	0.000154
CASGDRNRNTEVFF	1	0	1	0.000154
CASSDADNTEVFF	1	0	1	0.000154
CASGAPRGLYNSPLYF	1	0	1	0.000154
CASSQTGGGDTQYF	1	0	1	0.000154
CASSQAPGGAYAEQFF	1	0	1	0.000154
CASSYQGARDTEVFF	1	0	1	0.000154
CAWSLRTEVFF	1	0	1	0.000154
CASSLDWGRAETLYF	1	0	1	0.000154
CASSLSGQGASEVFF	1	0	1	0.000154
CTCSADLGSNTEVFF	1	0	1	0.000154
CASSLTGQANTEVFF	1	0	1	0.000154
CASGDWDRVKVFF	1	0	1	0.000154
CASGDRVQDTQYF	1	0	1	0.000154
CASGDSYNSPLYF	1	0	1	0.000154
CASGDLGGPETLYF	1	0	1	0.000154
CGASPGTDLNTEVFF	1	0	1	0.000154
CASSSGANTEVFF	1	0	2	0.000308
CASSPTGGIDTQYF	1	0	1	0.000154
CGAREGTEVFF	1	0	1	0.000154
CASGDDDTQYF	1	0	1	0.000154
CASSSGQYNNQAPLF	1	0	1	0.000154
CASSIGREDTEVFF	1	0	1	0.000154
CASSQDGQGNTEVFF	1	0	2	0.000308
CASSLNSANTEVFF	1	0	1	0.000154
CASSQDLGGGAETLYF	1	0	1	0.000154
CASSLGDPEVFF	1	0	1	0.000154
CASGDRADTEVFF	1	0	1	0.000154
CASSPGTAQDTQYF	1	0	2	0.000308
CASGDRLGVNQDTQYF	1	0	1	0.000154
CASSLSGDWNTGQLYF	1	0	1	0.000154
CASSYRGTEVFF	1	0	1	0.000154
CASSSGTANTEVFF	1	0	1	0.000154
CASSLGGGAGIEQYF	1	0	1	0.000154
CASGDAPGNSPLYF	1	0	1	0.000154
CASSLVRGRNSPLYF	1	0	1	0.000154
CASSGTLTEVFF	1	0	1	0.000154
CTCSANRANTEVFF	1	0	1	0.000154
CASSRDRENTEVFF	1	0	1	0.000154
CSSSQSVGRDTQYF	1	0	2	0.000308
CASSRTNNQDTQYF	1	0	1	0.000154
CASSAGCNYAEQFF	1	0	1	0.000154
CAWSAGAEVFF	1	0	1	0.000154
CASTDRPDTEVFF	1	0	1	0.000154
CASSQDSDTEVFF	1	0	1	0.000154
CASSMTGPNTEVFF	1	0	1	0.000154
CAWSPTGANTLYF	1	0	1	0.000154
YERASPNTGQLYF	1	0	1	0.000154
CASSHYNSPLYF	1	0	1	0.000154
CGARLGGGAETLYF	1	0	1	0.000154
CASSHRREVFF	1	0	1	0.000154
CASSNRQYTEVFF	1	0	1	0.000154
CGARGDTEVFF	1	0	1	0.000154
CASRNREDTEVFF	1	0	1	0.000154
CASSLGRGPNTEVFF	1	0	1	0.000154
CASSIDRGQNTLYF	1	0	1	0.000154
CASSQGQITEVFF	1	0	1	0.000154
CASSLDRGRDTEVFF	1	0	1	0.000154
CAWNRGRGQDTQYF	1	0	1	0.000154
CASSLGFSAETLYF	1	0	1	0.000154
CAWAGTEVFF	1	0	1	0.000154
CASSPTGRDTEVFF	1	0	1	0.000154
CASSFLGGNTEVFF	1	0	1	0.000154
CASSLDANTEVFF	1	0	1	0.000154
CASSDGQGTNTEVFF	1	0	1	0.000154
CASSIGAGVFF	1	0	1	0.000154
CASSDGTINTEVFF	1	0	1	0.000154
CASSQEGTSNTEVFF	1	0	1	0.000154
CASSLKGANTEVFF	1	0	1	0.000154
CASSPPGTGGDTQYF	1	0	1	0.000154
CAWRNSPLYF	1	0	1	0.000154
CGARDRPRGTEVFF	1	0	1	0.000154
CASSQEAGSGNTEVFF	1	0	1	0.000154
CASSEGQNTEVFF	1	0	1	0.000154
CASSQQGRGTEVFF	1	0	1	0.000154
CASRLDRNTEVFF	1	0	1	0.000154
CTCSADWRQNTEVFF	1	0	1	0.000154
CASSLPYRDKNTEVFF	1	0	1	0.000154
CASSLPPGLGGYEQYF	1	0	1	0.000154
CASRRLGSSAETLYF	1	0	1	0.000154
CASSIGGASGNTLYF	1	0	1	0.000154
CASSLSDRGTEVFF	1	0	1	0.000154
CASSPRRPNTEVFF	1	0	1	0.000154
CASSIGLGASQNTLYF	1	0	1	0.000154
CASSSTGGAYTQYF	1	0	1	0.000154
CASSLEEVFF	1	0	1	0.000154
CAWSSGTGTEVFF	1	0	1	0.000154
CASSQAPGASQNTLYF	1	0	1	0.000154
CASSYGGYNSPLYF	1	0	1	0.000154
CASSIGDKEVFF	1	0	1	0.000154
CTCSAGGDTQYF	1	0	1	0.000154
CASRDRGYNSPLYF	1	0	1	0.000154
CASSLSRGNTEVFF	1	0	1	0.000154
CASSGTANTEVFF	1	0	1	0.000154
CASSLGGTGQLYF	1	0	1	0.000154
CASSKTYNSPLYF	1	0	1	0.000154
CASSPIGAYAEQFF	1	0	1	0.000154
CASSLTGTGDAEQFF	1	0	1	0.000154
CASSMKWGNTEVFF	1	0	1	0.000154
CASSPGTANTEVFF	1	0	1	0.000154
CASGQANTEVFF	1	0	1	0.000154
CASGGGTGTEVFF	1	0	1	0.000154
CASSRWGEGDTLYF	1	0	1	0.000154
CASSQDGNQDTQYF	1	0	1	0.000154
CTCSAQISNVRLFF	1	0	2	0.000308
CASSFSGGYAEQFF	1	0	1	0.000154
CASSHPGQGRWVFF	1	0	1	0.000154
CASSWDYTEVFF	1	0	1	0.000154
CASSQDGNTEVFF	1	0	1	0.000154
CASSFDNTEVFF	1	0	1	0.000154
CASSWGANTEVFF	1	0	1	0.000154
CASSPPGTANTEVFF	1	0	1	0.000154
CAIGGTNTEVFF	1	0	1	0.000154
CASSLDWGGLEEQYF	1	0	1	0.000154
CASSLMGNTEVFF	1	0	1	0.000154
CASSHRTNTEVFF	1	0	1	0.000154
CASGGTNTEVFF	1	0	1	0.000154
CSSRTVNQDTQYF	1	0	1	0.000154
CASSFELGGREQYF	1	0	1	0.000154
CASSFFWGDSETLYF	1	0	1	0.000154
CASSCDWGGDNYAEQFF	1	0	1	0.000154
CAWSQGATEVFF	1	0	1	0.000154
CASGDGTGNTEVFF	1	0	1	0.000154
CASSGGGGQDTQYF	1	0	1	0.000154
CASSDLGGGEQYF	1	0	1	0.000154
CASGARTGGGSYEQYF	1	0	1	0.000154
CASSRDWGDTGQLYF	1	0	1	0.000154
CASSDPGGSSAETLYF	1	0	1	0.000154
CASSQSGWGDAETLYF	1	0	1	0.000154
CASSNWGAETLYF	1	0	1	0.000154
CASSMGGNSGNTLYF	1	0	1	0.000154
CASSTGTGGGHQDTQYF	1	0	1	0.000154
CTCSADYLGVFEQYF	1	0	1	0.000154
VPAALEQYF	1	0	1	0.000154
CASSSGLRGGYEQYF	1	0	1	0.000154
CASSPSGGTYEQYF	1	0	1	0.000154
