CDR3.UniqueAA.Seq	S_AA_Untreated_Controls_ExpU_A_229_tumor_CloneCount	S_AA_Untreated_Controls_ExpU_A_229_tumor_Frequency	S_AA_Untreated_Controls_ExpU_A_233_tumor_CloneCount	S_AA_Untreated_Controls_ExpU_A_233_tumor_Frequency
CASSQDETGGYEQYF	106	0.029775281	1	0
CASSIRGVYAEQFF	83	0.023314607	1	0
CASSLAGNYAEQFF	51	0.014325843	1	0
CTCSVSNERLFF	51	0.014325843	1	0
CASSQDFDWGGYEQYF	50	0.014044944	1	0
CAWSLPSGNTLYF	40	0.011235955	1	0
CASSWDRAYEQYF	31	0.008707865	1	0
CSSSRDWGNTGQLYF	30	0.008426966	1	0
CASSDAGQGKGEQYF	30	0.008426966	1	0
CASSFGGLVNERLFF	28	0.00786527	1	0
CTCSADSYEQYF	31	0.008707865	1	0
CASSQTGYEQYF	26	0.007303371	2	0.000506
CASSLANSDYTF	26	0.007303472	1	0
CASSQDSSGNTLYF	24	0.006741573	1	0
CTCSADGGRDAEQFF	24	0.006741573	1	0
CGARDRDSDYTF	22	0.006179775	1	0
CTCSADAEQFF	20	0.005617978	1	0
CTCSAGDWGGYEQYF	19	0.005337079	1	0
CASGGQNSDYTF	19	0.005337079	1	0
CASSQEWGQDSDYTF	19	0.005337079	1	0
CASSRTGGANSDYTF	18	0.00505618	1	0
CASSRDWGVEQYF	17	0.004775281	1	0
CTCSYRGLYAEQFF	18	0.005056281	1	0
CGARQGNTLYF	17	0.004775281	1	0
CAWSLDTNTEVFF	17	0.004775281	1	0
CGAPGQNAEQFF	16	0.004494382	1	0
CASSITANSDYTF	16	0.004494382	1	0
CASGDRQSSYEQYF	17	0.004775382	1	0
CGARVRGNSDYTF	15	0.004213483	13	0.003286148
CASSLGLGAYEQYF	15	0.004213483	1	0
CASSHVTASQNTLYF	15	0.004213483	1	0
CASSAGLGSYEQYF	14	0.003932584	1	0
CTCSASRDRATLYF	13	0.003651685	1	0
CTCSASGTGQLYF	13	0.003651685	1	0
CASGDEDWGYEQYF	13	0.003651685	1	0
CASSRDSGNTLYF	16	0.004494685	1	0
CASSQGQYEQYF	13	0.003651685	1	0
CAIYEQYF	13	0.003651685	1	0
CASSLPSYNNQAPLF	13	0.003651685	1	0
CASSLGGQGAPNERLFF	12	0.003370787	1	0
CASSFAGGSQNTLYF	12	0.003370787	1	0
CTCSLGVGDTQYF	12	0.003370787	1	0
CGARGQYNNQAPLF	12	0.003370787	1	0
CASSCRDISAETLYF	12	0.003370787	1	0
CTCSAAWGQNTLYF	12	0.003370787	1	0
CASGEPASGNTLYF	11	0.003089888	1	0
CTCSLSNERLFF	11	0.003089888	1	0
CTCSAGDRTYEQYF	11	0.003089888	1	0
CTCSAEGQGSSYEQYF	10	0.002808989	1	0
CASGGPGQGPQAPLF	10	0.002808989	1	0
CASSHGTGGFAEQFF	10	0.002808989	1	0
CGARGQGNERLFF	10	0.002808989	1	0
CTCSAAWGETLYF	10	0.002808989	1	0
CASGDAGEGEQYF	10	0.002808989	1	0
CASSLEAEQFF	10	0.002808989	1	0
CASSLVRGNSDYTF	10	0.002808989	1	0
CASSLTPGDYEQYF	10	0.002808989	1	0
CASGDGLGFYAEQFF	9	0.00252809	1	0
CASSQEWYYEQYF	9	0.00252809	1	0
CASSGTTQNTLYF	9	0.00252809	1	0
CASSHRRGGIERLFF	9	0.00252809	1	0
CASSIGLGGRVNTLYF	9	0.00252809	1	0
CASSQLGGRQDTQYF	9	0.00252809	1	0
CASSLAATLYF	9	0.00252809	1	0
CASSQVGGANTGQLYF	9	0.00252809	1	0
CASSPRYAETLYF	8	0.002247191	1	0
CTCRSGTGDSDYTF	8	0.002247191	1	0
CGARLGGAEQFF	8	0.002247191	1	0
CASSPVNTGQLYF	8	0.002247191	1	0
CASSQGTGAYEQYF	8	0.002247191	1	0
CTCSADRVQDTQYF	8	0.002247191	1	0
CASSQDARGGNTLYF	8	0.002247191	1	0
CASSQEWDQAPLF	9	0.002528191	1	0
CASSPGQDFGNTLYF	8	0.002247191	1	0
CASSLVGAGNTLYF	8	0.002247191	11	0.002780806
CASSRDIYEQYF	7	0.001966292	1	0
CASSLGTGALYEQYF	7	0.001966292	1	0
CASSLWEYEQYF	7	0.001966292	1	0
CASSLWGQRQLYF	7	0.001966292	1	0
CASSPGLGYAEQFF	7	0.001966292	1	0
CASSAPGTGETLYF	7	0.001966292	1	0
CASSQDFSQNTLYF	7	0.001966292	1	0
CASSLGLPSAETLYF	7	0.001966292	1	0
CASSIGQGGNTLYF	7	0.001966292	1	0
CASSHRDRGLEQYF	7	0.001966292	1	0
CASSPGQGNSGNTLYF	7	0.001966292	1	0
CASGGDWVQYF	6	0.001685393	1	0
CASSIEGGPNERLFF	6	0.001685393	1	0
CASSWTGGYAEQFF	10	0.002808989	1	0
CGARDTGQLYF	6	0.001685393	1	0
CASSIWGASSYEQYF	6	0.001685393	1	0
CASRTTGIEQYF	6	0.001685393	1	0
CTCSADMRLDSYEQYF	6	0.001685393	1	0
CTCSAAGLGDLEQYF	6	0.001685393	1	0
CASSQDWGGGYAEQFF	6	0.001685393	1	0
CASSLQKHSGNTLYF	6	0.001685393	1	0
CASSPTTGIYAEQFF	6	0.001685393	1	0
CASSQEGAGNERLFF	6	0.001685393	1	0
CASSQERFQNTLYF	6	0.001685393	1	0
CASSPGQGARGAETLYF	6	0.001685393	1	0
CGARGTGGRQNTLYF	6	0.001685393	1	0
CASSLGDWGTGQLYF	6	0.001685393	1	0
CASTGQANTGQLYF	6	0.001685393	1	0
CASSELGQDTQYF	6	0.001685393	1	0
CASSQINTGQLYF	6	0.001685393	1	0
CASRGTGGGEQYF	6	0.001685393	1	0
CASSDREYEQYF	5	0.001404494	1	0
CASSGTGGVEQYF	5	0.001404494	1	0
CTCSAGGGQAPLF	5	0.001404494	1	0
CASSLAGGQDTQYF	5	0.001404494	1	0.000253
CASSLSRADTQYF	5	0.001404494	1	0
CTCSAGGASQNTLYF	5	0.001404494	1	0
CGARDRGRASDYTF	5	0.001404494	1	0
CASSLGRDEQYF	5	0.001404494	1	0
CASSQEINTGQLYF	5	0.001404494	1	0
CASSLDWGQYF	5	0.001404494	1	0
CASSFGQGNTGQLYF	5	0.001404494	1	0
CGARVGGTLYF	5	0.001404494	1	0
CASSLVVNSDYTF	5	0.001404494	1	0
CASSLVRGSQNTLYF	6	0.001685494	1	0
CASSQDPTGGYEQYF	5	0.001404494	1	0
CASGDVGQGYEQYF	6	0.001685494	1	0
CASSLGLGQNTLYF	5	0.001404494	1	0
CASSHNWGSQNTLYF	5	0.001404494	1	0
CAWSPRDRGNTGQLYF	5	0.001404494	1	0
CASSQGQGNSDYTF	5	0.001404494	1	0
CTCSAENWGDTLYF	5	0.001404494	1	0
CASSFAKHSGNTLYF	5	0.001404494	1	0
CASSQEGGNTGQLYF	5	0.001404494	1	0.000253
CASSETAETLYF	5	0.001404494	1	0
CASSRNTEVFF	6	0.001685494	1	0
CASGDASGGAYEQYF	5	0.001404494	1	0
CASSPGGALEQYF	5	0.001404494	1	0
CARDWGAEQFF	5	0.001404494	1	0
CASSRDRISGNTLYF	4	0.001123596	1	0
CASRRLGGQDTQYF	6	0.001685596	1	0
CASSFRDNYAEQFF	4	0.001123596	1	0
CASSQGGQNTLYF	4	0.001123596	1	0
CASSTRPNSGNTLYF	4	0.001123596	1	0
CTCSARDRANYAEQFF	4	0.001123596	1	0
CASSLTGGIYAEQFF	4	0.001123596	1	0
CASSQGQGAAEQFF	4	0.001123596	1	0
CTCSAQVYNSPLYF	4	0.001123596	1	0
CASSISQGKDTQYF	4	0.001123596	1	0
CAWSQLGGLYAEQFF	4	0.001123596	1	0
CASSLTGGADTQYF	7	0.001966596	4	0.001011122
CTCSAVGNTGQLYF	4	0.001123596	1	0
CASSQDRGANTGQLYF	4	0.001123596	1	0
CASGDAWGALQDTQYF	4	0.001123596	1	0
CASSRQGDTGQLYF	4	0.001123596	1	0
CASSLDGGNSDYTF	4	0.001123596	1	0
CASSQEGTGDNQAPLF	4	0.001123596	1	0
CASGDWDSAETLYF	4	0.001123596	1	0
CASSLEAGQGSDYTF	4	0.001123596	1	0
CASSLRDWGGHTQYF	4	0.001123596	1	0
CGAGLGGDTGQLYF	4	0.001123596	1	0
CASSGDRGRGTEVFF	4	0.001123596	1	0
CASSLEGGAGSDYTF	4	0.001123596	1	0
CASSKTGGRQLYF	4	0.001123596	1	0
CTCSAGGTEVFF	4	0.001123596	11	0.002780806
CASSFSGNTEVFF	4	0.001123596	1	0
CASGDAGQVSNERLFF	4	0.001123596	1	0
CGARAGGSYEQYF	4	0.001123596	1	0
CAWSPGNTLYF	4	0.001123596	1	0
CASSAGLGYEQYF	4	0.001123596	1	0
CASSQVRHSDYTF	4	0.001123596	1	0
CASSLDISNERLFF	4	0.001123596	1	0
CASGDAPGNNNQAPLF	3	0.000843	1	0
CASRRDWGEGAEQFF	3	0.000843	1	0
CASSLDLGYEQYF	3	0.000843	1	0
CASFEQYF	3	0.000843	1	0
CSSSQRRGSYEQYF	3	0.000843	1	0
CASSFEQYF	3	0.000843	1	0
CGARGTINTGQLYF	3	0.000843	1	0
CASSLDDKREQYF	3	0.000843	1	0
CASSLGLSNERLFF	3	0.000843	1	0
CASSGLGGYAEQFF	3	0.000843	1	0
CASGALGGRDAETLYF	3	0.000843	1	0
CASGDGGGAGDTQYF	3	0.000843	1	0
CASSLDGDGAEQFF	3	0.000843	1	0
CASGGFGGTGQLYF	3	0.000843	1	0
CASGDGGQNTLYF	3	0.000843	1	0
CASSLEANSNERLFF	3	0.000843	1	0
CASRNYAETLYF	3	0.000843	1	0
CASSLGQYAEQFF	3	0.000843	1	0
CTCSASPGQQDTQYF	3	0.000843	1	0
CASSLEGLGYQNTLYF	3	0.000843	1	0
CASSLVGTGMAETLYF	3	0.000843	1	0
CASGGPGQAYNNQAPLF	3	0.000843	1	0
CASSQPGLGGRYAEQFF	3	0.000843	1	0
CASSLNWGRTLYF	3	0.000843	1	0
CASSQPGHYNSPLYF	3	0.000843	1	0
CASSADRAQDTQYF	3	0.000843	1	0
CASSQETGNTGQLYF	3	0.000843	1	0
LCQQSRDRGAETLYF	3	0.000843	1	0
CASRPGLGQDTQYF	4	0.001124	1	0
CTCSAAGRANTLYF	3	0.000843	1	0
LCQQSGTHQDTQYF	3	0.000843	1	0
CASSPDQDTQYF	3	0.000843	1	0
CASSLGTINERLFF	3	0.000843	1	0
CTCSAMGGGAETLYF	3	0.000843	1	0
CASSLQGAQDTQYF	3	0.000843	1	0
CASSQDTEVFF	3	0.000843	1	0
CAWSLDRGRNSPLYF	3	0.000843	1	0
LCQQPSGTGGFYAEQFF	3	0.000843	1	0
CASSLYLGRNAETLYF	3	0.000843	1	0
CASSGTSNERLFF	3	0.000843	1	0
CAWSLPGGRYAEQFF	3	0.000843	1	0
CASSPGLGIYAEQFF	4	0.001124	1	0
CASSEWDKNSYNSPLYF	3	0.000843	1	0
CTCRRGQGSTEVFF	3	0.000843	1	0
CASSPRTGGYAEQFF	4	0.001124	1	0
CASSSDREGQNTLYF	3	0.000843	1	0
CGALDWGGAYAEQFF	3	0.000843	1	0
CASSYPRLGYAEQFF	3	0.000843	1	0
CASSLAGTEVFF	3	0.000843	1	0
CASGDAWGAYEQYF	3	0.000843	1	0
CASSDAGQGAGEQYF	3	0.000843	1	0
CASSSCYEQYF	3	0.000843	1	0
CASGRDNNNQAPLF	3	0.000843	1	0
CASSRGGGYEQYF	3	0.000843	1	0
CTCSSTNERLFF	3	0.000843	1	0
CASSLDWGGNYAEQFF	3	0.000843	1	0
CASGTTNSDYTF	3	0.000843	1	0
CASSQGYEQYF	2	0.000562	1	0
CASSFSYEQYF	2	0.000562	1	0
CSSSQLGGSYEQYF	2	0.000562	1	0
CASSLWGGVEQYF	2	0.000562	1	0
CASSLRGQYF	2	0.000562	1	0
CASSSRDWGYEQYF	2	0.000562	1	0
CASSEKTGGSYEQYF	2	0.000562	1	0
CASRTGGASYEQYF	2	0.000562	1	0
CASSIVGAHEQYF	2	0.000562	1	0
CASSGNSYEQYF	2	0.000562	1	0
CTCSAEVEQYF	2	0.000562	1	0
CTCSAPRGGEEQYF	2	0.000562	1	0
CASGDIYEQYF	2	0.000562	1	0
CASSRIRGLSYEQYF	2	0.000562	1	0
CASSLTGDSDYTF	2	0.000562	1	0
CASSGTVSSYEQYF	2	0.000562	1	0
CASSRQGGLFF	2	0.000562	1	0
CASSLSGWGSSYEQYF	2	0.000562	1	0
CGARQHRGSSYEQYF	2	0.000562	1	0
CASSRGQQYF	2	0.000562	1	0
CTCSDQISGNTLYF	2	0.000562	1	0
CASSPGSGNTLYF	2	0.000562	1	0
CASSRAGWGGYEQYF	2	0.000562	1	0
CTCSARDWEHYEQYF	2	0.000562	1	0
CASSRDWGEYEQYF	2	0.000562	1	0
CASSRESSYEQYF	2	0.000562	1	0
CTCSGGQGSNERLFF	2	0.000562	1	0
CASSELGGPSYEQYF	2	0.000562	1	0
CGARDWGDSYEQYF	2	0.000562	1	0
CSSSQGRNSGNTLYF	2	0.000562	1	0
CASSAGLPVEQYF	2	0.000562	1	0
CASGETGEQYF	2	0.000562	1	0
CASGDWGYEQYF	2	0.000562	1	0
CTCSATWGGYEQYF	2	0.000562	1	0
CTCSGTGGGGQYF	2	0.000562	1	0
CASSGTGDTQYF	2	0.000562	1	0
CASSQGTAYEQYF	2	0.000562	1	0
CASSPIYEQYF	2	0.000562	1	0
CASSPPGQGAERLFF	2	0.000562	1	0
CASGETGTSAETLYF	2	0.000562	1	0
CASSDNNQAPLF	2	0.000562	1	0
CASSLHNNYAEQFF	2	0.000562	1	0
CASRRTGGSYEQYF	2	0.000562	1	0
CASSAWVLSGNTLYF	2	0.000562	1	0
CGAGTGGYEQYF	2	0.000562	1	0
CTCSAGGTKQYF	2	0.000562	1	0
CASRLGDYEQYF	2	0.000562	1	0
CASSERWYEQYF	2	0.000562	1	0
CASGDAGNTLYF	4	0.001124	1	0
CASGAVRGPYEQYF	2	0.000562	1	0
CATMNWGGYEQYF	2	0.000562	1	0
CASSLDRGNEQYF	2	0.000562	1	0
CASSQDYWGAYEQYF	2	0.000562	1	0
LCQQSRLGVSSYEQYF	2	0.000562	1	0
CAWRTGGYEQYF	2	0.000562	1	0
CASSSWGYEQYF	2	0.000562	1	0
CASSRTGGDYAEQFF	2	0.000562	1	0
CASSSSRYEQYF	2	0.000562	1	0
CASSQDQGLGGYEQYF	2	0.000562	1	0
CTCSAGTTNERLFF	2	0.000562	1	0
CASPGTGAYEQYF	2	0.000562	1	0
CASSLSEQYF	2	0.000562	1	0
CASSPGLGGLEQYF	2	0.000562	1	0
CASSFTISNERLFF	2	0.000562	1	0
CASSRDGTGGVGQYF	2	0.000562	1	0
CASSRTGGFYEQYF	2	0.000562	1	0
CASSRLGDSYEQYF	2	0.000562	1	0
CASSRDWGGYEQYF	2	0.000562	1	0
CASTRDWGSSYEQYF	2	0.000562	1	0
CASSSRDRGIEQYF	2	0.000562	1	0
CASSLDSYEQYF	2	0.000562	1	0
CASSDWGSSYEQYF	2	0.000562	1	0
CASSLGWGDYEQYF	2	0.000562	1	0
CASSLHRVGQYF	2	0.000562	1	0
CASSLPGPLSYEQYF	2	0.000562	1	0
CASSRGAYEQYF	2	0.000562	1	0
CASSFEYLSNERLFF	2	0.000562	1	0
CASSLVWGGSYEQYF	2	0.000562	1	0
CASSQGREQYF	2	0.000562	1	0
CASSPCSGNTLYF	3	0.000843	1	0
CASSQGTGGYEQYF	2	0.000562	1	0.000253
CASSDNSYEQYF	2	0.000562	1	0
CASSQDTGGAEQYF	2	0.000562	1	0
CASSLAGLGVWEQYF	2	0.000562	1	0
CASSPGTNSGNTLYF	2	0.000562	1	0
CGATANSDYTF	2	0.000562	1	0
CASSDWGSYEQYF	2	0.000562	1	0
CASSGGQGGEQYF	2	0.000562	1	0
CGARQGGNQAPLF	2	0.000562	1	0
CASSLRWGGVEQYF	2	0.000562	1	0
CASSEENTYEQYF	2	0.000562	1	0
CASSLRGDNNQAPLF	2	0.000562	1	0
CASRDRASSDYTF	2	0.000562	1	0
CGAREGAGTGQLYF	2	0.000562	1	0
CGARLGGYEQYF	2	0.000562	1	0
CGARDWGSSYEQYF	2	0.000562	1	0
CASSQEAGGNEQYF	2	0.000562	1	0
CGALRASGNTLYF	2	0.000562	1	0
CASSLGGAGNTLYF	2	0.000562	1	0
CAWRDWGSSYEQYF	2	0.000562	1	0
CASRQSSYEQYF	2	0.000562	1	0
CASRPGGDEQYF	2	0.000562	1	0
CASSLAGENSDYTF	2	0.000562	1	0
CASSLDWGSEQYF	2	0.000562	1	0
CASSPRGWGSYEQYF	2	0.000562	1	0
CASSRANYEQYF	2	0.000562	1	0
CASSLGDREGSDYTF	2	0.000562	1	0
LCQQSGQGTNERLFF	2	0.000562	1	0
CGARDRGRDTQYF	3	0.000843	1	0
CASSLRQGTYEQYF	2	0.000562	1	0
CASRDWGGSYEQYF	2	0.000562	1	0
CASSLGHSGNTLYF	2	0.000562	3	0.000758
CASSLAGARDTQYF	2	0.000562	1	0
CAWRRDWGVLYEQYF	2	0.000562	1	0
CASSRDWGGPYEQYF	2	0.000562	1	0
CASSELSAETLYF	2	0.000562	1	0
CASSLGLGLGEQYF	2	0.000562	1	0
LCQQSVVDRVNQAPLF	2	0.000562	1	0
CASSPQGAGGNTLYF	2	0.000562	1	0.000253
CASSFGTANSDYTF	2	0.000562	1	0
CASSRDRNTGQLYF	3	0.000843	1	0
CASSPRGSNERLFF	2	0.000562	1	0
CASSFQANSDYTF	2	0.000562	1	0
CASSSGTNTGQLYF	2	0.000562	1	0
CASSLGVGNTLYF	2	0.000562	1	0
CASSPRRGHQAPLF	2	0.000562	1	0
CASSPTANSDYTF	2	0.000562	1	0.000253
CASSPRGISNERLFF	2	0.000562	1	0
CAWAGTGGAGAEQFF	2	0.000562	1	0
CASRERGKDTQYF	2	0.000562	1	0
CASSIQGRGQDTQYF	2	0.000562	1	0
CASGSQNTLYF	2	0.000562	1	0
CASSITGGGNSPLYF	2	0.000562	1	0
CASSSGQGWYAEQFF	2	0.000562	1	0
CASSDWTGQDTQYF	2	0.000562	1	0
CASSLSNSAETLYF	2	0.000562	1	0
CASGDAWGVNQDTQYF	2	0.000562	1	0
CASSNRDWGSQNTLYF	2	0.000562	1	0
CASSLAGQGNTQYF	2	0.000562	1	0
LCQQSAEQFF	2	0.000562	1	0
CASSQDWGVDTLYF	2	0.000562	1	0
CASSFSTGEGTLYF	2	0.000562	1	0
CAWSRGGQDTQYF	2	0.000562	1	0
CASSLWGGQDTQYF	2	0.000562	1	0
CASSFGLGAETLYF	2	0.000562	1	0
CASSLAWGQDTQYF	2	0.000562	1	0
CASSIGWGGQDTQYF	2	0.000562	1	0
CGARERGSGNTLYF	2	0.000562	1	0
CASSLDFQGQNTLYF	2	0.000562	1	0
CASSLAGGNTEVFF	2	0.000562	1	0
CASSQERDRVVFF	2	0.000562	1	0
CASSTGANTEVFF	2	0.000562	1	0
CASSLAGATEVFF	2	0.000562	1	0
CASSGTGGKDTQYF	2	0.000562	1	0
CASSFVGNTLYF	2	0.000562	1	0
CASSLVRGWGTEVFF	2	0.000562	1	0
CASSPDREVFF	2	0.000562	1	0
CASSGRAEVFF	2	0.000562	1	0
CASSTYRGITEVFF	2	0.000562	1	0
CASSFGTGGQNTLYF	2	0.000562	1	0
CASSPGQNTEVFF	2	0.000562	1	0
CASSFDWGGANTLYF	2	0.000562	1	0
CASSLVQGTEVFF	2	0.000562	1	0
CASGDAGTEVFF	2	0.000562	1	0.000253
CASSLDDRGDTEVFF	2	0.000562	1	0
CTCSADSWKQYF	2	0.000562	1	0
CASSQAGPYEQYF	2	0.000562	1	0
CASSIGSSEQYF	2	0.000562	1	0
CASSEDSSYEQYF	2	0.000562	1	0
CASSDWGDYEQYF	2	0.000562	1	0
CASSFWDSYEQYF	2	0.000562	1	0
CASSEQGAGEQYF	2	0.000562	1	0
CTCSADRTGGAEQFF	2	0.000562	1	0
CASSGTGGTEQYF	2	0.000562	1	0
CASSTDSYEQYF	2	0.000562	1	0
CASSPGQSSYEQYF	2	0.000562	1	0
CASSIAGYEQYF	3	0.000843	1	0
CAWSRTGGYGEQYF	2	0.000562	1	0
CASSPRGQIEEQYF	2	0.000562	1	0
CTCSELGDYEQYF	2	0.000562	1	0
CASSTQGNSGNTLYF	2	0.000562	1	0
CASSGGAGNTLYF	2	0.000562	1	0
CASSLRDRGREQYF	2	0.000562	1	0
CASGDGLGGLEQYF	3	0.000843	1	0
CASGDADEQYF	2	0.000562	1	0
CASSSGTGGSYEQYF	2	0.000562	1	0
CASSGGQVSYEQYF	2	0.000562	1	0
CASSDGWVSYEQYF	2	0.000562	1	0
CASSFSGTGAFYEQYF	2	0.000562	1	0
CASGDWGGWEQYF	2	0.000562	1	0
CASSSWGGAEQYF	2	0.000562	1	0
CTCSAAGAGNTLYF	2	0.000562	1	0
CASILGYEQYF	2	0.000562	1	0
CASGRGLGGRRQYF	2	0.000562	1	0
CASRDRGDTGQLYF	2	0.000562	1	0
CASSDWGVYEQYF	2	0.000562	1	0
CASSGDWGTYEQYF	2	0.000562	1	0
CAWRDKFYEQYF	2	0.000562	1	0
CASSMVNYAEQFF	2	0.000562	1	0
CASSRQSYEQYF	2	0.000562	1	0
CTCSAADWGYEQYF	2	0.000562	2	0.000506
CASSGTGGSDYTF	2	0.000562	1	0
CASSDRGEQYF	2	0.000562	1	0
CASSYWGLSYEQYF	2	0.000562	1	0
CTCSAGSSDYTF	2	0.000562	1	0
CTCSGDWSFYEQYF	2	0.000562	1	0
CASSSLGTAYEQYF	2	0.000562	1	0
CASSLDERLFF	2	0.000562	1	0
CASSLGDNYEQYF	2	0.000562	1	0
CASSIHSGNTLYF	2	0.000562	1	0
CASSLWASYEQYF	2	0.000562	1	0
CASGDGGGAYEQYF	2	0.000562	1	0
CASSLYRGRDNQAPLF	2	0.000562	1	0
CASSHRDWGYEQYF	2	0.000562	1	0
CASREPGSNERLFF	2	0.000562	1	0
CASSQEGTGYEQYF	2	0.000562	1	0
CASSLLGGYEQYF	2	0.000562	1	0
CTCSAGNTGQLYF	2	0.000562	4	0.001011122
CASSLDAEQFF	2	0.000562	1	0
CASSQEGDISYEQYF	2	0.000562	1	0
CTCSVRDRDGNTLYF	2	0.000562	1	0
CASSIRTNERLFF	2	0.000562	1	0
CASSLLAYEQYF	2	0.000562	1	0
CASGDAGGANSDYTF	2	0.000562	50	0.012639468
CASSPTGGYEQYF	2	0.000562	1	0
CASSLVGGDEQYF	2	0.000562	1	0
CASSQETGVYEQYF	2	0.000562	1	0
CASSRTANSDYTF	2	0.000562	1	0
CTCSAGGAGNTLYF	2	0.000562	1	0
CASRTGTGTYEQYF	2	0.000562	1	0
CASSGTGGSTGQLYF	2	0.000562	1	0
CASSLWGYEQYF	2	0.000562	1	0
CASSSPDWEQYF	2	0.000562	1	0
CTCSDRDNSGNTLYF	2	0.000562	1	0
CASSLWTGGRNERLFF	2	0.000562	1	0
CGADSEQYF	2	0.000562	1	0
CGARTGGNEQYF	2	0.000562	1	0
CASSRRLGNYAEQFF	2	0.000562	1	0
CASSHSYEQYF	2	0.000562	1	0
CASSQGGAGEQYF	2	0.000562	1	0
CASSQDLDRDYEQYF	2	0.000562	1	0
CACRSGQGNSDYTF	2	0.000562	1	0
CASSPQHNNQAPLF	2	0.000562	1	0
CASSLGAGNTLYF	3	0.000843	1	0
CASSSGQYEQYF	3	0.000843	1	0
CASSLLGNGNTLYF	2	0.000562	1	0
CTCSAEGQNTLYF	2	0.000562	1	0
CASSLDREEQYF	2	0.000562	1	0
CASSSRDWVYEQYF	2	0.000562	1	0
CASSYSYEQYF	2	0.000562	1	0
CASSPPGTGGYEQYF	2	0.000562	1	0
CASSPTGFERLFF	2	0.000562	1	0
CASSRDYEQYF	2	0.000562	1	0
CASSSRRNTGQLYF	2	0.000562	1	0
CASSLGGFNNQAPLF	2	0.000562	1	0
CASSPAGNTLYF	2	0.000562	1	0
CASSYPGQNYEQYF	2	0.000562	1	0
CASSQDPRGEQYF	2	0.000562	1	0
CASSQGGYEQYF	2	0.000562	1	0
CASSYWSSYEQYF	2	0.000562	1	0
CASYRGLTGQLYF	2	0.000562	1	0
CASSLWGERLFF	2	0.000562	1	0
CASSLANSGNTLYF	2	0.000562	1	0
CASSLADNYAEQFF	2	0.000562	1	0
CASSLTGGNTGQLYF	2	0.000562	1	0
CASSWGQNSGNTLYF	2	0.000562	1	0
CASSRDRYAEQFF	2	0.000562	1	0
CASSLELGVSYEQYF	2	0.000562	1	0
CASSFNSDYTF	2	0.000562	1	0
CASSLESGGRLEQYF	2	0.000562	1	0
CASSSGRRSGNTLYF	2	0.000562	1	0
CASSLAQGQAPLF	2	0.000562	1	0
CASGPDWGGAYEQYF	1	0.000281	1	0
CASSIDRVSERLFF	1	0.000281	1	0
CASSRTGGREQYF	1	0.000281	1	0
CASSETGGEQYF	2	0.000562	1	0
CASGDAAGSSYEQYF	2	0.000562	1	0
CASGDATGGTYEQYF	1	0.000281	1	0
CASSWTFSGNTLYF	1	0.000281	1	0
CASGDATLGGNEQYF	1	0.000281	1	0
CASSPDERLFF	1	0.000281	1	0
CASSRRGENTLYF	1	0.000281	1	0
CASSIWQGAGNTLYF	1	0.000281	1	0
CASRTGGYEQYF	1	0.000281	1	0
CASGSYSGNTLYF	1	0.000281	1	0
CASSQESGNTLYF	1	0.000281	1	0
CASSHRGPNYAEQFF	2	0.000562	1	0
CASSGTFSGNTLYF	1	0.000281	1	0
CASRDRGAEQFF	1	0.000281	1	0
CASSIGEGNTGQLYF	1	0.000281	1	0
CASSLESYEQYF	1	0.000281	1	0
CASSGTVSGNTLYF	1	0.000281	1	0
CASSEWEAGNTLYF	1	0.000281	1	0
CASSGGAGRDTQYF	1	0.000281	1	0
CARAKYAEQFF	1	0.000281	1	0
CASSQDGRGNERLFF	1	0.000281	1	0
CASSLTGGSGNTLYF	1	0.000281	1	0
CASRSTGVYAEQFF	1	0.000281	1	0
CASGDPGTSSAETLYF	1	0.000281	1	0
CTCSAPPGDEQYF	1	0.000281	1	0
CASSRDTSNERLFF	1	0.000281	1	0
CASGDAGGTNERLFF	1	0.000281	1	0
CTCSAAGNTLYF	1	0.000281	1	0
CASSLDQGRDTQYF	1	0.000281	1	0
CASSGDWGKYEQYF	1	0.000281	1	0
CASTGLGASYEQYF	1	0.000281	1	0
CASSRDNYEQYF	1	0.000281	1	0
CASRLTGGSYEQYF	1	0.000281	1	0
CASSLRGAGQLYF	1	0.000281	1	0
CASSLVSNSDYTF	1	0.000281	1	0
CASSFGGVYEQYF	1	0.000281	1	0
CASSDLGNNQAPLF	1	0.000281	1	0
CASSLRQGGSDYTF	1	0.000281	1	0
CGARDTANSDYTF	1	0.000281	1	0
CASSLHWGGSYEQYF	1	0.000281	1	0
CASSQDIYEQYF	1	0.000281	1	0
CASSSTYEQYF	1	0.000281	1	0
CASSLDWDEQYF	1	0.000281	1	0
CASSPQGENQAPLF	1	0.000281	1	0
CASSRDQNTGQLYF	1	0.000281	1	0
CGARWDNNERLFF	1	0.000281	1	0
CASSDGTPYEQYF	2	0.000562	1	0
CASGVDRAEQYF	1	0.000281	1	0
CASSIDKYEQYF	1	0.000281	2	0.000506
CASGDTGGTAEQFF	1	0.000281	1	0
CASSRDSDYTF	1	0.000281	1	0
CTCSAAGGDERLFF	1	0.000281	1	0
CASGDSQDTQYF	1	0.000281	1	0
CTCSADIKDTQYF	1	0.000281	1	0
CASSLDLANSDYTF	1	0.000281	1	0
CASSFGLGASYEQYF	1	0.000281	1	0
CASSDALGSSYEQYF	1	0.000281	1	0
CASSPGTGYAEQFF	1	0.000281	1	0
CASGDLDRGHGNTLYF	1	0.000281	1	0
CASSDPGSNTGQLYF	1	0.000281	1	0
CASSPRTGNYAEQFF	1	0.000281	1	0
CASSPGQGNSDYTF	1	0.000281	1	0
CASSTGGTGQLYF	1	0.000281	1	0
CASSLRGSGSDYTF	1	0.000281	1	0
CASSPGTAQAPLF	1	0.000281	1	0
CASSMGLEQFF	1	0.000281	1	0
CASGQISNERLFF	1	0.000281	1	0
CASSTPHSGNTLYF	1	0.000281	1	0
CASSPQGAGNTLYF	1	0.000281	1	0
CGVWGQGNERLFF	1	0.000281	1	0
CASGDDWGANYAEQFF	1	0.000281	1	0
CASSHGHISNERLFF	1	0.000281	1	0
CASSHDWVYEQYF	1	0.000281	1	0
CASSFQGGNTLYF	1	0.000281	1	0
CASSWGTANERLFF	1	0.000281	1	0
CASSPGTGGSYEQYF	1	0.000281	1	0
CTCSVTGGSDYTF	1	0.000281	1	0
CASSLGTTNERLFF	1	0.000281	1	0
CASSQDGQDTQYF	1	0.000281	1	0
CTCSADRWGKDTQYF	1	0.000281	1	0
CGAPGQGSNSDYTF	1	0.000281	1	0
CASSIGTGGSGQLYF	1	0.000281	1	0
CASSQERGQSNERLFF	1	0.000281	1	0
CASSQDPSSGNTLYF	1	0.000281	1	0
CASGDGLGANTGQLYF	1	0.000281	1	0
CASSPHKHISNERLFF	1	0.000281	1	0
CASGGTGANERLFF	2	0.000562	1	0
CASSLVRGGAEQFF	1	0.000281	1	0
CASGAAEQFF	1	0.000281	1	0
CASSLWTAYAEQFF	1	0.000281	1	0
CASSFVAGGYAEQFF	1	0.000281	1	0
CASSDWGGWAEQFF	1	0.000281	1	0
CASSLPNTGQLYF	1	0.000281	1	0
CAWSAGTGEWNTLYF	1	0.000281	1	0
CASSPGGAYAEQFF	1	0.000281	1	0
CAWSQGVEQYF	1	0.000281	1	0
CASGVRDWGDEQYF	1	0.000281	1	0
CASSPDWENYAEQFF	1	0.000281	1	0
CASGDAQFSAETLYF	1	0.000281	1	0
CASSLTRGASAETLYF	1	0.000281	1	0
CAWSLDWGGYAEQFF	1	0.000281	1	0
CASGGTGSGNTLYF	1	0.000281	1	0
CASSQGHYAEQFF	1	0.000281	1	0
CASSDRGNQAPLF	1	0.000281	1	0
CASGDPGRSNSGNTLYF	1	0.000281	1	0
CSSSQSTGGYAEQFF	1	0.000281	1	0
CASSLRDREDSDYTF	1	0.000281	1	0
CAPQGNQDTQYF	1	0.000281	1	0
CASSPRTLANTGQLYF	1	0.000281	1	0
CASSQDYVSNERLFF	1	0.000281	1	0
CASSRLGSAETLYF	1	0.000281	1	0
CASSIFSQNTLYF	1	0.000281	1	0
CASSAGRYAEQFF	1	0.000281	1	0
CTCSADRGLREQYF	1	0.000281	1	0
CASSQDRNSDYTF	1	0.000281	1	0
CASSNRGSGNTLYF	1	0.000281	1	0
CASSQGLYAEQFF	1	0.000281	1	0
CASSDDGENTGQLYF	1	0.000281	1	0
CASSLRQAPLF	1	0.000281	1	0
CGPRDRGRDTQYF	1	0.000281	1	0
CASSVPGQDYEQYF	1	0.000281	1	0
CASSRDWDWGYAEQFF	1	0.000281	1	0
CASSQEGAGTGQLYF	2	0.000562	1	0
CASSLGHYAEQFF	1	0.000281	1	0
CASSQGGGGDTQYF	1	0.000281	1	0
CASSRRDTQAPLF	1	0.000281	1	0
CASSLTGTGDYEQYF	1	0.000281	1	0
CASSLGGTGNQAPLF	1	0.000281	1	0
CAWSPGVSNERLFF	1	0.000281	1	0
CASSRNRGKGQAPLF	1	0.000281	1	0
CASSLRGTGGTDYTF	1	0.000281	1	0
CAWSQGSGNTLYF	1	0.000281	1	0
CTCSALGGREDTQYF	1	0.000281	1	0
CASSPGQGAGYAEQFF	1	0.000281	1	0
CGARRGSGNTLYF	1	0.000281	1	0
CASSPGPAYEQYF	1	0.000281	1	0
CASSSAGYEQYF	1	0.000281	1	0
CASSLETGGGYEQYF	1	0.000281	1	0
SEGQSKPNTGQLYF	1	0.000281	1	0
CASSDAFAEQFF	1	0.000281	1	0
CASSEGGANERLFF	1	0.000281	1	0
CASSRRLGGQETLYF	1	0.000281	1	0
CASSLDGVYAEQFF	1	0.000281	1	0
CASSLLSNQDTQYF	1	0.000281	1	0
CASSEVRANERLFF	1	0.000281	1	0
CASSRTSNERLFF	1	0.000281	1	0
CASSFHKNTLYF	1	0.000281	1	0
CASSPYWANYAEQFF	1	0.000281	1	0
CASSTGTGTNYAEQFF	1	0.000281	1	0
CASSLGGLEDERLFF	1	0.000281	1	0
CASGDAGWGPYAEQFF	1	0.000281	1	0
CASSATGGNYAEQFF	1	0.000281	1	0
CASSLQGARTEQFF	1	0.000281	1	0
CASSLGAQDTQYF	1	0.000281	1	0
CASGDATWGGYEQYF	1	0.000281	1	0
CASSYRDREGERLFF	1	0.000281	1	0
CASSLYQDTQYF	1	0.000281	1	0
CASSSGLGYTGQLYF	1	0.000281	1	0
CARDRDYNSPLYF	1	0.000281	1	0
CTCSAGGERLFF	1	0.000281	1	0.000253
CASSLFFRGRYAEQFF	1	0.000281	1	0
CASSQDGGRQDTQYF	1	0.000281	1	0
CASSFWGNYAEQFF	1	0.000281	1	0
CAWSLASQAPLF	1	0.000281	1	0
CASSLTGGTSAETLYF	1	0.000281	1	0
CASSQDPGGLNYAEQFF	1	0.000281	1	0
CASSQPGQYNNQAPLF	1	0.000281	1	0
CASSARAEQFF	1	0.000281	1	0
CASRRLGGAETLYF	1	0.000281	1	0
CASRDWGGPAETLYF	1	0.000281	1	0
CASSLYRRGVYAEQFF	1	0.000281	1	0
CASGDGGGDTQYF	1	0.000281	1	0
CASSPQGNQDTQYF	1	0.000281	1	0
CASIGTDNNQAPLF	1	0.000281	1	0
CASSLAEQFF	1	0.000281	1	0
CASSLSRINQAPLF	1	0.000281	1	0
CASSPHTGQLYF	1	0.000281	1	0
CASSRGTGGNTLYF	1	0.000281	1	0
CASGDPGLGYEQYF	1	0.000281	1	0
CASGDRDWGQDTQYF	1	0.000281	1	0
CASSLKGNSDYTF	1	0.000281	1	0
CASSQNINTGQLYF	1	0.000281	1	0
CASGDLGTGHTLYF	1	0.000281	1	0
CASSQELGGYAEQFF	1	0.000281	1	0
CASSRGLGRDTQYF	1	0.000281	1	0
CASRAGFNERLFF	1	0.000281	1	0
CASSLWEAETLYF	1	0.000281	1	0
CASSPGRSNQAPLF	1	0.000281	1	0
CASSLEGTYAEQFF	1	0.000281	1	0
CASSHGLGTNTGQLYF	1	0.000281	1	0
CASSYYWETLYF	1	0.000281	1	0
CASSQDPGLGNYAEQFF	1	0.000281	1	0
CASSRDWGWNTLYF	1	0.000281	1	0
CASSQDTGGDTGQLYF	1	0.000281	1	0
CASSDASQDTQYF	1	0.000281	1	0
CTCSAPPGGKDTQYF	1	0.000281	1	0
CASRDRGSNERLFF	1	0.000281	1	0
CTCSAVGTGGAETLYF	1	0.000281	1	0
CASKDRNYAEQFF	1	0.000281	1	0
LCQQSGGHSSAETLYF	1	0.000281	1	0
CASSPSAGQNTLYF	1	0.000281	1	0
CASSSSAETLYF	1	0.000281	1	0
CASSLGLGTGQLYF	1	0.000281	1	0
CASSQGTGPNTGQLYF	1	0.000281	1	0
CASGGGTGGEDTQYF	1	0.000281	1	0
CASSHRTGINQDTQYF	1	0.000281	1	0
CASSEQGNTGQLYF	1	0.000281	1	0
CASSTGLGAETLYF	1	0.000281	1	0
CGARDQVSSYEQYF	1	0.000281	1	0
CASSHPGQGNQAPLF	1	0.000281	1	0
CASSHLGGNYAEQFF	1	0.000281	1	0
CASGDRPGGHTLYF	1	0.000281	1	0
CATGQANSPLYF	1	0.000281	1	0
CASGDWGGYAEQFF	1	0.000281	2	0.000506
LCQQSPGANYAEQFF	1	0.000281	1	0
CASGDVLGDQDTQYF	1	0.000281	1	0
GGEWTNTGQLYF	1	0.000281	1	0
CASSWDRGFSQNTLYF	1	0.000281	1	0
CAWSPPYAEQFF	1	0.000281	1	0
CASSLTGGANTGQLYF	1	0.000281	1	0
CASSSPGRQNTLYF	1	0.000281	1	0
CAWSLVRGKGERLFF	1	0.000281	1	0
CASSLEQNQAPLF	1	0.000281	1	0
CASSLTGGNQAPLF	1	0.000281	1	0
CASRLGRDNNNQAPLF	1	0.000281	1	0
CAWSTGEGDTQYF	1	0.000281	1	0
CASSLKRQYYAEQFF	1	0.000281	1	0
CASSPPGTGISNERLFF	1	0.000281	1	0
CASSPGQSSAETLYF	1	0.000281	1	0
CTCSAVGASAETLYF	1	0.000281	1	0
CASSQESSSQNTLYF	1	0.000281	1	0
CASSLQIETLYF	1	0.000281	1	0
CASSRIWGVSAETLYF	1	0.000281	1	0
CASSRDWGYAEQFF	2	0.000562	6	0.001516684
CASSDPPGEDTQYF	1	0.000281	1	0
CASSYWGSQNTLYF	1	0.000281	1	0
CSSSQGTKDTQYF	1	0.000281	1	0
CASSTGLGGAETLYF	1	0.000281	1	0
CASSQDWGGNYAEQFF	1	0.000281	1	0
CASSLPGTGGSQNTLYF	1	0.000281	1	0
CASSQFSGGCAETLYF	1	0.000281	1	0
CASSDGLGTSQNTLYF	1	0.000281	1	0
CTCSAVLYF	1	0.000281	1	0
CASSLGAKNSPLYF	1	0.000281	1	0
CAWSLGVNQDTQYF	1	0.000281	1	0
CASSLQGAEQFF	1	0.000281	1	0
CASSITGGQDTQYF	1	0.000281	1	0
CASSLEQGNYEQYF	1	0.000281	1	0
CSSSRQNQDTQYF	1	0.000281	1	0
CASMTVSNERLFF	1	0.000281	1	0
CASRYRDSYAEQFF	1	0.000281	1	0
CTCSAGLGGKDTQYF	1	0.000281	1	0
CGARDTSQNTLYF	2	0.000562	1	0
LCQQSGADNYAEQFF	1	0.000281	1	0
CASSNWGNNQDTQYF	1	0.000281	1	0
CASGDAAGNQDTQYF	1	0.000281	1	0
CASSLGLYNSPLYF	1	0.000281	1	0
CTCSAVGGGAETLYF	1	0.000281	1	0
CASSPNWGGDAEQFF	1	0.000281	1	0
CAWSPNWGVDTQYF	1	0.000281	1	0
CASSDSASAETLYF	1	0.000281	1	0
CASSRDERLFF	1	0.000281	1	0
CASGGDWGGYAEQFF	1	0.000281	1	0
CTCSGGHQNTLYF	1	0.000281	1	0
CASGDRGNDNQAPLF	1	0.000281	1	0
CASTNWGESAETLYF	1	0.000281	1	0
CASTLGGQNTLYF	1	0.000281	1	0
CASSFSGTLNTGQLYF	1	0.000281	1	0
CASSDAAANTGQLYF	1	0.000281	1	0
CASSPGRSGNTLYF	1	0.000281	2	0.000506
CASSPSSYEQYF	1	0.000281	1	0
CASSLDRYNYAEQFF	1	0.000281	1	0
CASSQGLYSAETLYF	1	0.000281	1	0
CASSRLGQDTQYF	1	0.000281	1	0
CAWSLLGGRQDTQYF	1	0.000281	1	0
CASALRASQNTLYF	1	0.000281	1	0
CASSRDWGGTGQLYF	1	0.000281	1	0
CASSPRVGAETLYF	1	0.000281	1	0
CTCSATGGSPLYF	1	0.000281	1	0
CASSLQGPSAETLYF	1	0.000281	1	0
CASSLAGVYAETLYF	1	0.000281	1	0
CASGDGDRGGAETLYF	1	0.000281	1	0
CASSKTGSGAEQFF	1	0.000281	1	0
CASSREALGTRGDTQYF	1	0.000281	1	0
CASSQVRDFQDTQYF	1	0.000281	1	0
CASSQQGIQNTLYF	1	0.000281	1	0
CASSFRGGAETLYF	1	0.000281	1	0
CAWSLRGGNQAPLF	1	0.000281	1	0
CASGATGSYAEQFF	1	0.000281	1	0
CASSPDWGGGNTLYF	1	0.000281	1	0
CASSSGLGVSAETLYF	1	0.000281	1	0
CASSLRGNYAEQFF	1	0.000281	1	0
CASSLWASQNTLYF	1	0.000281	1	0
CAWVPQSQNTLYF	1	0.000281	1	0
CASSLGGVSNERLFF	1	0.000281	1	0
CASSQDDWGQDTQYF	1	0.000281	1	0
CASSVIANSDYTF	1	0.000281	1	0
CASSLGGTGDERLFF	1	0.000281	1	0
CASSQQGAETLYF	1	0.000281	1	0
CAWSLTESTQYF	1	0.000281	1	0
CASGDEGLGDTQYF	1	0.000281	1	0
CASSDAGQGGDTQYF	1	0.000281	1	0
CASGTTYNSPLYF	1	0.000281	1	0
CASRRGNSPLYF	1	0.000281	1	0
CASSPDWGQDTQYF	1	0.000281	1	0
CASSRGLGNTGQLYF	1	0.000281	1	0
CASSLGTGGAETLYF	1	0.000281	1	0
CASSPGLGASAETLYF	1	0.000281	1	0.000253
CAWRDWGNYAEQFF	1	0.000281	1	0
CASSLVDWGGGNTLYF	1	0.000281	1	0
CASSDGQGVSGTLYF	1	0.000281	1	0
CASSLLGAKDTQYF	1	0.000281	1	0
CASRDWGGANTGQLYF	1	0.000281	1	0
CASRLRGYNYAEQFF	1	0.000281	1	0
CASSWTANSDYTF	1	0.000281	1	0
CGARNLNTLYF	1	0.000281	1	0
CASSLARGWGKNTLYF	1	0.000281	1	0
CASSLGDWGGAETLYF	1	0.000281	1	0
CGANRDSSAETLYF	1	0.000281	1	0
CASSYGESYAEQFF	1	0.000281	1	0
CASSFGGAGAETLYF	1	0.000281	1	0
CASSQDWGSSQNTLYF	1	0.000281	1	0
CASSYWGGADQDTQYF	1	0.000281	1	0
CASAGTGGAGQDTQYF	1	0.000281	1	0
CASSFRQGGAETLYF	2	0.000562	1	0
CTCSGGQGKGAEQFF	1	0.000281	1	0
CASSDAGHSSAETLYF	1	0.000281	1	0
CASSLEGLGGYTLYF	1	0.000281	1	0
CASSPWDWGGPETLYF	1	0.000281	1	0
CGAREGGPGNTLYF	1	0.000281	1	0
CGARGRAWGDAEQFF	1	0.000281	1	0
CASSLQGRTPQDTQYF	1	0.000281	1	0
CASSAWGDSPLYF	1	0.000281	1	0
CTCSVGLGGQDTQYF	1	0.000281	1	0
CASRDNQDTQYF	1	0.000281	1	0
CTCSAGGGTETLYF	1	0.000281	1	0
CASSRDRASQNTLYF	1	0.000281	1	0
CTCSAVGGQDTQYF	1	0.000281	1	0
CASSLEGEDTQYF	1	0.000281	1	0
CASSQEGTGGQDTQYF	1	0.000281	1	0
CASSPRLGGQDTQYF	1	0.000281	1	0
CASSLTGGNTQYF	1	0.000281	1	0
CASEINYAEQFF	2	0.000562	1	0
CASGDWGASQNTLYF	2	0.000562	1	0
CASSPGTGGTLYF	1	0.000281	1	0
CASSQSQGNAETLYF	1	0.000281	1	0
CASSDTHQNTLYF	1	0.000281	1	0
CTCSGPRRPNSDYTF	1	0.000281	1	0
CASSLLGDQDTQYF	1	0.000281	1	0
CTCSADWYQDTQYF	1	0.000281	1	0
CASGDAGGGSNERLFF	1	0.000281	1	0
CASGRDWGGAETLYF	1	0.000281	1	0
CASSGTANTEVFF	1	0.000281	1	0
CASSLGANTEVFF	1	0.000281	2	0.000506
CASSPLGGRLDTLYF	1	0.000281	1	0
CAWSLDGVQNTLYF	1	0.000281	1	0
CASSQDRWGARQNTLYF	1	0.000281	1	0
CAWSPRGHGQDTQYF	1	0.000281	1	0
CASSMWGPYNSPLYF	1	0.000281	1	0
CGARRGGGNTEVFF	1	0.000281	1	0
CASSPRDWGDDTQYF	1	0.000281	1	0
CASSDWGKDTQYF	1	0.000281	1	0
CASSEPGEHTQYF	1	0.000281	1	0
CASSSGDWGETLYF	1	0.000281	1	0
CASSQAGVSAETLYF	1	0.000281	1	0
CASSLYTQSQNTLYF	1	0.000281	1	0
CASSLGWGQDTQYF	2	0.000562	1	0
CASGDVNSPLYF	1	0.000281	1	0
CASSQDWQANTEVFF	1	0.000281	1	0
CASSSLRDWGADTGQLYF	1	0.000281	1	0
CASSPGLGAAETLYF	1	0.000281	1	0
CASSHRDRGFGNTLYF	1	0.000281	1	0
CTCSAPTGGNYAEQFF	1	0.000281	1	0
CASSLRQSSAETLYF	1	0.000281	1	0
CASSLPRGGHNSPLYF	1	0.000281	1	0
CASSQDRGPHNSPLYF	1	0.000281	1	0
CASSLGEGDTQYF	1	0.000281	1	0
CGARGWGEPDTQYF	1	0.000281	1	0
CASSQGTGAEVFF	1	0.000281	1	0
CASSLWVSNQDTQYF	1	0.000281	1	0
CASSCRGDTQYF	1	0.000281	1	0
CASSLGGDTQYF	1	0.000281	1	0
CASSLSGYSYNSPLYF	1	0.000281	1	0
CAWSLPDSYNSPLYF	1	0.000281	1	0
CASSQTANTEVFF	1	0.000281	1	0
CASGGLGQNTLYF	1	0.000281	1	0
CAWREYNNQAPLF	1	0.000281	1	0
CTCSAIGEEVFF	1	0.000281	1	0
CAWSLWGAGQNTLYF	1	0.000281	1	0
CASGGRGGEDTQYF	1	0.000281	1	0
CASSFSRTEVFF	1	0.000281	1	0
CASGDEGQGDSDYTF	1	0.000281	1	0
CASSLKAEVFF	1	0.000281	1	0
CASSQAGSSAETLYF	1	0.000281	1	0
CASSPDWGGTEQFF	1	0.000281	1	0
CASSLQQGNYAEQFF	1	0.000281	1	0
CASSLDSDTEVFF	1	0.000281	1	0
CASSQSNTEVFF	1	0.000281	1	0
CASSPDWGGAEDTQYF	1	0.000281	1	0
CASSLDRGRYAEQFF	1	0.000281	1	0
CTCSANRGEVFF	1	0.000281	1	0.000253
CASSPRDRGPEVFF	1	0.000281	1	0
CASSPTGGMNTLYF	2	0.000562	1	0
CASSDWSSQNTLYF	1	0.000281	1	0
CASTDRGLNSYNSPLYF	1	0.000281	1	0
CAGAGTGGAGAEQFF	1	0.000281	1	0
CASSSPGLGGDTQYF	1	0.000281	1	0
CSSRDDRTNERLFF	1	0.000281	1	0
CASSDGVGNTEVFF	1	0.000281	1	0
CASGPEGGADTQYF	1	0.000281	1	0
CASSIRGGAGQDTQYF	1	0.000281	1	0
CASSPQGGNQDTQYF	1	0.000281	1	0
CASSLSGNTEVFF	1	0.000281	1	0
CASSRDRNTEVFF	1	0.000281	1	0
CVSGDATWGGYEQYF	1	0.000281	1	0
CASSELGGLYAEQFF	1	0.000281	1	0
CASGDRGNTEVFF	1	0.000281	1	0
CASSLGATEVFF	1	0.000281	1	0
CASSWDWGGPSQNTLYF	1	0.000281	1	0
CASSYGRAEVFF	1	0.000281	1	0
CASSQDYTEVFF	1	0.000281	1	0
CASSLGQVANTEVFF	1	0.000281	1	0
CTCSAGGGNTEVFF	1	0.000281	1	0
CASGEHRNTEVFF	1	0.000281	1	0
CASSGDRGRNTEVFF	1	0.000281	1	0
CASGDAGQNTEVFF	1	0.000281	1	0
CASGETGGEDTQYF	1	0.000281	1	0
CASSLSTWEVFF	1	0.000281	1	0
CASSLALRREVFF	1	0.000281	1	0
CASSPLTGSGTEVFF	1	0.000281	1	0
CASTASTEVFF	1	0.000281	1	0
CGARGQGAHTEVFF	1	0.000281	1	0
CASSPDTNSDYTF	2	0.000562	1	0
LCQPLRDTQYF	1	0.000281	1	0
CASSLAWGNTEVFF	1	0.000281	1	0
CASRDRANTEVFF	1	0.000281	1	0
CSGGTGGNAETLYF	1	0.000281	1	0
CASSLGQHTEVFF	1	0.000281	1	0
CASSQEGTGNTEVFF	1	0.000281	1	0
CASSPHRGNTEVFF	1	0.000281	1	0
CASGDVGGKTEVFF	1	0.000281	1	0
CGGLGLQNTLYF	1	0.000281	1	0
CTCSADTEVFF	1	0.000281	1	0
CASSDRGHTEVFF	1	0.000281	1	0
CTCSAPDRENTEVFF	1	0.000281	1	0
CASSQDWTTEVFF	1	0.000281	1	0
CASSPGGARDTLYF	1	0.000281	1	0
CASGDVGGSNTEVFF	1	0.000281	1	0
CASGDWGGAQDTQYF	1	0.000281	1	0
CASGDGTEVFF	1	0.000281	1	0
CASSQGTEVFF	1	0.000281	1	0
CAWSTGRGAEQFF	2	0.000562	1	0
CASSSGQNTEVFF	1	0.000281	1	0
CGARDLTANTEVFF	1	0.000281	1	0
CASSDRTGKGSDYTF	1	0.000281	1	0
CASGDEGGAEQYF	1	0.000281	1	0
CGARDRAEVFF	1	0.000281	1	0
CASSWRGGAANTEVFF	1	0.000281	1	0
CASSLLGGYTQYF	1	0.000281	1	0
CGARELGGTETLYF	1	0.000281	1	0
CASSETGVYAEQFF	1	0.000281	1	0
CASSQRELEVFF	1	0.000281	1	0
RTCSADTEVFF	1	0.000281	1	0
CGARVQGAGTEVFF	1	0.000281	1	0
CASSDSTEVFF	1	0.000281	1	0
CASSQAHNTEVFF	1	0.000281	1	0
CASSLREVFF	1	0.000281	1	0
CAWGDTEVFF	1	0.000281	1	0
CASSQEGSNTEVFF	1	0.000281	1	0
CASSFPGGTTEVFF	1	0.000281	1	0
CASSLVDRNTEVFF	1	0.000281	1	0
CGARTGAANTEVFF	1	0.000281	1	0
CASSWKNTEVFF	1	0.000281	1	0
CTCSARDREDTQYF	1	0.000281	1	0
CASRGGRGQDTQYF	1	0.000281	1	0
CASSWDWGAQDTQYF	1	0.000281	1	0
GKGLNTSYEQYF	1	0.000281	1	0
CASSPYANTEVFF	1	0.000281	1	0
CASGDGPNTEVFF	1	0.000281	1	0
CASSHQGRQNTLYF	1	0.000281	1	0
CASGDDGLGGSAETLYF	1	0.000281	1	0
CASSQDWGGLEQFF	1	0.000281	1	0
CGARVGGAGTEVFF	1	0.000281	1	0
CASSLSGANTEVFF	1	0.000281	1	0
CASSLGQANTEVFF	1	0.000281	1	0
CASSIWGGREQYF	1	0.000281	1	0
CASSLQGRNTEVFF	1	0.000281	2	0.000506
CTCSASTGANSDYTF	1	0.000281	1	0
CASSLLGGGTLYF	1	0.000281	1	0
CASSTLGQDTQYF	1	0.000281	1	0
CASGDGGINQDTQYF	1	0.000281	1	0
CASSLLRLGGAREQYF	1	0.000281	1	0
CAWSLPGGTGQLYF	1	0.000281	1	0
CAGGPNSDYTF	1	0.000281	1	0
CASGESGGYEQYF	1	0.000281	1	0
CASGGDWGFSYEQYF	1	0.000281	1	0
CASGRGAGNSDYTF	1	0.000281	1	0
CASGDAGGAYEQYF	1	0.000281	1	0
CASSDRGYAEQFF	2	0.000562	1	0
CTCSPGVYAEQFF	1	0.000281	1	0
CASRTSDRGGNTLYF	1	0.000281	1	0
CASGYWGSSYEQYF	2	0.000562	1	0
CASSIVGTGAGNTLYF	1	0.000281	1	0
CASSGRDRINQAPLF	1	0.000281	1	0
CASSFGGYEQYF	1	0.000281	1	0
CASSIWRNTGQLYF	1	0.000281	1	0
CASSQGANSDYTF	1	0.000281	1	0
CAFRDRESDYTF	1	0.000281	1	0
CASRGTVISNERLFF	1	0.000281	1	0
WRHRYSTNTGQLYF	1	0.000281	1	0
CASSPGQGYEQYF	1	0.000281	1	0
CASSHGNTLYF	1	0.000281	1	0
CASSSQGGEQYF	1	0.000281	1	0
CASGGGTDNYAEQFF	1	0.000281	1	0
CASSDAGTGDYEQYF	1	0.000281	1	0
CASSRDRNERLFF	1	0.000281	1	0
CAWSPPSYEQYF	1	0.000281	1	0
CASSLGLGGSSYEQYF	1	0.000281	1	0
CASPGQNYAEQFF	1	0.000281	1	0
CASSPGFYEQYF	1	0.000281	1	0
CTCSANRINSGNTLYF	1	0.000281	1	0
CASSLGGDSYEQYF	1	0.000281	1	0
CASRYWASAETLYF	1	0.000281	1	0
CASSEGTILSGNTLYF	1	0.000281	1	0
CASGDAGYAEQFF	1	0.000281	1	0
CGAYDRPSYEQYF	1	0.000281	1	0
CTCSVDSSGNTLYF	1	0.000281	1	0
CASSGRGGNYAEQFF	1	0.000281	1	0
CASSRAWGGYEQYF	1	0.000281	1	0
CASSRDRAISGNTLYF	1	0.000281	1	0
CASSNERLFF	1	0.000281	2	0.000506
CASSQTWGGEQYF	1	0.000281	1	0
CASRLGTNSDYTF	1	0.000281	1	0
CASSPTGGAYEQYF	1	0.000281	1	0
CASSDWGGYAEQFF	1	0.000281	1	0
CASGDFGNSDYTF	1	0.000281	1	0
CASSQEGLGGLEQYF	1	0.000281	1	0
CASSIPTGVLYEQYF	1	0.000281	1	0
CASSLSMAANSDYTF	1	0.000281	1	0
CASSPGGDANSDYTF	1	0.000281	1	0
CASSPGLGTGQLYF	1	0.000281	1	0
CASSIRWGIETGQLYF	1	0.000281	1	0
CASSIRAENTGQLYF	1	0.000281	1	0
CASTTDISNERLFF	1	0.000281	1	0
CGAREHLNSDYTF	1	0.000281	1	0
CASSLTGGRTGQLYF	1	0.000281	1	0
CAWSSGTGSERLFF	1	0.000281	1	0
CGASHWGSYEQYF	1	0.000281	1	0
CASSLGWSNYAEQFF	1	0.000281	1	0
CASSGGQGDSDYTF	1	0.000281	1	0
CASSIGTGGEQYF	1	0.000281	1	0
CASRRDWGGGEQYF	1	0.000281	1	0
CASSGLGLAEQFF	1	0.000281	1	0
CASSDVWGAGQLYF	1	0.000281	1	0
CTCSADHRGNTLYF	1	0.000281	1	0
CASGEIWDYNQAPLF	1	0.000281	1	0
CAWSLGTGAPLF	1	0.000281	1	0
CGARGGSGNTLYF	1	0.000281	1	0
CASSWTGAGNTLYF	1	0.000281	1	0
CASSLLGGLYEQYF	1	0.000281	1	0
CTCSGRDSSQNTLYF	1	0.000281	1	0
CTCSAGVNQDTQYF	1	0.000281	1	0
CASSQRDWGVYEQYF	1	0.000281	1	0
CASSILRDNYAEQFF	1	0.000281	1	0
CASSGTGGANERLFF	1	0.000281	1	0
CASAVGGYEQYF	1	0.000281	1	0
CASSQDGTPNSDYTF	1	0.000281	1	0
CTCSAGTGNERLFF	1	0.000281	1	0
CTCSGLGYAEQFF	1	0.000281	1	0
CASSGTGGNTGQLYF	1	0.000281	1	0
CASGDATGEDTQYF	1	0.000281	1	0
CASSPPTNQAPLF	1	0.000281	1	0
CASSGQGSAEQFF	1	0.000281	1	0
CGARTNNERLFF	1	0.000281	1	0
CASSPTGGLSYEQYF	1	0.000281	1	0
CASSSGGAGQLYF	1	0.000281	1	0
CASGDGSGQPSYEQYF	1	0.000281	1	0
CASGQGRGNNNQAPLF	1	0.000281	1	0
CASSQDAVYEQYF	1	0.000281	1	0
CASSSRVYNNQAPLF	1	0.000281	1	0
CTCSARDSYYAEQFF	1	0.000281	1	0
CASSRWGAYAEQFF	1	0.000281	1	0
CASSGTSQNTLYF	1	0.000281	1	0
CASSPGGNYAEQFF	1	0.000281	1	0
CASSRWGVQDTQYF	1	0.000281	1	0
CASSLWEDQDTQYF	1	0.000281	1	0
CGAGREDERLFF	1	0.000281	1	0
CASSVGQGVNERLFF	1	0.000281	1	0
CASSGRDRGFGNTLYF	1	0.000281	1	0
CASSRHRANSDYTF	1	0.000281	1	0
CASSLLGGRITGQLYF	1	0.000281	1	0
CASSHGTGGNQAPLF	1	0.000281	1	0
CASGPGSNYAEQFF	1	0.000281	1	0
CASSLEDWGALYEQYF	1	0.000281	1	0
CASGPQGSAETLYF	1	0.000281	1	0
CASSYWVPNERLFF	1	0.000281	1	0
CASSSWGGMGEQYF	1	0.000281	1	0
CASSLTGFEQYF	1	0.000281	1	0
CASSRDWGNSYEQYF	1	0.000281	1	0
CASSQDPGGAREQYF	1	0.000281	1	0
CASSPYPPTGAGNERLFF	1	0.000281	1	0
CASRGGAGNTLYF	1	0.000281	1	0
CASSIAGRPGQLYF	1	0.000281	1	0
CASSLGYAEQFF	1	0.000281	1	0
CASGDAFGDTGQLYF	1	0.000281	1	0
CASSRTWKDTQYF	1	0.000281	1	0
CASSEDWGGAAETLYF	1	0.000281	1	0
CTCSARDRGYAEQFF	1	0.000281	1	0
CASGDARDNYAEQFF	2	0.000562	1	0
CSSSQLGQFF	1	0.000281	1	0
CTCSAGPGQGRAEQFF	1	0.000281	1	0
CASSLRDRYAEQFF	1	0.000281	1	0
CASSDGRANSDYTF	1	0.000281	1	0
CASSDRDWGINYAEQFF	1	0.000281	1	0
CASSQDLGGNEQYF	1	0.000281	1	0
CASSPNWGVQFF	1	0.000281	1	0
CASSLEAPNERLFF	1	0.000281	1	0
CASSLGPANSDYTF	1	0.000281	1	0
CASSDPGQGAGTQYF	1	0.000281	1	0
CASGGGQDTQYF	1	0.000281	1	0
CASSLREEDQDTQYF	1	0.000281	1	0
CASSITGYNSPLYF	1	0.000281	1	0
CASGDNNQAPLF	1	0.000281	1	0
CASVLGVPSAETLYF	1	0.000281	1	0
CASSEEGGRDTGQLYF	1	0.000281	1	0
CASSRDWGDQNTLYF	1	0.000281	1	0
CASSQGAGNTLYF	1	0.000281	1	0
CASSQEGGASGNTLYF	1	0.000281	1	0
CASSQDHRGYEQYF	1	0.000281	1	0
CTCSAAGQNTGQLYF	1	0.000281	1	0
CASSWAGNYAEQFF	1	0.000281	1	0
CASSFHGTGDAEQFF	1	0.000281	1	0
CASSLPVYEQYF	1	0.000281	1	0
CASGYRDSQNTLYF	1	0.000281	1	0
CTCSAGKNTLYF	1	0.000281	1	0
CASSREDRGWGQLYF	1	0.000281	1	0
CASSDAGGKNTLYF	1	0.000281	1	0
CASSLPSSGNTLYF	1	0.000281	1	0
CASVPRRTGIAETLYF	1	0.000281	1	0
CASSFGNYEQYF	1	0.000281	1	0
CASGDRGRAEQFF	1	0.000281	1	0
CASSRDWGDTGQLYF	1	0.000281	1	0
CASSAGNYAEQFF	1	0.000281	1	0
CASSWGGDNQAPLF	1	0.000281	1	0
CASSQEGQGTNERLFF	1	0.000281	1	0
CASSLGNSDYTF	1	0.000281	1	0
CASSQQANSDYTF	1	0.000281	1	0
CASSLDKNSDYTF	1	0.000281	1	0
CASSPTISNERLFF	1	0.000281	1	0
CASSFPDWGLMNSTRLGSYEQYF	1	0.000281	1	0
CASREGPANSDYTF	1	0.000281	1	0
CTCSVPGQLYF	1	0.000281	1	0
CASGDASGTGDYAEQFF	1	0.000281	1	0
CASSSGQPNSDYTF	1	0.000281	1	0
CASRLGGANTGQLYF	1	0.000281	1	0
CASSWGDEQYF	1	0.000281	1	0
CASSQGNSNTGQLYF	2	0.000562	1	0
CASSPTGGTYAEQFF	1	0.000281	1	0
CASSQVPGEDTQYF	1	0.000281	1	0
CASSLQGSQNTLYF	1	0.000281	1	0
CTCSAAGGDQDTQYF	1	0.000281	1	0
YSYNSPLYF	1	0.000281	1	0
CTCSPGLGTSAETLYF	1	0.000281	1	0
CASSHRDNYAEQFF	1	0.000281	1	0
CTCSADRGAQDTQYF	1	0.000281	1	0
CASSLNWGGQDTQYF	1	0.000281	1	0
CTCSAGLGGRHQNTLYF	1	0.000281	1	0
CASSLLDNYAEQFF	1	0.000281	1	0
CTCSAGGRGSQNTLYF	1	0.000281	1	0
CASSTREINNQAPLF	1	0.000281	1	0
CASSLGTSAETLYF	1	0.000281	1	0
CASSQGTVNTGQLYF	1	0.000281	1	0
CGARTGQAPLF	1	0.000281	1	0
CASSPGLGGETLYF	1	0.000281	1	0
CGAGTGGVTGQLYF	1	0.000281	1	0
CASSPDRGNQAPLF	1	0.000281	1	0
CAWGQGQDTQYF	1	0.000281	1	0
CASFRDMNNQAPLF	1	0.000281	1	0
CASSQDGWGAFYEQYF	1	0.000281	1	0
CGARSGRNTGQLYF	1	0.000281	1	0
CASSPYRGRVYTF	1	0.000281	1	0
CASSLDRNSDYTF	1	0.000281	1	0
CASGELGSAETLYF	1	0.000281	1	0
CASSHQLGDYAEQFF	1	0.000281	1	0
CASSQSSWGGYAEQFF	1	0.000281	1	0
CASSLTGAEQFF	1	0.000281	1	0
CASSLRDWGSQNTLYF	1	0.000281	1	0
CASSMTGGSQNTLYF	1	0.000281	1	0
CASGDGVANSDYTF	1	0.000281	1	0
CASSPTGGANTGQLYF	1	0.000281	1	0
CASGERESQNTLYF	1	0.000281	1	0
CASSLNGQGNSDYTF	1	0.000281	1	0
CASSLTPNSDYTF	1	0.000281	1	0
CASGDEGGTNSDYTF	2	0.000562	1	0
CASSEGLGGPETLYF	1	0.000281	1	0
CGAERLGRYAEQFF	1	0.000281	1	0
CASSQYQGADTGQLYF	1	0.000281	1	0
CASGDAGTGGTLYF	1	0.000281	1	0
CASSLEHNSDYTF	1	0.000281	1	0
CASSDATGGTSAETLYF	1	0.000281	1	0
CASSLHWGGQDTQYF	1	0.000281	1	0
CASSLGASAETLYF	1	0.000281	1	0
CASSTGGLDTQYF	1	0.000281	1	0
CASSFWQVGAETLYF	1	0.000281	1	0
CGARGRDWGYEQYF	1	0.000281	1	0
CASRRLGGNTGQLYF	1	0.000281	1	0
CASSIRGGAETLYF	1	0.000281	1	0
CASWDSAETLYF	1	0.000281	1	0
CGARELGGAETLYF	1	0.000281	1	0
CASSRWGGAEDTQYF	1	0.000281	1	0
CASRSRDNQDTQYF	1	0.000281	1	0
CASSDAGQGYAEQFF	1	0.000281	1	0
CTCSADSDTQYF	1	0.000281	1	0
CASRGLGDTQYF	1	0.000281	1	0
CASSLSGGRQDTQYF	1	0.000281	1	0
CASSIARNNSPLYF	1	0.000281	1	0
CASSPRLGVYAEQFF	1	0.000281	1	0
CASGGDRAGNTLYF	1	0.000281	1	0
CTCSAEGRGKDTLYF	1	0.000281	1	0
CASSRLVQNTLYF	1	0.000281	1	0
CASSTRDWGNYAEQFF	1	0.000281	1	0
CTCSAGDSQDTQYF	1	0.000281	1	0
CASSDTGMDTQYF	1	0.000281	1	0
CASTRTGGRNTGQLYF	1	0.000281	1	0
CASSWTGGAETLYF	2	0.000562	1	0
CAWSPLRGAYTGQLYF	1	0.000281	1	0
CASSLEGTSAETLYF	1	0.000281	1	0
CASSLEGSAETLYF	1	0.000281	1	0
CASSLLGGSSYEQYF	1	0.000281	1	0
CASSSGLGGSQNTLYF	1	0.000281	1	0
CASSQVGQGRDTQYF	1	0.000281	1	0
CASSLSRGFYAEQFF	1	0.000281	1	0
CASSLDLGVNTLYF	1	0.000281	1	0
CASRSGLGGHTGQLYF	1	0.000281	1	0
CASREGGAEQFF	1	0.000281	1	0
CASSDVRGLDSDYTF	1	0.000281	1	0
CASSLGTQDTQYF	1	0.000281	1	0
CASSDGQFQDTQYF	1	0.000281	1	0
CASSQTGPSGNTLYF	1	0.000281	1	0
CASRRDNQNTLYF	1	0.000281	1	0
CASSGDRGDTQYF	1	0.000281	1	0
CAWSLGGYQDTQYF	1	0.000281	1	0
CASGEWGGDQDTQYF	1	0.000281	1	0
CASSLWGVAETLYF	1	0.000281	1	0
CASGDWGENTLYF	1	0.000281	1	0
CASSQQISNERLFF	1	0.000281	1	0
CTCSADRYNNQAPLF	1	0.000281	1	0
CASSFHNQDTQYF	1	0.000281	1	0
CGARDWGAETLYF	1	0.000281	1	0
CASGEAGGQDTQYF	1	0.000281	1	0
CSSSHLGLGYYAEQFF	1	0.000281	1	0
CASSLTGGWDTQYF	1	0.000281	1	0
CASSSGQGHTGQLYF	1	0.000281	1	0
CASGDWGGAETLYF	1	0.000281	1	0
CASSPPLGTNQDTQYF	1	0.000281	1	0
CASRELGGRDTQYF	1	0.000281	1	0
CASGDWGGGDTQYF	1	0.000281	1	0
CASSFSDSNQDTQYF	1	0.000281	1	0
CASSQSGGGDAEQFF	1	0.000281	1	0
CASSLDQDTQYF	1	0.000281	1	0
CASSQVWGGEDQDTQYF	1	0.000281	1	0
CTCSADDTQYF	1	0.000281	1	0
CASSLGANTGQLYF	1	0.000281	1	0
CASSPDRNTLYF	1	0.000281	1	0
CASSLVDTGQLYF	1	0.000281	1	0
CASSRDINTGQLYF	1	0.000281	1	0
CASSFLTSAETLYF	1	0.000281	1	0
CASSQMTDQDTQYF	1	0.000281	1	0
CASSFTVNQDTQYF	1	0.000281	1	0
CASSSGLGGDTQYF	1	0.000281	1	0
CTCSDTAETLYF	1	0.000281	1	0
CASSLDRGHTGQLYF	1	0.000281	1	0
CASSDANNAEQFF	1	0.000281	1	0
CASSDARQKNTLYF	1	0.000281	1	0
CASSQDGDWGLETLYF	1	0.000281	1	0
CGARDRTSAETLYF	1	0.000281	1	0
CASSDAPKIQDTQYF	1	0.000281	1	0
CASSDKTGDQDTQYF	1	0.000281	1	0
CASSPGTGGVNTQYF	1	0.000281	1	0
CASSLHRGSNSYNSPLYF	1	0.000281	1	0
CASSSGTGSQNTLYF	1	0.000281	1	0
CASRGLGGTETLYF	1	0.000281	1	0
CGALDRGRDTQYF	2	0.000562	1	0
CASSLSQNTLYF	1	0.000281	1	0
CTCSVRDSQDTQYF	1	0.000281	1	0
CASSPGGQDTQYF	1	0.000281	1	0
CASSQTLGVQDTQYF	1	0.000281	1	0
CASSSDSNQDTQYF	1	0.000281	1	0
CAWSLRGVQDTQYF	1	0.000281	1	0
CASSQDSYNSPLYF	1	0.000281	1	0
CASSQDSAETLYF	1	0.000281	1	0
CASSWGQNTEVFF	1	0.000281	1	0
CASSRLGDDTQYF	1	0.000281	1	0
CASSDEWAEQFF	1	0.000281	1	0
CASSPGTANTLYF	1	0.000281	1	0
CASSARDNYNSPLYF	1	0.000281	1	0
CASSLKLGNTLYF	1	0.000281	1	0
CASSHRRGHGQNTLYF	1	0.000281	1	0
CASSFGTRGQNTLYF	1	0.000281	1	0
CASSPSGTGKDTQYF	1	0.000281	1	0
CGARDWGGSETLYF	1	0.000281	1	0
CGARGGAETLYF	1	0.000281	1	0
CASSWDWGGNYAEQFF	1	0.000281	1	0
CASSLGHKDTQYF	1	0.000281	1	0
CASSLGWGGAETLYF	1	0.000281	1	0
CGARDRGGNTLYF	1	0.000281	1	0
CASSGLGGQNTLYF	1	0.000281	1	0
CASGDVGGQNTLYF	1	0.000281	1	0
CASSLWDREDTQYF	1	0.000281	1	0
CASSPWGGGTGQLYF	1	0.000281	1	0
CASSYQGYAEQFF	1	0.000281	1	0
CAWSLQGWNSPLYF	1	0.000281	1	0
CASSQDRGRTEVFF	1	0.000281	1	0
CASSIHNSYNSPLYF	1	0.000281	1	0
CASSVGLESQNTLYF	1	0.000281	1	0
CASSLGSQNTLYF	2	0.000562	1	0
CASSLDRINQDTQYF	1	0.000281	1	0
CASSDAGTTYNSPLYF	1	0.000281	1	0
CGAREAGGRRAEQFF	1	0.000281	1	0
CASSGWGGYAEQFF	1	0.000281	1	0
CASSLGANSDYTF	1	0.000281	1	0
CASSILGGQKDTQYF	1	0.000281	1	0
CASSDLGGRQDTQYF	2	0.000562	1	0
CASSPTSSQNTLYF	1	0.000281	1	0
CASSLTGGAGDTQYF	1	0.000281	1	0
CASSMRGTNTEVFF	1	0.000281	1	0
CASKPTGGARNSPLYF	1	0.000281	1	0
CASGDGGAAETLYF	2	0.000562	1	0
CASSIGQGLGGRNTQYF	1	0.000281	1	0
CASRHSYNSPLYF	1	0.000281	1	0
CGARANFAETLYF	1	0.000281	1	0
CASGDRDIEVFF	1	0.000281	1	0
CASSIPRLANTEVFF	1	0.000281	1	0
CASKDISYNSPLYF	1	0.000281	1	0
CASSTRDRGNYAEQFF	1	0.000281	1	0
CASSLPGQGAGTLYF	1	0.000281	1	0
CASSQSAETLYF	1	0.000281	1	0
CASGRTGEDTEVFF	1	0.000281	1	0
CASSSRQQDTQYF	1	0.000281	1	0
LCQQSWTGKDTQYF	1	0.000281	1	0
CASSDAGWGTYAEQFF	1	0.000281	1	0
CASSPRDWGRDQNTLYF	1	0.000281	1	0
CGAREANSYNSPLYF	1	0.000281	1	0
CASSFLSSGQGGGTEVFF	1	0.000281	1	0
CASSYWGGQDTQYF	1	0.000281	1	0
CASSLYGHTEVFF	1	0.000281	1	0
CASSTGEDTQYF	1	0.000281	1	0
CASSLGLGGPQDTQYF	1	0.000281	1	0
CAWTGTWGYNSPLYF	1	0.000281	1	0
CASSQEGTNTEVFF	1	0.000281	1	0
CASSLKQGHNSPLYF	1	0.000281	1	0
CASSSRGQGEVFF	1	0.000281	1	0
CASSDDWGGARNTLYF	1	0.000281	1	0
CASSVKSSQNTLYF	1	0.000281	1	0
CASSQDWGAGTEVFF	1	0.000281	1	0
CASSSRDTANTEVFF	1	0.000281	1	0
CASSQDYWGGFGQLYF	1	0.000281	1	0
CASSTNWGNYAEQFF	1	0.000281	1	0
CASSEDRAPNSDYTF	1	0.000281	1	0
CASSLGTGGASQNTLYF	1	0.000281	1	0
CASSPPGQGANTQYF	1	0.000281	1	0
CASSLTGGVETLYF	1	0.000281	1	0
CASSDAGTTYNSLLYF	1	0.000281	1	0
CASSHVRGGARAEQFF	1	0.000281	1	0
CASSPWGSQNTLYF	1	0.000281	1	0
CASSLCSNQDTQYF	1	0.000281	1	0
NLPNTGQLYF	1	0.000281	1	0
CASSIVNTEVFF	1	0.000281	1	0
CASSRTANTEVFF	1	0.000281	1	0
CASSQDRGNQNTLYF	1	0.000281	1	0
CASRELGGRGTQYF	1	0.000281	1	0
CAWSSHWGQDTQYF	1	0.000281	1	0
CASSQEDRAVFF	1	0.000281	1	0
CASSQPSQNTLYF	2	0.000562	1	0
CASSSPGLGGSTQYF	1	0.000281	1	0
CASSEQGSYNSPLYF	1	0.000281	1	0
CASGDREVFF	1	0.000281	1	0
CASRLTGVNTEVFF	1	0.000281	1	0
CASSDTGGNTEVFF	1	0.000281	1	0
CASSLWGLNTLYF	1	0.000281	1	0
CASSLRASQNTLYF	1	0.000281	1	0
CASSQDWGGQDTQYF	1	0.000281	1	0
CASSPDCPQDTQYF	1	0.000281	1	0
CASSQDRRQGGVFF	1	0.000281	1	0
CASSPTGGAQDTQYF	1	0.000281	1	0
CASSPGQGNQDTQYF	1	0.000281	1	0
CASSIDGGWEQYF	1	0.000281	1	0
CASGVDREVFF	1	0.000281	1	0
CASGDEGGRDTEVFF	1	0.000281	1	0
CASSESGGLLYF	1	0.000281	1	0
CGARGGQNTLYF	1	0.000281	1	0
CASRTGGYYAEQFF	1	0.000281	1	0
CASSLGGEQYF	1	0.000281	1	0
CASSPGLGGENYAEQFF	1	0.000281	1	0
CASSLRGRTEVFF	1	0.000281	1	0
CASSETGNTEVFF	1	0.000281	1	0
CASSRDRGGEINTEVFF	1	0.000281	1	0
CASSGDRNTEVFF	1	0.000281	1	0
CASSLLGFNQDTQYF	1	0.000281	1	0
CTCSGGQDTEVFF	1	0.000281	1	0
CASKQTEMNTEVFF	1	0.000281	1	0
CASSQRQEEVFF	1	0.000281	1	0
CASSQECTTNSDYTF	1	0.000281	1	0
CASSLNSQNTLYF	1	0.000281	1	0
CASGDRDWGGEQYF	1	0.000281	1	0
CASSLQASAETLYF	1	0.000281	1	0
CASSLNRDPSAETLYF	1	0.000281	1	0
CASGEWEVFF	1	0.000281	1	0
CASSDGGTEVFF	1	0.000281	1	0
CASSINRANTEVFF	1	0.000281	1	0
CASSQDHWGRDTQYF	1	0.000281	1	0
CASTPGGNTEVFF	1	0.000281	1	0
CASGGRDKSNTEVFF	1	0.000281	1	0
CASSPRGGPVTEVFF	1	0.000281	1	0
CASGDRNTEVFF	1	0.000281	1	0
CTCSAGTANTEVFF	1	0.000281	1	0
CASSQLGGGSYEQYF	1	0.000281	1	0
CASGVGGHTEVFF	1	0.000281	1	0
CASSLGQGANTEVFF	1	0.000281	1	0
CASSLTDNSPLYF	1	0.000281	1	0
CASSGTGVFF	1	0.000281	1	0
CASRGLSSAETLYF	1	0.000281	1	0
CASSQNTEVFF	1	0.000281	1	0
CASSQQGADTQYF	1	0.000281	1	0
CASSLGQGVFF	1	0.000281	1	0
CASSLRGTEVFF	1	0.000281	1	0
CTCSADGGATEVFF	1	0.000281	1	0
CAWSLWDINTEVFF	1	0.000281	1	0
CASRGHSNTEVFF	1	0.000281	1	0
CASRRGRGEAETLYF	1	0.000281	1	0
CSSRGLGGPETLYF	1	0.000281	1	0
CASSFGQGDTEVFF	1	0.000281	1	0
CASSIDRGHTEVFF	1	0.000281	1	0
CASGGHANTEVFF	1	0.000281	1	0
CASRNPGQGANTQYF	1	0.000281	1	0
CASGDGLGGSYEQYF	1	0.000281	1	0
CASSWDSANTEVFF	1	0.000281	1	0
CASRGDERLFF	1	0.000281	1	0
CASSMGANYAEQFF	1	0.000281	1	0
CASGDLGGAYAEQFF	1	0.000281	1	0
CASSKLGGARDAEQFF	1	0.000281	1	0
CASSADRVSNTEVFF	1	0.000281	1	0
CASSPPETDTLYF	1	0.000281	1	0
CASGDAGGGNQDTQYF	1	0.000281	1	0
CTCSAAGTVYEQYF	1	0.000281	1	0
CASGGQGNQAPLF	1	0.000281	1	0
CASSTGLGYSAETLYF	1	0.000281	1	0
CASSPDNSGNTLYF	1	0.000281	1	0
CGATGGGGYAEQFF	1	0.000281	1	0
CASRILGGRNTLYF	1	0.000281	1	0
CASSQELGDQDTQYF	1	0.000281	1	0
CASMPLGDQDTQYF	1	0.000281	1	0
CASSAPDKDTQYF	1	0.000281	1	0
CASSGTGGGYEQYF	1	0.000281	1	0
CASSPGLGGLSYEQYF	1	0.000281	1	0
CASSQGLGLAYEQYF	1	0.000281	1	0
CAWSLFNSGNTLYF	1	0	561	0.141810787
CASSLDFGLGYEQYF	1	0	98	0.024772717
CASSRDWGGDTQYF	1	0	90	0.022750472
CAWSPTVSNTGQLYF	1	0	85	0.02148635
CASSMGTGGGYEQYF	1	0	67	0.016936299
CGARTRGNSDYTF	1	0	65	0.016430738
CASSDHRQQAPLF	1	0	59	0.014914055
CASSQARGGNTLYF	1	0	52	0.01314459
CASSLLGGALEQYF	1	0	51	0.01289181
CASSPRGGEQYF	1	0	46	0.011627907
CSSSQWDWGSYEQYF	1	0	38	0.009605662
CASSGGQSNERLFF	1	0	27	0.006825076
CASSQERGQYEQYF	1	0	27	0.006825076
CASGDAWGAHEQYF	1	0	27	0.006825295
CASSQGGTGHYEQYF	1	0	26	0.006572295
CASSLDRVSGNTLYF	1	0	25	0.006319515
CASSPGLGSNTGQLYF	1	0	24	0.006066734
CASSLDWGGNTGQLYF	1	0	24	0.006066734
CASSVGYSGNTLYF	1	0	24	0.006066734
CAWSGLGGFYEQYF	1	0	24	0.006066734
CTCSAAGTWGYEQYF	1	0	23	0.005813953
CASSDWGARAEQFF	1	0	23	0.005813953
CASRDTGQLYF	1	0	23	0.005813953
CASSRDNSDYTF	1	0	27	0.006825514
CASSDAGKNTGQLYF	1	0	31	0.007836198
CGASGTGVAEQFF	1	0	20	0.005055612
CSSGRGDSDYTF	1	0	19	0.004802831
CASSPWTANSDYTF	1	0	18	0.004550051
CASSQSGSSNNQAPLF	1	0	18	0.004550051
CASSLWYHSYEQYF	1	0	17	0.00429727
CASSEQGIEQYF	1	0	17	0.00429727
CTCSAVQGDEQYF	1	0	16	0.004044489
CASSRDRTNSDYTF	1	0	16	0.004044489
CASSDGQTNTGQLYF	1	0	17	0.004297489
CASGDAGGRNSDYTF	1	0	16	0.004044709
CASSPRLGGAETLYF	1	0	15	0.003791709
CASGDAAISGNTLYF	1	0	15	0.003791709
CASGETANSDYTF	1	0	16	0.004044709
CTCSAGHNERLFF	1	0	14	0.003538928
CASGKVGGSTYEQYF	1	0	14	0.003538928
CAWSPTGGDEQYF	1	0	14	0.003538928
CASSIVFSGNTLYF	1	0	14	0.003538928
CTCSATAYEQYF	1	0	14	0.003538928
CASSLEAANSDYTF	1	0	14	0.003538928
CASGGPGQNYAEQFF	1	0	13	0.003286148
CAWSLRDWGVNYAEQFF	1	0	13	0.003286148
CASSENAETLYF	1	0	13	0.003286148
CGARDGGQSNERLFF	1	0	13	0.003286148
CASRSGNNQAPLF	1	0	13	0.003286367
CASSLVDYEQYF	1	0	12	0.003033367
CASSQEAATGGDYAEQFF	1	0	12	0.003033367
CASSPGGRTYEQYF	1	0	12	0.003033367
CTCSAGTGANTGQLYF	1	0	11	0.002780586
CTCSASGPGGNTLYF	1	0	11	0.002780586
CASGDSGQGQDTQYF	1	0	11	0.002780586
CASSQDQGLSYEQYF	1	0	11	0.002780586
CASSERDRGGNTLYF	1	0	11	0.002780586
CASSQENQDTQYF	1	0	11	0.002780586
CASSLGQANSDYTF	1	0	10	0.002527806
CASSRVPNSDYTF	1	0	10	0.002527806
CASSDAISGNTLYF	1	0	10	0.002527806
CASSDGRVEQYF	1	0	13	0.003285806
CASSPQNSGNTLYF	1	0	10	0.002527806
CAWSLPGALYEQYF	1	0	10	0.002527806
CASSSDRADTQYF	1	0	10	0.002527806
CAHTGGRDEQYF	1	0	9	0.002275025
CASSMDRGNSDYTF	1	0	9	0.002275025
CASRGLGGRAAETLYF	1	0	9	0.002275025
CASSHPGQGYERLFF	1	0	9	0.002275025
CASSVGIPGNTLYF	1	0	9	0.002275025
CASSLENSGNTLYF	1	0	9	0.002275025
CASTRVSGNTLYF	1	0	8	0.002022245
CASSLGQGNAEQFF	1	0	8	0.002022245
CASSQEGTGRNTLYF	1	0	8	0.002022245
CASSQEGDNYEQYF	1	0	8	0.002022245
CASSLEGTGQYEQYF	1	0	8	0.002022245
CASSSGLQDTQYF	1	0	8	0.002022245
CASSLGGPANSDYTF	1	0	8	0.002022245
CASSLSNNYEQYF	1	0	7	0.001769464
CASSQGWGPYEQYF	1	0	7	0.001769464
CASSLRDWGDAEQFF	1	0	8	0.002022464
CTCSGGLGGLYEQYF	1	0	7	0.001769464
CTCGDRGDEQYF	1	0	7	0.001769464
CTCSAGSQNTLYF	1	0	7	0.001769464
CASSQDSGDYAEQFF	1	0	7	0.001769464
CTCMVWVNSPLYF	1	0	7	0.001769464
CASSGVRTGQLYF	1	0	7	0.001769464
CASSFDWGGEQYF	1	0	7	0.001769464
CASSEQGTETLYF	1	0	7	0.001769464
CTCSAENWVGNTLYF	1	0	7	0.001769464
CASSFWGRNSPLYF	1	0	7	0.001769464
CASSQQGSDYTF	1	0	7	0.001769464
CASSRQGISNERLFF	1	0	7	0.001769464
CASSLEDRNTEVFF	1	0	7	0.001769464
CASSDAGVNTGQLYF	1	0	7	0.001769464
CTCSEGLSYNSPLYF	1	0	7	0.001769464
CTCSVTGGEQYF	1	0	6	0.001516684
CTCSAGGVNTGQLYF	1	0	6	0.001516684
CASSDSNSPLYF	1	0	6	0.001516684
CASSWTGRYAEQFF	1	0	6	0.001516684
CARPGLGYEQYF	1	0	6	0.001516684
CASSFGGGAREQYF	1	0	6	0.001516684
CASSDDWGNTLYF	1	0	6	0.001516684
CASSLDGGTTGQLYF	1	0	6	0.001516684
CASSQESNSPLYF	1	0	6	0.001516684
CASSSDWGETLYF	1	0	6	0.001516684
CASSARQNYAEQFF	1	0	6	0.001516684
CASSLNQDTQYF	1	0	6	0.001516684
CGGGNYAEQFF	1	0	6	0.001516684
CASSLSWLGVNTLYF	1	0	6	0.001516684
CASSAQASQDTQYF	1	0	6	0.001516684
CASGDRTGGADWEQYF	1	0	5	0.001263903
CASSQEFNSPLYF	1	0	5	0.001263903
CAWVPGLGFSYEQYF	1	0	5	0.001263903
CASSQETAGSTGQLYF	1	0	5	0.001263903
CASGDAPGGVSQNTLYF	1	0	5	0.001263903
CASSPTGTTNERLFF	1	0	5	0.001263903
CASSQTGQGYSDYTF	1	0	5	0.001263903
CASSQAGVGAETLYF	1	0	5	0.001263903
CASSRRGGYAEQFF	1	0	5	0.001263903
CASSDAWNSDYTF	1	0	5	0.001263903
CASGQQGSAETLYF	1	0	5	0.001263903
CTCSADRGQGDTGQLYF	1	0	5	0.001263903
CASGDGWGGLYEQYF	1	0	5	0.001263903
CASGDAVGAEQYF	1	0	4	0.001011122
CASSPDYYEQYF	1	0	4	0.001011122
CASLTGGYAEQFF	1	0	4	0.001011122
CGARVGQNNQAPLF	1	0	4	0.001011122
CASSLEDDSDYTF	1	0	4	0.001011122
CASSLNPYEQYF	1	0	4	0.001011122
CGASRDTYEQYF	1	0	4	0.001011122
CASTRDRSNTGQLYF	1	0	4	0.001011122
CASGRLGANTGQLYF	1	0	4	0.001011122
CASSFPENSDYTF	1	0	4	0.001011122
CASSIGQGGETLYF	1	0	4	0.001011122
CASIPGQNTGQLYF	1	0	4	0.001011122
CSSSRGTGNSDYTF	1	0	4	0.001011122
CASSPGQLSGNTLYF	1	0	4	0.001011122
CASSQGLGEDTQYF	1	0	4	0.001011122
CASSQDGGSNERLFF	1	0	4	0.001011122
CASSLGGSDYTF	1	0	4	0.001011122
CASGGLGGDQDTQYF	1	0	4	0.001011122
CASSQETLGNTGQLYF	1	0	4	0.001011122
CASSGTISGNTLYF	1	0	5	0.001264122
CAWDWGWGSYEQYF	1	0	4	0.001011122
CASSTGTGVNQDTQYF	1	0	4	0.001011122
CASSLERGYAEQFF	1	0	4	0.001011122
CASGEHWGGYAEQFF	1	0	4	0.001011122
CASSQELGPYAEQFF	1	0	4	0.001011122
CASSLYTTSAETLYF	1	0	4	0.001011122
CASGDARRGTNERLFF	1	0	4	0.001011122
CASSLAGEDTQYF	1	0	4	0.001011122
CTCSGDSSPLYF	1	0	4	0.001011122
CASSGGTGGADAETLYF	1	0	4	0.001011122
CGAPQGGDTQYF	1	0	4	0.001011122
LCQQSATSAETLYF	1	0	4	0.001011122
CASTDRGPTEVFF	1	0	4	0.001011122
CTCSAVGLGASAEQFF	1	0	4	0.001011122
CASGDAGRPNTEVFF	1	0	4	0.001011122
CASSLEGLGGYEQYF	1	0	4	0.001011122
CGARRDRGSYEQYF	1	0	4	0.001011122
CASGDAGSGNTLYF	1	0	3	0.000758
CTCSAGQGEQLYF	1	0	3	0.000758
CASSIRSYEQYF	1	0	3	0.000758
CASSMRGVEQYF	1	0	3	0.000758
CATGTGGYEQYF	1	0	5	0.001264
CASSDSRAYEQYF	1	0	3	0.000758
CASSDLGESANTGQLYF	1	0	3	0.000758
CASSRDSYEQYF	1	0	3	0.000758
CASGVWGFNYAEQFF	1	0	3	0.000758
CASGDPTGYEQYF	1	0	3	0.000758
CASGTGGADTLYF	1	0	3	0.000758
CASSPLTYEQYF	1	0	3	0.000758
CASGDAAETLYF	1	0	3	0.000758
CASSLDWGGGEQYF	1	0	3	0.000758
CASSFSGAGNTLYF	1	0	3	0.000758
CGARDPWGGYEQYF	1	0	3	0.000758
CAWSLAWGEEQYF	1	0	3	0.000758
CASRLGGEQYF	1	0	3	0.000758
CGAGSGNTLYF	1	0	3	0.000758
CASSQVGTGGYEQYF	1	0	3	0.000758
CSSSQLGGQDTQYF	1	0	3	0.000758
CASGDWGDTGQLYF	1	0	3	0.000758
CASSVTGVQDTQYF	1	0	3	0.000758
CASSRQEQDTQYF	1	0	3	0.000758
CASGDDWGGKDTQYF	1	0	3	0.000758
CASSSNWGRAETLYF	1	0	3	0.000758
CTCSADFRGDTQYF	1	0	3	0.000758
CASSVDWGNTGQLYF	1	0	3	0.000758
CASGGLGKDTQYF	1	0	3	0.000758
CASGDVGPNSDYTF	1	0	3	0.000758
CASSLEGVFYEQYF	1	0	3	0.000758
CASSQVPGLGGDTQYF	1	0	3	0.000758
CASSQGGHYAEQFF	1	0	3	0.000758
CASSHRANTGQLYF	1	0	3	0.000758
CASSLTGGSQNTLYF	1	0	3	0.000758
CASSLDWELDTQYF	1	0	3	0.000758
CASGVDREDTQYF	1	0	3	0.000758
CASGESRYQNTLYF	1	0	4	0.001011
CASSVGGAEQFF	1	0	3	0.000758
CASGDTGPGNERLFF	1	0	4	0.001011
CAWRGLGANTGQLYF	1	0	3	0.000758
CSSSQGTGAETLYF	1	0	3	0.000758
CTCSTGTTSAETLYF	1	0	3	0.000758
CASSLEGVQNTLYF	1	0	3	0.000758
CASSLDRRTKNYAEQFF	1	0	3	0.000758
CASSLYAGSAETLYF	1	0	3	0.000758
CASSITGGTLYF	1	0	3	0.000758
CASSLAGQGSAETLYF	1	0	3	0.000758
CASSLGVNQDTQYF	1	0	3	0.000758
CASSWTGEDTQYF	1	0	3	0.000758
CSSRQSSYEQYF	1	0	3	0.000758
CASSIGPNQDTQYF	1	0	3	0.000758
CASSLEGDSDYTF	1	0	3	0.000758
CASSLGLGETLYF	1	0	3	0.000758
CARRWHNSPLYF	1	0	3	0.000758
LCQQSGGAGNTLYF	1	0	3	0.000758
CASSRTGGADTEVFF	1	0	4	0.001011
CASSLGQGTEVFF	1	0	3	0.000758
CASSLGGADSDYTF	1	0	3	0.000758
CASSLDEGAGYEQYF	1	0	3	0.000758
CAWSPGGEDEQYF	1	0	3	0.000758
CAWSPTGNYEQYF	1	0	3	0.000758
CAWSLGGSNSDYTF	1	0	3	0.000758
CTCSAEGTGVEQYF	1	0	2	0.000506
CTCSADRGGDEQYF	1	0	2	0.000506
CASSLDWGIYEQYF	1	0	2	0.000506
CTCSAGQGYEQYF	1	0	2	0.000506
CASRRLSSYEQYF	1	0	2	0.000506
CASSQSSGDYEQYF	1	0	2	0.000506
CASSIPGQLYF	1	0	2	0.000506
CASSVTGDNQAPLF	1	0	2	0.000506
CASSLRQEDNERLFF	1	0	2	0.000506
CASSDWVDGNTLYF	1	0	2	0.000506
CASGASRGEQYF	1	0	2	0.000506
CASRGTGVWEQYF	1	0	2	0.000506
CASGDWGGALEQYF	1	0	2	0.000506
CASSLGDWGYEQYF	1	0	3	0.000759
CASGEGASDYTF	1	0	2	0.000506
CASRNNNQAPLF	1	0	2	0.000506
CASSRNSNERLFF	1	0	2	0.000506
CASGDGTGGPSSYEQYF	1	0	2	0.000506
CASSIGTGGWEQYF	1	0	2	0.000506
CASRRTGAYEQYF	1	0	2	0.000506
CASPGQGSGNTLYF	1	0	2	0.000506
CASSYRGGEQYF	1	0	2	0.000506
CASSDTQNSDYTF	1	0	2	0.000506
CASSSQGANSDYTF	1	0	2	0.000506
CASGDATGANERLFF	1	0	2	0.000506
CTCSVTPSGNTLYF	1	0	2	0.000506
CASGDVGNERLFF	1	0	2	0.000506
CASGTGGEQYF	1	0	2	0.000506
CASGDGGGGYEQYF	1	0	2	0.000506
CSSSPDNYEQYF	1	0	2	0.000506
CASSSGNSGNTLYF	1	0	2	0.000506
CASSLSRGDAEQFF	1	0	2	0.000506
CASSQEGDLSGNTLYF	1	0	2	0.000506
CASGDEGSQNTLYF	1	0	2	0.000506
CASSPPDWGIYEQYF	1	0	2	0.000506
CGAALRREQYF	1	0	2	0.000506
CASSQDWGGRYEQYF	1	0	2	0.000506
CASSQETGGFYEQYF	1	0	2	0.000506
CASPEGSSNERLFF	1	0	2	0.000506
CASSQDPGGSDYTF	1	0	2	0.000506
CGARDWGGAYEQYF	1	0	2	0.000506
CASSLVGGVLYEQYF	1	0	2	0.000506
CASSSDRISNERLFF	1	0	2	0.000506
CASSDAPGGGYEQYF	1	0	2	0.000506
CASSFGLDSSYEQYF	1	0	2	0.000506
CASSFSSYEQYF	1	0	2	0.000506
CASSPLGGPYEQYF	1	0	2	0.000506
CASSGTGGDEQYF	1	0	2	0.000506
CASSQERPGYERLFF	1	0	2	0.000506
CASSLDRGIEQYF	1	0	2	0.000506
CASSDRVNERLFF	1	0	2	0.000506
CGARDGTALYEQYF	1	0	2	0.000506
CASSLVGWEQYF	1	0	2	0.000506
CASSFGLGGFEQYF	1	0	2	0.000506
CASSLDINERLFF	1	0	2	0.000506
CASSYLGAYEQYF	1	0	2	0.000506
CASSVDRGLEQYF	1	0	2	0.000506
CASGDWGEDTQYF	1	0	2	0.000506
CASSHLQGNTGQLYF	1	0	2	0.000506
CASKDRGDNERLFF	1	0	2	0.000506
CASSQETGGAYEQYF	1	0	2	0.000506
CASSQGTEDTQYF	1	0	3	0.000759
CASSLKQGYEQYF	1	0	2	0.000506
CASSFRDWGGARAETLYF	1	0	2	0.000506
CGARGTGVERLFF	1	0	2	0.000506
CASSIEAGGPYEQYF	1	0	2	0.000506
CASSLDRGEVEQYF	1	0	2	0.000506
CASSLEGTGYNERLFF	1	0	2	0.000506
CASSRGETNERLFF	1	0	2	0.000506
CGARGDRGAEQFF	1	0	2	0.000506
CASSLDWGGLEQYF	1	0	2	0.000506
CASSSDSAETLYF	1	0	2	0.000506
CASSLKGTGYEQYF	1	0	2	0.000506
CASSSGGAGAETLYF	1	0	2	0.000506
CASSEGLRRNQDTQYF	1	0	2	0.000506
CGARQGSYNSPLYF	1	0	2	0.000506
CASSRETLGRAETLYF	1	0	2	0.000506
CASSGQNQDTQYF	1	0	2	0.000506
CASSLTGGWQDTQYF	1	0	2	0.000506
CASSSDRGLAETLYF	1	0	2	0.000506
CASSQTGGRQDTQYF	1	0	2	0.000506
CASGGVSQNTLYF	1	0	2	0.000506
CASRDRYNSPLYF	1	0	2	0.000506
CASSIGGQNTLYF	1	0	2	0.000506
CASGRQGVSAETLYF	1	0	2	0.000506
CASSQTGYNSPLYF	1	0	2	0.000506
CGAGTGVSAETLYF	1	0	2	0.000506
CASSQGLGGETLYF	1	0	2	0.000506
CTCSAETGGGQDTQYF	1	0	2	0.000506
CASSSGLGGVNQDTQYF	1	0	2	0.000506
CASSDYGGANTLYF	1	0	2	0.000506
CASSPGLGVQNTLYF	1	0	2	0.000506
CASGTWGGQNTLYF	1	0	2	0.000506
CASSRTGGVAEQFF	1	0	2	0.000506
CAWSLGHANTEVFF	1	0	2	0.000506
CASSLQGANTEVFF	1	0	2	0.000506
CGARGDWGAEQYF	1	0	2	0.000506
CASSFGTGGGTEVFF	1	0	2	0.000506
CTCSAAGGGQYF	1	0	2	0.000506
CTCSAAGGGGQYF	1	0	4	0.001012
CASGVLDRTEVFF	1	0	2	0.000506
CASSSGTGAETLYF	1	0	2	0.000506
CASSRAAGGVSYEQYF	1	0	2	0.000506
CASSQDDSTEVFF	1	0	4	0.001012
CASSVSDSTEVFF	1	0	2	0.000506
CASSLDTDTEVFF	1	0	2	0.000506
CASSLAGREVFF	1	0	2	0.000506
CASSDGSGGYEQYF	1	0	2	0.000506
CASSIEGDEQYF	1	0	2	0.000506
CAQGQIYEQYF	1	0	2	0.000506
CTCSAALGLYEQYF	1	0	2	0.000506
CASSLGSAAYEQYF	1	0	2	0.000506
CASSIRSSYEQYF	1	0	2	0.000506
CASGEGNYEQYF	1	0	2	0.000506
CASSFGWGGGEQYF	1	0	2	0.000506
CTCSATGVISNERLFF	1	0	2	0.000506
CASSGHGDSYEQYF	1	0	2	0.000506
CASGDGGGGAYEQYF	1	0	2	0.000506
CTCSADLAGIEQYF	1	0	2	0.000506
CASGDPPGGPSSYEQYF	1	0	2	0.000506
CASSRTGGPNERLFF	1	0	2	0.000506
CASSKDRSYEQYF	1	0	2	0.000506
CASSPGRTYEQYF	1	0	2	0.000506
CASSPRGTYEQYF	1	0	2	0.000506
CASGGDWGAYEQYF	1	0	2	0.000506
CASGPGQTYEQYF	1	0	2	0.000506
CASGDPFGSYEQYF	1	0	2	0.000506
CASSQYEQYF	1	0	2	0.000506
CASGDRRIPLYF	1	0	2	0.000506
CASGDAHSSYEQYF	1	0	2	0.000506
CASGDALGGPYEQYF	1	0	2	0.000506
CASRTGINERLFF	1	0	2	0.000506
CASSLPGHDYAEQFF	1	0	2	0.000506
CASGDRQYEQYF	1	0	2	0.000506
CASSQVGGGEQYF	1	0	2	0.000506
CASSDARYEQYF	1	0	2	0.000506
CASSGQANSDYTF	1	0	2	0.000506
CASSLDNYEQYF	1	0	2	0.000506
CTCSADGTGNQAPLF	1	0	2	0.000506
CASGDWGGAYEQYF	1	0	2	0.000506
CASGVRDWGAYEQYF	1	0	2	0.000506
CASSPTGRDEQYF	1	0	2	0.000506
CASSDPQGRTSDYTF	1	0	2	0.000506
CASSDRFQAPLF	1	0	2	0.000506
CTCSADERLFF	1	0	2	0.000506
CASSPGQTNSDYTF	1	0	2	0.000506
CASSRDRAYEQYF	1	0	2	0.000506
CASSLLGEQYF	1	0	2	0.000506
CASGDRGDNQAPLF	1	0	2	0.000506
CAWSLWTGGDEQYF	1	0	2	0.000506
CASSLSGNTLYF	1	0	2	0.000506
CASSLRGGREQYF	1	0	2	0.000506
CASSQFWSSYEQYF	1	0	2	0.000506
CASSAGTEYNNQAPLF	1	0	2	0.000506
CASSEQASNERLFF	1	0	2	0.000506
CASSDRDSYAEQFF	1	0	2	0.000506
CASSSQGAGEQYF	1	0	2	0.000506
CTCSGDRGISNERLFF	1	0	2	0.000506
CASSLGLGGREQYF	1	0	2	0.000506
CGARDRVGNTLYF	1	0	2	0.000506
CASGDARASAETLYF	1	0	2	0.000506
CASSPTNSDYTF	1	0	2	0.000506
CASSLEGRGEYEQYF	1	0	2	0.000506
CASSHRDTYEQYF	1	0	2	0.000506
CASSQDGGSGNTLYF	1	0	2	0.000506
CASSQEVGSSYEQYF	1	0	2	0.000506
CASSSGTTNSDYTF	1	0	2	0.000506
CAWSLFGGSYEQYF	1	0	2	0.000506
CASSHTEIGNTLYF	1	0	2	0.000506
CASSLRGMTNERLFF	1	0	2	0.000506
CASSPTGRERLFF	1	0	2	0.000506
CASSQETFYEQYF	1	0	2	0.000506
CASSQQGVHETLYF	1	0	2	0.000506
CASSLEWGASSYEQYF	1	0	2	0.000506
CASSPGTTNTGQLYF	1	0	2	0.000506
CASSQDPHSGNTLYF	1	0	2	0.000506
CASSPGTNNQAPLF	1	0	2	0.000506
CASSGTGNTGQLYF	1	0	2	0.000506
CASSLRDRNSPLYF	1	0	2	0.000506
CAWSLHSGNTLYF	1	0	4	0.001012
CASSSRDWGREQYF	1	0	2	0.000506
CASSLPGGAGEQYF	1	0	2	0.000506
CASSQDRPPTGQLYF	1	0	2	0.000506
CGARDSHNYAEQFF	1	0	2	0.000506
CASSLALGGMEQYF	1	0	2	0.000506
CASSQTGGTGQLYF	1	0	2	0.000506
CASSPGTGGARGAETLYF	1	0	2	0.000506
CAWSLRDWGYEQYF	1	0	2	0.000506
CASSLAPSGTGGYEQYF	1	0	2	0.000506
CAWGIGQGNSDYTF	1	0	2	0.000506
CASSLETDYEQYF	1	0	2	0.000506
CASSLVGNSDYTF	1	0	2	0.000506
CASSLELGGNYAEQFF	1	0	2	0.000506
CASSSGQGAGERLFF	1	0	2	0.000506
CSSRLGGYAEQFF	1	0	2	0.000506
CASSGTGENSDYTF	1	0	1	0.000253
CTCSAAGNYAEQFF	1	0	1	0.000253
CASSAGTPNTGQLYF	1	0	1	0.000253
CASSIPRPRERLFF	1	0	1	0.000253
CTCSADLGTQYF	1	0	1	0.000253
CASSTGHPNERLFF	1	0	1	0.000253
CTCSAGRPGQSNERLFF	1	0	1	0.000253
CASGGLGVYAEQFF	1	0	1	0.000253
CASSSRTGGNNQAPLF	1	0	1	0.000253
CASGDWGGEQYF	1	0	1	0.000253
CASSSSGTGVGNTLYF	1	0	1	0.000253
CASISGTGGADAEQFF	1	0	1	0.000253
CASSLFPGQGDERLFF	1	0	1	0.000253
CASSTGQSSYEQYF	1	0	1	0.000253
CASSSSGTGNERLFF	1	0	1	0.000253
CASRPGLGYAEQFF	1	0	1	0.000253
CASRTGQISNERLFF	1	0	1	0.000253
CASISTGNTGQLYF	1	0	1	0.000253
CASSQGQGAERLFF	1	0	1	0.000253
CASRGTGVGDTQYF	1	0	1	0.000253
CTCSTGFAETLYF	1	0	1	0.000253
CASSDLDIYEQYF	1	0	1	0.000253
CASSPGTPNQAPLF	1	0	1	0.000253
CASSLAKYYEQYF	1	0	1	0.000253
CTCSAGQSYAEQFF	1	0	1	0.000253
CSSSWTPSDYTF	1	0	1	0.000253
CASSLDGASNERLFF	1	0	1	0.000253
CASSLFVVNYAEQFF	1	0	1	0.000253
CASSQEHLNSDYTF	1	0	1	0.000253
CASSRQGNTLYF	1	0	1	0.000253
CASSQDGTDSYEQYF	1	0	1	0.000253
CASSQTGNNQAPLF	1	0	1	0.000253
CASGDPGHANSDYTF	1	0	1	0.000253
CASSQELGVYEQYF	1	0	1	0.000253
CASRGTGGNERLFF	1	0	1	0.000253
CASSLQGFSDYTF	1	0	1	0.000253
CASSPYRGGAETLYF	1	0	1	0.000253
CASSPQGGHTLYF	1	0	1	0.000253
CASSSRQGNYAEQFF	1	0	1	0.000253
CASSQGLGGLEQYF	1	0	1	0.000253
CASRRPGGDTLYF	1	0	1	0.000253
CASSLGTGGTTYEQYF	1	0	1	0.000253
CASRAGTGGAEQFF	1	0	1	0.000253
CASSQDAGEGERLFF	1	0	1	0.000253
CTCSADTGRGQNTLYF	1	0	1	0.000253
CASSPTGLNYAEQFF	1	0	1	0.000253
CASSLGLGGDSYEQYF	1	0	1	0.000253
CASSYSGTGGPLQYF	1	0	1	0.000253
CASGDPGQGTERLFF	1	0	1	0.000253
CASSRDWGITYEQYF	1	0	1	0.000253
CASSLTGGQDTQYF	1	0	1	0.000253
CASSLSLGLQDTQYF	1	0	1	0.000253
CASSDWGGGAEQFF	1	0	1	0.000253
CSSSQSGTGNQAPLF	1	0	2	0.000506
CASSLEGGTGQLYF	1	0	1	0.000253
CASSDWGANTGQLYF	1	0	1	0.000253
CASSQQRNERLFF	1	0	1	0.000253
CASSYRDWGDAEQFF	1	0	1	0.000253
CTCSADRDRVAEQFF	1	0	2	0.000506
CASGDALEGRAEQFF	1	0	1	0.000253
CASGETGTWDSPLYF	1	0	1	0.000253
CAWSLYGGSYAEQFF	1	0	1	0.000253
CASGDGYQDTQYF	1	0	1	0.000253
CASSDNRPSQNTLYF	1	0	1	0.000253
CASSAQDTQYF	1	0	1	0.000253
CASSDWGGAGQLYF	1	0	1	0.000253
CASSFTANTGQLYF	1	0	2	0.000506
CASSHDWGAYEQYF	1	0	1	0.000253
CASGETGGATGQLYF	1	0	1	0.000253
CTCSAGTGGPNTGQLYF	1	0	1	0.000253
CASSLFGTGTSQNTLYF	1	0	1	0.000253
CASSQTGVWGAEQFF	1	0	1	0.000253
CASSLEGGADEQYF	1	0	1	0.000253
CASSWGGSAETLYF	1	0	1	0.000253
CASSQLGNTGQLYF	1	0	2	0.000506
CASSTDWGSNTGQLYF	1	0	1	0.000253
CASGGARGREDTQYF	1	0	1	0.000253
CTCSAVGSNYAEQFF	1	0	1	0.000253
CASSFPGRAETLYF	1	0	1	0.000253
CAWSLGGDAEQFF	1	0	1	0.000253
CASSDRAGESGNTLYF	1	0	1	0.000253
CASGDVWGPNYAEQFF	1	0	1	0.000253
CASSFWGGSYEQYF	1	0	2	0.000506
CARTGKGDTQYF	1	0	1	0.000253
CASGETGGSQNTLYF	1	0	2	0.000506
CAWSLGQTNTGQLYF	1	0	1	0.000253
CASSLEGNTLYF	1	0	1	0.000253
CASGWLSAETLYF	1	0	1	0.000253
CASSQTGFQDTQYF	1	0	1	0.000253
CASSDGGYNSPLYF	1	0	1	0.000253
CASSDVGGADTQYF	1	0	1	0.000253
CASSRTGGAYEQYF	1	0	1	0.000253
CASGDVWGQDTQYF	1	0	1	0.000253
CASSAGLGGRNTQYF	1	0	1	0.000253
CASSKEEMGNSPLYF	1	0	1	0.000253
CASTPADQDTQYF	1	0	1	0.000253
CASIRTGSAETLYF	1	0	1	0.000253
CAWRLGGQNTLYF	1	0	1	0.000253
CASSSWTGDAETLYF	1	0	1	0.000253
CASSLEQETLYF	1	0	1	0.000253
CASSLRNSGNTLYF	1	0	1	0.000253
CGARRLYAEQFF	1	0	1	0.000253
CASGDTAEQFF	1	0	1	0.000253
CASSLDWGNTGQLYF	1	0	1	0.000253
CASSIGLGEDTQYF	1	0	1	0.000253
DRRHLPNTGQLYF	1	0	1	0.000253
CASSLEQGNAEQFF	1	0	1	0.000253
CASSSGLGVNQDTQYF	1	0	1	0.000253
CASSPRLGPYAEQFF	1	0	1	0.000253
CASSQDRAYNSPLYF	1	0	1	0.000253
CAWSLWNSGNTLYF	1	0	1	0.000253
CASGWGVPEQFF	1	0	1	0.000253
CASSRRELTGQLYF	1	0	1	0.000253
CTCSADSQNTLYF	1	0	1	0.000253
CASSWDWGGGNAEQFF	1	0	1	0.000253
CAWSSWGGGAEQFF	1	0	1	0.000253
CGASGGAETLYF	1	0	1	0.000253
CASSQLGNQDTQYF	1	0	1	0.000253
CASSAQGRQDTQYF	1	0	1	0.000253
CASSFWGGSNTGQLYF	1	0	1	0.000253
CASSTDRAISNERLFF	1	0	1	0.000253
CASSFGLGGQAEQFF	1	0	1	0.000253
CASSIWGDNQDTQYF	1	0	1	0.000253
CASGPGGNTGQLYF	1	0	1	0.000253
CASSPNWAETLYF	1	0	1	0.000253
CASSWGFSQNTLYF	1	0	1	0.000253
CASSPQRQDTQYF	1	0	1	0.000253
CASSLGLGGLRDTQYF	1	0	1	0.000253
CASGEPGQGVTQYF	1	0	1	0.000253
CASGDARQATGQLYF	1	0	1	0.000253
CGARDAGGRDTQYF	1	0	1	0.000253
CASSITGSAETLYF	1	0	1	0.000253
CASSLEGAWAEQFF	1	0	1	0.000253
CAWTGQDTQYF	1	0	1	0.000253
CAWSRQGNQDTQYF	1	0	1	0.000253
CASSRDRTSAETLYF	1	0	1	0.000253
CTCSAVHYNSPLYF	1	0	1	0.000253
CASRDSAETLYF	1	0	1	0.000253
CASSRTTSQNTLYF	1	0	1	0.000253
CASGGGGQNTLYF	1	0	1	0.000253
CASSLRRLGGSETLYF	1	0	1	0.000253
CASSWGGANTGQLYF	1	0	1	0.000253
CASSRQGADYAEQFF	1	0	1	0.000253
CAWSHWGVNTLYF	1	0	1	0.000253
CASSRGWGGQDTQYF	1	0	1	0.000253
CASTPGLGGVYAEQFF	1	0	1	0.000253
CGARGQGYTQYF	1	0	1	0.000253
CASSQQISYNSPLYF	1	0	1	0.000253
CASSGGIYAEQFF	1	0	1	0.000253
CASSVGLGGWAQNTLYF	1	0	1	0.000253
CASSSLGTSAETLYF	1	0	1	0.000253
LCQQLRDKNSDYTF	1	0	1	0.000253
CASSDRGCTGQLYF	1	0	1	0.000253
CASSPDWGYAEQFF	1	0	1	0.000253
CASSSEPLSAETLYF	1	0	1	0.000253
CTCSADVWGYAEQFF	1	0	1	0.000253
CASSPRDWGESQNTLYF	1	0	1	0.000253
CASSPRLGGDTQYF	1	0	1	0.000253
CASSLTGGSNTEVFF	1	0	1	0.000253
CAWSPRGQEGTQYF	1	0	1	0.000253
CASSDWTGGQDTQYF	1	0	1	0.000253
CASSQETGHYAEQFF	1	0	1	0.000253
CASSSGLGGMNQDTQYF	1	0	1	0.000253
CASGDAQGGNTLYF	1	0	1	0.000253
CASSQDNGGANTQYF	1	0	1	0.000253
CASSQDRQEGYAEQFF	1	0	1	0.000253
CASSRDRGEQYF	1	0	1	0.000253
CTCSAVNNQDTQYF	1	0	1	0.000253
CASSSSLGGLQDTQYF	1	0	1	0.000253
CASSLHDWTETLYF	1	0	1	0.000253
CASSLLEDTQYF	1	0	1	0.000253
CASSSGLGGDYAEQFF	1	0	1	0.000253
CASSQDFWGQNTLYF	1	0	1	0.000253
CASSQVGTGQDTQYF	1	0	1	0.000253
CASSLQGYQDTQYF	1	0	1	0.000253
CASSRQGNSPLYF	1	0	1	0.000253
CASSILWGVTNQDTQYF	1	0	1	0.000253
CASSLYERISNERLFF	1	0	1	0.000253
CASGDGVNQDTQYF	1	0	1	0.000253
CASSLSQDTQYF	1	0	1	0.000253
CASSRVTSAETLYF	1	0	1	0.000253
CASSLSGTTNTEVFF	1	0	1	0.000253
CASGERGGAYTLYF	1	0	1	0.000253
CASSIRGYNSPLYF	1	0	1	0.000253
CASSYGVQNTLYF	1	0	1	0.000253
CASSLEGVQDTQYF	1	0	1	0.000253
CASRDRGNTEVFF	1	0	1	0.000253
CASSQDTSQNTLYF	1	0	1	0.000253
CASSQDSYTGQLYF	1	0	1	0.000253
CGARSGADTQYF	1	0	1	0.000253
CASSPPGDQDTQYF	1	0	1	0.000253
CASSRDGRVANTEVFF	1	0	1	0.000253
CASSLEGRVAEMLYF	1	0	1	0.000253
CASSLGGEDTQYF	1	0	1	0.000253
CASSLLGIQDTQYF	1	0	1	0.000253
CASSIGSSYNSPLYF	1	0	1	0.000253
CGARPGYTEVFF	1	0	1	0.000253
LCQQLRDQNSDYTF	1	0	1	0.000253
CASGGTGSNTEVFF	1	0	1	0.000253
CASSQEGTGGADTQYF	1	0	1	0.000253
CASSLEGGSDYTF	1	0	1	0.000253
CASSQDWGQDTQYF	1	0	1	0.000253
CASSLEGRVAETLYF	1	0	1	0.000253
CAWSTGMTSDYTF	1	0	2	0.000506
CASGGQDTEVFF	1	0	1	0.000253
CASSIRQSTEVFF	1	0	1	0.000253
CASSAYRGNTEVFF	1	0	1	0.000253
CASSRDRGDYAEQFF	1	0	1	0.000253
CGARDGIWGTEVFF	1	0	1	0.000253
CASGERTANTEVFF	1	0	1	0.000253
CASSKGLGQNTLYF	1	0	1	0.000253
CASSLGTNTEVFF	1	0	1	0.000253
CASSQTGTEVFF	1	0	1	0.000253
CASSPRTENTEVFF	1	0	1	0.000253
CGARDEGQSNTEVFF	1	0	1	0.000253
CASSDASYNSPLYF	1	0	1	0.000253
CASSPGNTEVFF	1	0	1	0.000253
CASSLYGDTQYF	1	0	1	0.000253
CASGPQNTEVFF	1	0	1	0.000253
CASSLDRGTEVFF	1	0	1	0.000253
CASSQTGVGTEVFF	1	0	1	0.000253
CASSDVSANTEVFF	1	0	1	0.000253
CASSRDREVFF	1	0	1	0.000253
CTCSPGTPEVFF	1	0	1	0.000253
CASSQDARSNERLFF	1	0	1	0.000253
CAWSLAGDSAETLYF	1	0	1	0.000253
CASSQDKLNTEVFF	1	0	1	0.000253
CGARRLNTEVFF	1	0	1	0.000253
CASSPPGANTEVFF	1	0	1	0.000253
CASSLVSANTEVFF	1	0	1	0.000253
CASSQDGWGQDTQYF	1	0	1	0.000253
CGAFRFSNERLFF	1	0	1	0.000253
CAWSRGTGNTEVFF	1	0	1	0.000253
CASSLYFWGAYEQYF	1	0	1	0.000253
CASGTGTGVGNTLYF	1	0	1	0.000253
CASSLHRGREVFF	1	0	1	0.000253
CASGDGRYTEVFF	1	0	1	0.000253
CGARGTGGAEQYF	1	0	1	0.000253
CTRSADRDRVAEQFF	1	0	1	0.000253
CASSRPGPNTEVFF	1	0	1	0.000253
CASSPDRGLNSPLYF	1	0	1	0.000253
CASSLGVFTEVFF	1	0	1	0.000253
CGARGQGYTEVFF	1	0	1	0.000253
CAWSLERNTEVFF	1	0	1	0.000253
CTCSAAGGEGQYF	1	0	1	0.000253
LCQQSTGGRGEQYF	1	0	1	0.000253
RRVTTHLCW	1	0	1	0.000253
CAWSLFNSGYTLYF	1	0	1	0.000253
CASSLGGGQNTLYF	1	0	1	0.000253
CASSPEGGQYF	1	0	1	0.000253
CTCSAAGRGGQYF	1	0	1	0.000253
CTCSAAGGGRQYF	1	0	1	0.000253
CASSSTGDSSYEQYF	1	0	1	0.000253
CTCSSRDWGAGEQYF	1	0	1	0.000253
CASSPRDWGGREQYF	1	0	1	0.000253
CASSDGVNYAEQFF	1	0	1	0.000253
CASSLWQANTEVFF	1	0	1	0.000253
CASSLGDREQYF	1	0	1	0.000253
CASGDAEGGALGAETLYF	1	0	1	0.000253
CASGDKSWGGNYAEQFF	1	0	1	0.000253
CASSAWGGQYF	1	0	1	0.000253
CASSDARLGYEQYF	1	0	1	0.000253
CASSRGGPETLYF	1	0	1	0.000253
CASSLRQGGGNYAEQFF	1	0	1	0.000253
CASGDAGGGTEVFF	1	0	1	0.000253
CASRGQGKVFF	1	0	1	0.000253
CASSLTGANTGQLYF	1	0	1	0.000253
CASSRDWGGVEQYF	1	0	1	0.000253
CASSVQDSGNTLYF	1	0	1	0.000253
CASRDWGGDAEQFF	1	0	1	0.000253
CASSGDRGDERLFF	1	0	1	0.000253
CASSPGDEQYF	1	0	1	0.000253
CASSIVGYEQYF	1	0	1	0.000253
CASSIGTGGADERLFF	1	0	1	0.000253
CTCSAVGAANERLFF	1	0	1	0.000253
CASGDRGHEQYF	1	0	1	0.000253
CASSEVSSGNTLYF	1	0	1	0.000253
CASSRGQHSGNTLYF	1	0	1	0.000253
CTCSADHGSSYEQYF	1	0	1	0.000253
CASSIQGSNSDYTF	1	0	1	0.000253
CASSIWDRGGEQFF	1	0	1	0.000253
CTCSETREQYF	1	0	1	0.000253
CASGDWGSSYEQYF	1	0	1	0.000253
CASSISNTGQLYF	1	0	1	0.000253
CASGDLLSNERLFF	1	0	1	0.000253
CASVGGSSYEQYF	1	0	1	0.000253
CASSDAGGAREQYF	1	0	1	0.000253
CTCSGQGPEQYF	1	0	1	0.000253
CASSQVGGGNTLYF	1	0	1	0.000253
CASTLDWPNYAEQFF	1	0	1	0.000253
CASSLATGGFSYEQYF	1	0	1	0.000253
CTCSAGGLGGRAEQFF	1	0	1	0.000253
CASGDAARVYEQYF	1	0	1	0.000253
CTCSAQQGERTQYF	1	0	1	0.000253
CTCSAARAGQAPLF	1	0	1	0.000253
CASSCWGTYEQYF	1	0	1	0.000253
CASSEDWGDAEQFF	1	0	1	0.000253
CASSFPGTDYAEQFF	1	0	1	0.000253
CASSQGTGRLGGGEQYF	1	0	1	0.000253
CASSWSSYEQYF	1	0	1	0.000253
CASSDVGGAPEQYF	1	0	1	0.000253
CASSMTGGYAEQFF	1	0	1	0.000253
CASGDRTGDAEQFF	1	0	1	0.000253
CASGWDNANSDYTF	1	0	1	0.000253
CASSEGLGGEQYF	1	0	1	0.000253
CASSIQGRGAETLYF	1	0	1	0.000253
CASGERRQGNERLFF	1	0	1	0.000253
CASSIRTGGYAEQFF	1	0	1	0.000253
CASGGGAAYEQYF	1	0	1	0.000253
CASGEQISNERLFF	1	0	1	0.000253
CASKRQGGYAEQFF	1	0	1	0.000253
CAWRGTGKYEQYF	1	0	1	0.000253
CASRYRETLYF	1	0	1	0.000253
CASSRDNYAEQFF	1	0	1	0.000253
CASSFPPGGGYEQYF	1	0	1	0.000253
CASSQEGTTNERLFF	1	0	1	0.000253
CASGDAGGANYAEQFF	1	0	1	0.000253
CASGELPGGVAEQFF	1	0	1	0.000253
CASATGGPNERLFF	1	0	1	0.000253
CASGDEDLNQDTQYF	1	0	1	0.000253
CASSYDSQYAEQFF	1	0	1	0.000253
CAWSLGTAGNTLYF	1	0	1	0.000253
CASSLQGATGQLYF	1	0	1	0.000253
CASSLYGEGQFF	1	0	1	0.000253
CGARDWSYEQYF	1	0	1	0.000253
CASSCWGQDTQYF	1	0	1	0.000253
CASGDGQGGNTLYF	1	0	1	0.000253
CASGDATGEGKKERLFF	1	0	1	0.000253
CASSPRDRGPEQFF	1	0	1	0.000253
CASSQETGGYYEQYF	1	0	1	0.000253
CASSSGTGSSGNTLYF	1	0	1	0.000253
CASSPGRRNSDYTF	1	0	1	0.000253
CASSSDRGQDTQYF	1	0	1	0.000253
CASSLEGQGYEQYF	1	0	1	0.000253
CASSQEVYNNQAPLF	1	0	1	0.000253
CASSFGTGFSNERLFF	1	0	1	0.000253
CAWSLPLGQGYEQYF	1	0	1	0.000253
CASSDAGGAPTGQLYF	1	0	1	0.000253
CASSRGQGFSNERLFF	1	0	1	0.000253
CASSDPGQNSAETLYF	1	0	1	0.000253
CASSVGGENTLYF	1	0	1	0.000253
CASRTGQGADYAEQFF	1	0	1	0.000253
CASSLEGVSYEQYF	1	0	1	0.000253
CASSQGQVSNERLFF	1	0	1	0.000253
CTCSADGGNYAEQFF	1	0	1	0.000253
CASSRGGSNERLFF	1	0	1	0.000253
CASSILGLVANTGQLYF	1	0	1	0.000253
CASSLYIRISNERLFF	1	0	1	0.000253
CGARFTTNSDYTF	1	0	1	0.000253
CASSSGQNTLYF	1	0	1	0.000253
CASSPGQGYAEQFF	1	0	1	0.000253
CASSDGRINSDYTF	1	0	1	0.000253
CASSQLGSNTGQLYF	1	0	1	0.000253
CASSMGTGQNTLYF	1	0	1	0.000253
CASSLGLGSSYEQYF	1	0	1	0.000253
CASSGTGGYEQYF	1	0	1	0.000253
CASRGQNQDTQYF	1	0	1	0.000253
CGARDTNERLFF	1	0	1	0.000253
CASSQEWGYDTQYF	1	0	1	0.000253
CASSPPGQTNERLFF	1	0	1	0.000253
CASSRTDSYNSPLYF	1	0	1	0.000253
CASSLVDWGGNAETLYF	1	0	1	0.000253
CASSGTENTLYF	1	0	1	0.000253
CASGARDWGYAEQFF	1	0	1	0.000253
CTCSAGQYEQYF	1	0	1	0.000253
CTCSSGQGNQAPLF	1	0	1	0.000253
CASGDSYNSPLYF	1	0	1	0.000253
CGARGDWGPNTGQLYF	1	0	1	0.000253
LERNDNNQAPLF	1	0	1	0.000253
CASSLPGGIAEQFF	1	0	1	0.000253
CASSSGTKNTLYF	1	0	1	0.000253
CASSVDSTETLYF	1	0	1	0.000253
CASSFQGANTGQLYF	1	0	1	0.000253
CASSRTGQNTLYF	1	0	1	0.000253
CASSMTGGQDTQYF	1	0	1	0.000253
CASGPLGVSAETLYF	1	0	1	0.000253
CASSQDPGLNNQAPLF	1	0	1	0.000253
CASSFSGDNYAEQFF	1	0	1	0.000253
CASSLPFERLFF	1	0	1	0.000253
CASSLEEGRDTLYF	1	0	1	0.000253
CASSLVYTGQLYF	1	0	1	0.000253
CASGDQGAETLYF	1	0	1	0.000253
CASRRLGDLAEQFF	1	0	1	0.000253
CASSFGRDGAETLYF	1	0	1	0.000253
CASSLRLGPYAEQFF	1	0	1	0.000253
CASSDRGANYAEQFF	1	0	2	0.000506
CASSILRSQNTLYF	1	0	1	0.000253
CASSQGTVSNERLFF	1	0	1	0.000253
CASSQDGRGRAEQFF	1	0	1	0.000253
CSSSQTGGQNTLYF	1	0	1	0.000253
CGARRAGYTGQLYF	1	0	1	0.000253
CASSQEGGPAEQFF	1	0	1	0.000253
CASSWDWGGAWNTLYF	1	0	1	0.000253
CASSLGGRDTQYF	1	0	1	0.000253
CASSQDRDWGVYAEQFF	1	0	1	0.000253
CASGDGPGGQNTLYF	1	0	1	0.000253
CASGDPGQNTLYF	1	0	1	0.000253
CAWSQGANERLFF	1	0	1	0.000253
CASGDAWTGESSYEQYF	1	0	1	0.000253
CASSPGQGYSDYTF	1	0	1	0.000253
CASSGSGGPSAETLYF	1	0	1	0.000253
CGARDSNYAEQFF	1	0	1	0.000253
CASSRLGRAEQFF	1	0	1	0.000253
CASSAIQGVNERLFF	1	0	1	0.000253
CASSDWGNYAEQFF	1	0	1	0.000253
CASSQDWGGQGQNTLYF	1	0	1	0.000253
CGARDQNNERLFF	1	0	1	0.000253
CASSFPRGNSAETLYF	1	0	1	0.000253
CASRQGSDYTF	1	0	1	0.000253
CASSLGVDTGQLYF	1	0	1	0.000253
CASRVRSAETLYF	1	0	1	0.000253
CASGSGGRDTQYF	1	0	1	0.000253
CASSLDSYAEQFF	1	0	1	0.000253
CASRVGGYEQYF	1	0	1	0.000253
CASSQWTGDSYEQYF	1	0	1	0.000253
CASGELGQDTQYF	1	0	1	0.000253
CASRRDISDYTF	1	0	1	0.000253
CGARLGSSAETLYF	1	0	1	0.000253
CASGALGAETLYF	1	0	1	0.000253
CASSGTDTQYF	1	0	1	0.000253
CASSPHWGGYAEQFF	1	0	1	0.000253
CASSLTGADNQAPLF	1	0	1	0.000253
CASSLLGGFNQDTQYF	1	0	1	0.000253
CSSSPGQGNTLYF	1	0	1	0.000253
CASSPTGIDTQYF	1	0	1	0.000253
CASSLRDWAETLYF	1	0	1	0.000253
CASGTDSYNSPLYF	1	0	1	0.000253
CASSQERRGQDQAPLF	1	0	1	0.000253
CASSIPGTGGAETLYF	1	0	1	0.000253
CGGGEGQNTLYF	1	0	1	0.000253
CAWSLQISNERLFF	1	0	1	0.000253
CASSSDWGGANTGQLYF	1	0	1	0.000253
CASSDPGGHQDTQYF	1	0	1	0.000253
CASSSNSQNTLYF	1	0	1	0.000253
CASSLTPNQDTQYF	1	0	1	0.000253
CAWSLEGAEQFF	1	0	1	0.000253
CASSARLGGLNYAEQFF	1	0	1	0.000253
CASGDAGASQNTLYF	1	0	1	0.000253
CASSLAWTGGQDTQYF	1	0	1	0.000253
CASSPGTGQNTLYF	1	0	1	0.000253
CASGGTFQDTQYF	1	0	1	0.000253
CASSRDWGDSYEQYF	1	0	1	0.000253
CASSPGLGSAETLYF	1	0	1	0.000253
CASSRDWGSQDTQYF	1	0	1	0.000253
CASSQEPDYNSPLYF	1	0	1	0.000253
CASGVPGLNYAEQFF	1	0	1	0.000253
CASSRGTGKNSPLYF	1	0	1	0.000253
CASSELDYAEQFF	1	0	1	0.000253
CASSLGLGGSQNTLYF	1	0	1	0.000253
CGARGQEDTQYF	1	0	1	0.000253
CANSLGLGSSYEQYF	1	0	1	0.000253
CASSNWGSQNTLYF	1	0	1	0.000253
CSSSQQISNERLFF	1	0	1	0.000253
CASSLGGAYEQYF	1	0	1	0.000253
CASSPRGNTGQLYF	1	0	1	0.000253
CASSQPTGGFWQNTLYF	1	0	1	0.000253
CASSPDRGDTQYF	1	0	1	0.000253
CASSLDTNYAEQFF	1	0	1	0.000253
CAWSLLGAEQFF	1	0	1	0.000253
CASSPYWDNQDTQYF	1	0	1	0.000253
CASSSTGGGTGQLYF	1	0	1	0.000253
CASSIKGQYNSPLYF	1	0	1	0.000253
CASSLGTGGRQDTQYF	1	0	1	0.000253
CASSPLNSPLYF	1	0	1	0.000253
CASSLAPGSQDTQYF	1	0	1	0.000253
CASSLGTGFSNERLFF	1	0	1	0.000253
CTCSADRAENTLYF	1	0	1	0.000253
CASSGSQNTLYF	1	0	1	0.000253
CASSLKTLNYAEQFF	1	0	1	0.000253
CASSLEGNSPLYF	1	0	1	0.000253
CASSQDWGESAETLYF	1	0	1	0.000253
CASSPGTGGQDTQYF	1	0	1	0.000253
CASETHLCW	1	0	1	0.000253
CAWSRGGAAETLYF	1	0	1	0.000253
CASGDARGDTQYF	1	0	1	0.000253
CAWSLPGGNQNTLYF	1	0	1	0.000253
CGAGTGGAWAEQFF	1	0	1	0.000253
CSSSQRTADTEVFF	1	0	1	0.000253
CASTPGRGQNTLYF	1	0	1	0.000253
CASSWDWQNTLYF	1	0	1	0.000253
CASTPGTHNSPLYF	1	0	1	0.000253
CASSLEDRAETLYF	1	0	1	0.000253
CAWSPQGNYAEQFF	1	0	1	0.000253
CASSEGPSQNTLYF	1	0	1	0.000253
CASSLDLGGVNQDTQYF	1	0	1	0.000253
CASGDQQSQNTLYF	1	0	1	0.000253
CASGDRWDSAETLYF	1	0	1	0.000253
CASSSTGYNSPLYF	1	0	1	0.000253
CASSPLDWGNYAEQFF	1	0	1	0.000253
CGARGQGYNSPLYF	1	0	1	0.000253
CASSALGNQDTQYF	1	0	1	0.000253
CASSRQGGQNTLYF	1	0	2	0.000506
CTCSAGTGGGTQYF	1	0	1	0.000253
CASSFTGSQNTLYF	1	0	1	0.000253
CASSQGDNSPLYF	1	0	1	0.000253
CASSLTASQNTLYF	1	0	1	0.000253
CAWSRLGGYQDTQYF	1	0	1	0.000253
CASSQGTANSDYTF	1	0	1	0.000253
CTCSAEWTGFYNSPLYF	1	0	1	0.000253
CASSQNREDTQYF	1	0	1	0.000253
CASSFDSAETLYF	1	0	1	0.000253
CASSLEWGGAETLYF	1	0	1	0.000253
CASSQDRDTQYF	1	0	1	0.000253
CASGPGLGYQNTLYF	1	0	1	0.000253
CASSLEKDTQYF	1	0	1	0.000253
CASSPGRRSPLYF	1	0	1	0.000253
CAWRDWGQDTQYF	1	0	1	0.000253
CASSPRTSSAETLYF	1	0	1	0.000253
CASKGKNTLYF	1	0	1	0.000253
CASTPGQANTEVFF	1	0	1	0.000253
CASSRDWGDDTQYF	1	0	1	0.000253
CASSSGNTEVFF	1	0	1	0.000253
CTCSAPTGEGNTLYF	1	0	1	0.000253
CASGPTGENTLYF	1	0	1	0.000253
CASSQEGGRDTLYF	1	0	1	0.000253
CTCSAAGTEVFF	1	0	1	0.000253
CASSPQVAETLYF	1	0	1	0.000253
CASGDLGGDPQDTQYF	1	0	1	0.000253
CASSQTGNQDTQYF	1	0	1	0.000253
CAWSLVANTEVFF	1	0	1	0.000253
CASGDGGGNTEVFF	1	0	2	0.000506
CASSQQVRQISNERLFF	1	0	1	0.000253
CAGSARLGGLNYAEQFF	1	0	1	0.000253
CASSQDGGSNTEVFF	1	0	1	0.000253
CASSAHWGGVAEQFF	1	0	1	0.000253
CASSLPLQGRRTEVFF	1	0	1	0.000253
CASSQDPQANTEVFF	1	0	1	0.000253
CSSRAPLGGRTGQLYF	1	0	1	0.000253
CASSYGGATETLYF	1	0	1	0.000253
CASSQEGHTEVFF	1	0	1	0.000253
CGARDLGQGNTEVFF	1	0	1	0.000253
CASSLDRTGGLSQNTLYF	1	0	1	0.000253
CASSLPHGGIQDTQYF	1	0	1	0.000253
CASSSGAKVFF	1	0	1	0.000253
CASSRDSQNTLYF	1	0	1	0.000253
CTCSALGNTGQLYF	1	0	1	0.000253
CTCSAGGAEVFF	1	0	1	0.000253
CTCSAEGATEVFF	1	0	1	0.000253
CASSLDRGQNTLYF	1	0	1	0.000253
CVSSPYWDNQDTQYF	1	0	1	0.000253
CASSEQGANTEVFF	1	0	1	0.000253
LCQQSSGQGANTEVFF	1	0	1	0.000253
CASSLAPRAEVFF	1	0	1	0.000253
CASSPGQGTEVFF	1	0	1	0.000253
CASSQEHRDTEVFF	1	0	1	0.000253
CASSQQNTLYF	1	0	1	0.000253
CASSLRDRGKVFF	1	0	1	0.000253
CTCSATGGNQNTLYF	1	0	1	0.000253
CASSQARTYNSPLYF	1	0	1	0.000253
CASSQEGQGPEVFF	1	0	1	0.000253
CASSSPKGGDTEVFF	1	0	1	0.000253
CASSLCDNANTEVFF	1	0	1	0.000253
CAGSLEDRAETLYF	1	0	1	0.000253
CASSLGQSLDTQYF	1	0	1	0.000253
CASSQVNSYNSPLYF	1	0	1	0.000253
CASSSDRGLAETLCW	1	0	1	0.000253
CASSDARLGGGETLYF	1	0	1	0.000253
CASSLDGVTEVFF	1	0	1	0.000253
CASSRDPGQGLNTEVFF	1	0	1	0.000253
CASGDRGGNTEVFF	1	0	1	0.000253
CASSQTGANTEVFF	1	0	1	0.000253
CASSRLGGRGEQYF	1	0	1	0.000253
CASSPRDCGNTLYF	1	0	1	0.000253
CASSLGTANTEVFF	1	0	1	0.000253
CASSQGLGGRAQYF	1	0	1	0.000253
CASSMGTGGDYEQYF	1	0	1	0.000253
CAWSLVQGNTEVFF	1	0	1	0.000253
CASSLLDNNTEVFF	1	0	1	0.000253
CASSRDWGHQDTQYF	1	0	1	0.000253
CASSLHWGGRSEQYF	1	0	1	0.000253
CASGDRGGYNQAPLF	1	0	1	0.000253
CASRTRGGASAETLYF	1	0	1	0.000253
CASSGVGSDYTF	1	0	1	0.000253
LCQRLGAYEQYF	1	0	1	0.000253
CASSLYRGGADEQYF	1	0	1	0.000253
