sample_name	CloneCount	Frequency	CDR3.UniqueAA.Seq
ExpU_A_229_tumor	106	0.029775281	CASSQDETGGYEQYF
ExpU_A_229_tumor	83	0.023314607	CASSIRGVYAEQFF
ExpU_A_229_tumor	51	0.014325843	CASSLAGNYAEQFF
ExpU_A_229_tumor	51	0.014325843	CTCSVSNERLFF
ExpU_A_229_tumor	50	0.014044944	CASSQDFDWGGYEQYF
ExpU_A_229_tumor	40	0.011235955	CAWSLPSGNTLYF
ExpU_A_229_tumor	31	0.008707865	CASSWDRAYEQYF
ExpU_A_229_tumor	30	0.008426966	CSSSRDWGNTGQLYF
ExpU_A_229_tumor	30	0.008426966	CASSDAGQGKGEQYF
ExpU_A_229_tumor	27	0.00758427	CASSFGGLVNERLFF
ExpU_A_229_tumor	26	0.007303371	CTCSADSYEQYF
ExpU_A_229_tumor	26	0.007303371	CASSQTGYEQYF
ExpU_A_229_tumor	25	0.007022472	CASSLANSDYTF
ExpU_A_229_tumor	24	0.006741573	CASSQDSSGNTLYF
ExpU_A_229_tumor	24	0.006741573	CTCSADGGRDAEQFF
ExpU_A_229_tumor	22	0.006179775	CGARDRDSDYTF
ExpU_A_229_tumor	20	0.005617978	CTCSADAEQFF
ExpU_A_229_tumor	19	0.005337079	CTCSAGDWGGYEQYF
ExpU_A_229_tumor	19	0.005337079	CASGGQNSDYTF
ExpU_A_229_tumor	19	0.005337079	CASSQEWGQDSDYTF
ExpU_A_229_tumor	18	0.00505618	CASSRTGGANSDYTF
ExpU_A_229_tumor	17	0.004775281	CASSRDWGVEQYF
ExpU_A_229_tumor	17	0.004775281	CTCSYRGLYAEQFF
ExpU_A_229_tumor	17	0.004775281	CGARQGNTLYF
ExpU_A_229_tumor	17	0.004775281	CAWSLDTNTEVFF
ExpU_A_229_tumor	16	0.004494382	CGAPGQNAEQFF
ExpU_A_229_tumor	16	0.004494382	CASSITANSDYTF
ExpU_A_229_tumor	16	0.004494382	CASGDRQSSYEQYF
ExpU_A_229_tumor	15	0.004213483	CGARVRGNSDYTF
ExpU_A_229_tumor	15	0.004213483	CASSLGLGAYEQYF
ExpU_A_229_tumor	15	0.004213483	CASSHVTASQNTLYF
ExpU_A_229_tumor	14	0.003932584	CASSAGLGSYEQYF
ExpU_A_229_tumor	13	0.003651685	CTCSASRDRATLYF
ExpU_A_229_tumor	13	0.003651685	CTCSASGTGQLYF
ExpU_A_229_tumor	13	0.003651685	CASGDEDWGYEQYF
ExpU_A_229_tumor	13	0.003651685	CASSRDSGNTLYF
ExpU_A_229_tumor	13	0.003651685	CASSQGQYEQYF
ExpU_A_229_tumor	13	0.003651685	CAIYEQYF
ExpU_A_229_tumor	13	0.003651685	CASSLPSYNNQAPLF
ExpU_A_229_tumor	12	0.003370787	CASSLGGQGAPNERLFF
ExpU_A_229_tumor	12	0.003370787	CASSFAGGSQNTLYF
ExpU_A_229_tumor	12	0.003370787	CTCSLGVGDTQYF
ExpU_A_229_tumor	12	0.003370787	CGARGQYNNQAPLF
ExpU_A_229_tumor	12	0.003370787	CASSCRDISAETLYF
ExpU_A_229_tumor	12	0.003370787	CTCSAAWGQNTLYF
ExpU_A_229_tumor	11	0.003089888	CASGEPASGNTLYF
ExpU_A_229_tumor	11	0.003089888	CTCSLSNERLFF
ExpU_A_229_tumor	11	0.003089888	CTCSAGDRTYEQYF
ExpU_A_229_tumor	10	0.002808989	CTCSAEGQGSSYEQYF
ExpU_A_229_tumor	10	0.002808989	CASGGPGQGPQAPLF
ExpU_A_229_tumor	10	0.002808989	CASSHGTGGFAEQFF
ExpU_A_229_tumor	10	0.002808989	CGARGQGNERLFF
ExpU_A_229_tumor	10	0.002808989	CTCSAAWGETLYF
ExpU_A_229_tumor	10	0.002808989	CASGDAGEGEQYF
ExpU_A_229_tumor	10	0.002808989	CASSLEAEQFF
ExpU_A_229_tumor	10	0.002808989	CASSLVRGNSDYTF
ExpU_A_229_tumor	10	0.002808989	CASSLTPGDYEQYF
ExpU_A_229_tumor	9	0.00252809	CASGDGLGFYAEQFF
ExpU_A_229_tumor	9	0.00252809	CASSQEWYYEQYF
ExpU_A_229_tumor	9	0.00252809	CASSGTTQNTLYF
ExpU_A_229_tumor	9	0.00252809	CASSHRRGGIERLFF
ExpU_A_229_tumor	9	0.00252809	CASSIGLGGRVNTLYF
ExpU_A_229_tumor	9	0.00252809	CASSQLGGRQDTQYF
ExpU_A_229_tumor	9	0.00252809	CASSLAATLYF
ExpU_A_229_tumor	9	0.00252809	CASSQVGGANTGQLYF
ExpU_A_229_tumor	8	0.002247191	CASSPRYAETLYF
ExpU_A_229_tumor	8	0.002247191	CTCRSGTGDSDYTF
ExpU_A_229_tumor	8	0.002247191	CGARLGGAEQFF
ExpU_A_229_tumor	8	0.002247191	CASSPVNTGQLYF
ExpU_A_229_tumor	8	0.002247191	CASSQGTGAYEQYF
ExpU_A_229_tumor	8	0.002247191	CTCSADRVQDTQYF
ExpU_A_229_tumor	8	0.002247191	CASSQDARGGNTLYF
ExpU_A_229_tumor	8	0.002247191	CASSQEWDQAPLF
ExpU_A_229_tumor	8	0.002247191	CASSPGQDFGNTLYF
ExpU_A_229_tumor	8	0.002247191	CASSLVGAGNTLYF
ExpU_A_229_tumor	7	0.001966292	CASSRDIYEQYF
ExpU_A_229_tumor	7	0.001966292	CASSLGTGALYEQYF
ExpU_A_229_tumor	7	0.001966292	CASSLWEYEQYF
ExpU_A_229_tumor	7	0.001966292	CASSLWGQRQLYF
ExpU_A_229_tumor	7	0.001966292	CASSPGLGYAEQFF
ExpU_A_229_tumor	7	0.001966292	CASSAPGTGETLYF
ExpU_A_229_tumor	7	0.001966292	CASSQDFSQNTLYF
ExpU_A_229_tumor	7	0.001966292	CASSLGLPSAETLYF
ExpU_A_229_tumor	7	0.001966292	CASSIGQGGNTLYF
ExpU_A_229_tumor	7	0.001966292	CASSHRDRGLEQYF
ExpU_A_229_tumor	7	0.001966292	CASSPGQGNSGNTLYF
ExpU_A_229_tumor	6	0.001685393	CASGGDWVQYF
ExpU_A_229_tumor	6	0.001685393	CASSIEGGPNERLFF
ExpU_A_229_tumor	6	0.001685393	CASSWTGGYAEQFF
ExpU_A_229_tumor	6	0.001685393	CGARDTGQLYF
ExpU_A_229_tumor	6	0.001685393	CASSIWGASSYEQYF
ExpU_A_229_tumor	6	0.001685393	CASRTTGIEQYF
ExpU_A_229_tumor	6	0.001685393	CTCSADMRLDSYEQYF
ExpU_A_229_tumor	6	0.001685393	CTCSAAGLGDLEQYF
ExpU_A_229_tumor	6	0.001685393	CASSQDWGGGYAEQFF
ExpU_A_229_tumor	6	0.001685393	CASSLQKHSGNTLYF
ExpU_A_229_tumor	6	0.001685393	CASSPTTGIYAEQFF
ExpU_A_229_tumor	6	0.001685393	CASSQEGAGNERLFF
ExpU_A_229_tumor	6	0.001685393	CASSQERFQNTLYF
ExpU_A_229_tumor	6	0.001685393	CASSPGQGARGAETLYF
ExpU_A_229_tumor	6	0.001685393	CGARGTGGRQNTLYF
ExpU_A_229_tumor	6	0.001685393	CASSLGDWGTGQLYF
ExpU_A_229_tumor	6	0.001685393	CASTGQANTGQLYF
ExpU_A_229_tumor	6	0.001685393	CASSELGQDTQYF
ExpU_A_229_tumor	6	0.001685393	CASSQINTGQLYF
ExpU_A_229_tumor	6	0.001685393	CASRGTGGGEQYF
ExpU_A_229_tumor	5	0.001404494	CASSDREYEQYF
ExpU_A_229_tumor	5	0.001404494	CASSGTGGVEQYF
ExpU_A_229_tumor	5	0.001404494	CTCSAGGGQAPLF
ExpU_A_229_tumor	5	0.001404494	CASSLAGGQDTQYF
ExpU_A_229_tumor	5	0.001404494	CASSLSRADTQYF
ExpU_A_229_tumor	5	0.001404494	CTCSAGGASQNTLYF
ExpU_A_229_tumor	5	0.001404494	CGARDRGRASDYTF
ExpU_A_229_tumor	5	0.001404494	CASSLGRDEQYF
ExpU_A_229_tumor	5	0.001404494	CASSQEINTGQLYF
ExpU_A_229_tumor	5	0.001404494	CASSLDWGQYF
ExpU_A_229_tumor	5	0.001404494	CASSFGQGNTGQLYF
ExpU_A_229_tumor	5	0.001404494	CGARVGGTLYF
ExpU_A_229_tumor	5	0.001404494	CTCSADSYEQYF
ExpU_A_229_tumor	5	0.001404494	CASSLVVNSDYTF
ExpU_A_229_tumor	5	0.001404494	CASSLVRGSQNTLYF
ExpU_A_229_tumor	5	0.001404494	CASSQDPTGGYEQYF
ExpU_A_229_tumor	5	0.001404494	CASGDVGQGYEQYF
ExpU_A_229_tumor	5	0.001404494	CASSLGLGQNTLYF
ExpU_A_229_tumor	5	0.001404494	CASSHNWGSQNTLYF
ExpU_A_229_tumor	5	0.001404494	CAWSPRDRGNTGQLYF
ExpU_A_229_tumor	5	0.001404494	CASSQGQGNSDYTF
ExpU_A_229_tumor	5	0.001404494	CTCSAENWGDTLYF
ExpU_A_229_tumor	5	0.001404494	CASSFAKHSGNTLYF
ExpU_A_229_tumor	5	0.001404494	CASSQEGGNTGQLYF
ExpU_A_229_tumor	5	0.001404494	CASSETAETLYF
ExpU_A_229_tumor	5	0.001404494	CASSRNTEVFF
ExpU_A_229_tumor	5	0.001404494	CASGDASGGAYEQYF
ExpU_A_229_tumor	5	0.001404494	CASSPGGALEQYF
ExpU_A_229_tumor	5	0.001404494	CARDWGAEQFF
ExpU_A_229_tumor	4	0.001123596	CASSRDRISGNTLYF
ExpU_A_229_tumor	4	0.001123596	CASSWTGGYAEQFF
ExpU_A_229_tumor	4	0.001123596	CASRRLGGQDTQYF
ExpU_A_229_tumor	4	0.001123596	CASSFRDNYAEQFF
ExpU_A_229_tumor	4	0.001123596	CASSQGGQNTLYF
ExpU_A_229_tumor	4	0.001123596	CASSTRPNSGNTLYF
ExpU_A_229_tumor	4	0.001123596	CTCSARDRANYAEQFF
ExpU_A_229_tumor	4	0.001123596	CASSLTGGIYAEQFF
ExpU_A_229_tumor	4	0.001123596	CASSQGQGAAEQFF
ExpU_A_229_tumor	4	0.001123596	CTCSAQVYNSPLYF
ExpU_A_229_tumor	4	0.001123596	CASSISQGKDTQYF
ExpU_A_229_tumor	4	0.001123596	CAWSQLGGLYAEQFF
ExpU_A_229_tumor	4	0.001123596	CASSLTGGADTQYF
ExpU_A_229_tumor	4	0.001123596	CTCSAVGNTGQLYF
ExpU_A_229_tumor	4	0.001123596	CASSQDRGANTGQLYF
ExpU_A_229_tumor	4	0.001123596	CASGDAWGALQDTQYF
ExpU_A_229_tumor	4	0.001123596	CASSRQGDTGQLYF
ExpU_A_229_tumor	4	0.001123596	CASSLDGGNSDYTF
ExpU_A_229_tumor	4	0.001123596	CASSQEGTGDNQAPLF
ExpU_A_229_tumor	4	0.001123596	CASGDWDSAETLYF
ExpU_A_229_tumor	4	0.001123596	CASSLEAGQGSDYTF
ExpU_A_229_tumor	4	0.001123596	CASSLRDWGGHTQYF
ExpU_A_229_tumor	4	0.001123596	CGAGLGGDTGQLYF
ExpU_A_229_tumor	4	0.001123596	CASSGDRGRGTEVFF
ExpU_A_229_tumor	4	0.001123596	CASSLEGGAGSDYTF
ExpU_A_229_tumor	4	0.001123596	CASSKTGGRQLYF
ExpU_A_229_tumor	4	0.001123596	CTCSAGGTEVFF
ExpU_A_229_tumor	4	0.001123596	CASSFSGNTEVFF
ExpU_A_229_tumor	4	0.001123596	CASGDAGQVSNERLFF
ExpU_A_229_tumor	4	0.001123596	CGARAGGSYEQYF
ExpU_A_229_tumor	4	0.001123596	CAWSPGNTLYF
ExpU_A_229_tumor	4	0.001123596	CASSAGLGYEQYF
ExpU_A_229_tumor	4	0.001123596	CASSQVRHSDYTF
ExpU_A_229_tumor	4	0.001123596	CASSLDISNERLFF
ExpU_A_229_tumor	3	0.000843	CASSRDSGNTLYF
ExpU_A_229_tumor	3	0.000843	CASGDAPGNNNQAPLF
ExpU_A_229_tumor	3	0.000843	CASRRDWGEGAEQFF
ExpU_A_229_tumor	3	0.000843	CASSLDLGYEQYF
ExpU_A_229_tumor	3	0.000843	CASFEQYF
ExpU_A_229_tumor	3	0.000843	CSSSQRRGSYEQYF
ExpU_A_229_tumor	3	0.000843	CASSFEQYF
ExpU_A_229_tumor	3	0.000843	CGARGTINTGQLYF
ExpU_A_229_tumor	3	0.000843	CASSLDDKREQYF
ExpU_A_229_tumor	3	0.000843	CASSLGLSNERLFF
ExpU_A_229_tumor	3	0.000843	CASSGLGGYAEQFF
ExpU_A_229_tumor	3	0.000843	CASSLTGGADTQYF
ExpU_A_229_tumor	3	0.000843	CASGALGGRDAETLYF
ExpU_A_229_tumor	3	0.000843	CASGDGGGAGDTQYF
ExpU_A_229_tumor	3	0.000843	CASSLDGDGAEQFF
ExpU_A_229_tumor	3	0.000843	CASGGFGGTGQLYF
ExpU_A_229_tumor	3	0.000843	CASGDGGQNTLYF
ExpU_A_229_tumor	3	0.000843	CASSLEANSNERLFF
ExpU_A_229_tumor	3	0.000843	CASRNYAETLYF
ExpU_A_229_tumor	3	0.000843	CASSLGQYAEQFF
ExpU_A_229_tumor	3	0.000843	CTCSASPGQQDTQYF
ExpU_A_229_tumor	3	0.000843	CASSLEGLGYQNTLYF
ExpU_A_229_tumor	3	0.000843	CASSLVGTGMAETLYF
ExpU_A_229_tumor	3	0.000843	CASGGPGQAYNNQAPLF
ExpU_A_229_tumor	3	0.000843	CASSQPGLGGRYAEQFF
ExpU_A_229_tumor	3	0.000843	CASSLNWGRTLYF
ExpU_A_229_tumor	3	0.000843	CASSQPGHYNSPLYF
ExpU_A_229_tumor	3	0.000843	CASSADRAQDTQYF
ExpU_A_229_tumor	3	0.000843	CASSQETGNTGQLYF
ExpU_A_229_tumor	3	0.000843	LCQQSRDRGAETLYF
ExpU_A_229_tumor	3	0.000843	CASRPGLGQDTQYF
ExpU_A_229_tumor	3	0.000843	CTCSAAGRANTLYF
ExpU_A_229_tumor	3	0.000843	LCQQSGTHQDTQYF
ExpU_A_229_tumor	3	0.000843	CASSPDQDTQYF
ExpU_A_229_tumor	3	0.000843	CASSLGTINERLFF
ExpU_A_229_tumor	3	0.000843	CTCSAMGGGAETLYF
ExpU_A_229_tumor	3	0.000843	CASSLQGAQDTQYF
ExpU_A_229_tumor	3	0.000843	CASSQDTEVFF
ExpU_A_229_tumor	3	0.000843	CAWSLDRGRNSPLYF
ExpU_A_229_tumor	3	0.000843	LCQQPSGTGGFYAEQFF
ExpU_A_229_tumor	3	0.000843	CASSLYLGRNAETLYF
ExpU_A_229_tumor	3	0.000843	CASSGTSNERLFF
ExpU_A_229_tumor	3	0.000843	CAWSLPGGRYAEQFF
ExpU_A_229_tumor	3	0.000843	CASSPGLGIYAEQFF
ExpU_A_229_tumor	3	0.000843	CASSEWDKNSYNSPLYF
ExpU_A_229_tumor	3	0.000843	CTCRRGQGSTEVFF
ExpU_A_229_tumor	3	0.000843	CASSPRTGGYAEQFF
ExpU_A_229_tumor	3	0.000843	CASSSDREGQNTLYF
ExpU_A_229_tumor	3	0.000843	CGALDWGGAYAEQFF
ExpU_A_229_tumor	3	0.000843	CASSYPRLGYAEQFF
ExpU_A_229_tumor	3	0.000843	CASSLAGTEVFF
ExpU_A_229_tumor	3	0.000843	CASGDAWGAYEQYF
ExpU_A_229_tumor	3	0.000843	CASSDAGQGAGEQYF
ExpU_A_229_tumor	3	0.000843	CASSSCYEQYF
ExpU_A_229_tumor	3	0.000843	CASGRDNNNQAPLF
ExpU_A_229_tumor	3	0.000843	CASSRGGGYEQYF
ExpU_A_229_tumor	3	0.000843	CTCSSTNERLFF
ExpU_A_229_tumor	3	0.000843	CASSLDWGGNYAEQFF
ExpU_A_229_tumor	3	0.000843	CASGTTNSDYTF
ExpU_A_229_tumor	2	0.000562	CASSQGYEQYF
ExpU_A_229_tumor	2	0.000562	CASSFSYEQYF
ExpU_A_229_tumor	2	0.000562	CSSSQLGGSYEQYF
ExpU_A_229_tumor	2	0.000562	CASSLWGGVEQYF
ExpU_A_229_tumor	2	0.000562	CASSLRGQYF
ExpU_A_229_tumor	2	0.000562	CASSSRDWGYEQYF
ExpU_A_229_tumor	2	0.000562	CASSEKTGGSYEQYF
ExpU_A_229_tumor	2	0.000562	CASRTGGASYEQYF
ExpU_A_229_tumor	2	0.000562	CASSIVGAHEQYF
ExpU_A_229_tumor	2	0.000562	CASSGNSYEQYF
ExpU_A_229_tumor	2	0.000562	CTCSAEVEQYF
ExpU_A_229_tumor	2	0.000562	CTCSAPRGGEEQYF
ExpU_A_229_tumor	2	0.000562	CASGDIYEQYF
ExpU_A_229_tumor	2	0.000562	CASSRIRGLSYEQYF
ExpU_A_229_tumor	2	0.000562	CASSLTGDSDYTF
ExpU_A_229_tumor	2	0.000562	CASSGTVSSYEQYF
ExpU_A_229_tumor	2	0.000562	CASSRQGGLFF
ExpU_A_229_tumor	2	0.000562	CASSLSGWGSSYEQYF
ExpU_A_229_tumor	2	0.000562	CGARQHRGSSYEQYF
ExpU_A_229_tumor	2	0.000562	CASSRGQQYF
ExpU_A_229_tumor	2	0.000562	CTCSDQISGNTLYF
ExpU_A_229_tumor	2	0.000562	CASSPGSGNTLYF
ExpU_A_229_tumor	2	0.000562	CASSRAGWGGYEQYF
ExpU_A_229_tumor	2	0.000562	CTCSARDWEHYEQYF
ExpU_A_229_tumor	2	0.000562	CASSRDWGEYEQYF
ExpU_A_229_tumor	2	0.000562	CASSRESSYEQYF
ExpU_A_229_tumor	2	0.000562	CTCSGGQGSNERLFF
ExpU_A_229_tumor	2	0.000562	CASSELGGPSYEQYF
ExpU_A_229_tumor	2	0.000562	CGARDWGDSYEQYF
ExpU_A_229_tumor	2	0.000562	CSSSQGRNSGNTLYF
ExpU_A_229_tumor	2	0.000562	CASSAGLPVEQYF
ExpU_A_229_tumor	2	0.000562	CASGETGEQYF
ExpU_A_229_tumor	2	0.000562	CASGDWGYEQYF
ExpU_A_229_tumor	2	0.000562	CTCSATWGGYEQYF
ExpU_A_229_tumor	2	0.000562	CTCSGTGGGGQYF
ExpU_A_229_tumor	2	0.000562	CASSGTGDTQYF
ExpU_A_229_tumor	2	0.000562	CASSQGTAYEQYF
ExpU_A_229_tumor	2	0.000562	CASSPIYEQYF
ExpU_A_229_tumor	2	0.000562	CASSPPGQGAERLFF
ExpU_A_229_tumor	2	0.000562	CASGETGTSAETLYF
ExpU_A_229_tumor	2	0.000562	CASSDNNQAPLF
ExpU_A_229_tumor	2	0.000562	CASSLHNNYAEQFF
ExpU_A_229_tumor	2	0.000562	CASRRTGGSYEQYF
ExpU_A_229_tumor	2	0.000562	CASSAWVLSGNTLYF
ExpU_A_229_tumor	2	0.000562	CGAGTGGYEQYF
ExpU_A_229_tumor	2	0.000562	CTCSAGGTKQYF
ExpU_A_229_tumor	2	0.000562	CASRLGDYEQYF
ExpU_A_229_tumor	2	0.000562	CASSERWYEQYF
ExpU_A_229_tumor	2	0.000562	CASGDAGNTLYF
ExpU_A_229_tumor	2	0.000562	CASGAVRGPYEQYF
ExpU_A_229_tumor	2	0.000562	CATMNWGGYEQYF
ExpU_A_229_tumor	2	0.000562	CASSLDRGNEQYF
ExpU_A_229_tumor	2	0.000562	CASSQDYWGAYEQYF
ExpU_A_229_tumor	2	0.000562	LCQQSRLGVSSYEQYF
ExpU_A_229_tumor	2	0.000562	CAWRTGGYEQYF
ExpU_A_229_tumor	2	0.000562	CASSSWGYEQYF
ExpU_A_229_tumor	2	0.000562	CASSRTGGDYAEQFF
ExpU_A_229_tumor	2	0.000562	CASSSSRYEQYF
ExpU_A_229_tumor	2	0.000562	CASSQDQGLGGYEQYF
ExpU_A_229_tumor	2	0.000562	CTCSAGTTNERLFF
ExpU_A_229_tumor	2	0.000562	CASPGTGAYEQYF
ExpU_A_229_tumor	2	0.000562	CASSLSEQYF
ExpU_A_229_tumor	2	0.000562	CASSPGLGGLEQYF
ExpU_A_229_tumor	2	0.000562	CASSFTISNERLFF
ExpU_A_229_tumor	2	0.000562	CASSRDGTGGVGQYF
ExpU_A_229_tumor	2	0.000562	CASSRTGGFYEQYF
ExpU_A_229_tumor	2	0.000562	CASSRLGDSYEQYF
ExpU_A_229_tumor	2	0.000562	CASSRDWGGYEQYF
ExpU_A_229_tumor	2	0.000562	CASTRDWGSSYEQYF
ExpU_A_229_tumor	2	0.000562	CASSSRDRGIEQYF
ExpU_A_229_tumor	2	0.000562	CASSLDSYEQYF
ExpU_A_229_tumor	2	0.000562	CASSDWGSSYEQYF
ExpU_A_229_tumor	2	0.000562	CASSLGWGDYEQYF
ExpU_A_229_tumor	2	0.000562	CASSLHRVGQYF
ExpU_A_229_tumor	2	0.000562	CASSLPGPLSYEQYF
ExpU_A_229_tumor	2	0.000562	CASSRGAYEQYF
ExpU_A_229_tumor	2	0.000562	CASSFEYLSNERLFF
ExpU_A_229_tumor	2	0.000562	CASSLVWGGSYEQYF
ExpU_A_229_tumor	2	0.000562	CASSQGREQYF
ExpU_A_229_tumor	2	0.000562	CASSPCSGNTLYF
ExpU_A_229_tumor	2	0.000562	CASSQGTGGYEQYF
ExpU_A_229_tumor	2	0.000562	CASSDNSYEQYF
ExpU_A_229_tumor	2	0.000562	CASSQDTGGAEQYF
ExpU_A_229_tumor	2	0.000562	CASSLAGLGVWEQYF
ExpU_A_229_tumor	2	0.000562	CASSPGTNSGNTLYF
ExpU_A_229_tumor	2	0.000562	CGATANSDYTF
ExpU_A_229_tumor	2	0.000562	CASSDWGSYEQYF
ExpU_A_229_tumor	2	0.000562	CASSGGQGGEQYF
ExpU_A_229_tumor	2	0.000562	CGARQGGNQAPLF
ExpU_A_229_tumor	2	0.000562	CASSLRWGGVEQYF
ExpU_A_229_tumor	2	0.000562	CASSEENTYEQYF
ExpU_A_229_tumor	2	0.000562	CASSLRGDNNQAPLF
ExpU_A_229_tumor	2	0.000562	CASRDRASSDYTF
ExpU_A_229_tumor	2	0.000562	CGAREGAGTGQLYF
ExpU_A_229_tumor	2	0.000562	CGARLGGYEQYF
ExpU_A_229_tumor	2	0.000562	CGARDWGSSYEQYF
ExpU_A_229_tumor	2	0.000562	CASSQEAGGNEQYF
ExpU_A_229_tumor	2	0.000562	CGALRASGNTLYF
ExpU_A_229_tumor	2	0.000562	CASSLGGAGNTLYF
ExpU_A_229_tumor	2	0.000562	CAWRDWGSSYEQYF
ExpU_A_229_tumor	2	0.000562	CASRQSSYEQYF
ExpU_A_229_tumor	2	0.000562	CASRPGGDEQYF
ExpU_A_229_tumor	2	0.000562	CASSLAGENSDYTF
ExpU_A_229_tumor	2	0.000562	CASSLDWGSEQYF
ExpU_A_229_tumor	2	0.000562	CASSPRGWGSYEQYF
ExpU_A_229_tumor	2	0.000562	CASSRANYEQYF
ExpU_A_229_tumor	2	0.000562	CASSLGDREGSDYTF
ExpU_A_229_tumor	2	0.000562	LCQQSGQGTNERLFF
ExpU_A_229_tumor	2	0.000562	CGARDRGRDTQYF
ExpU_A_229_tumor	2	0.000562	CASSLRQGTYEQYF
ExpU_A_229_tumor	2	0.000562	CASRDWGGSYEQYF
ExpU_A_229_tumor	2	0.000562	CASSLGHSGNTLYF
ExpU_A_229_tumor	2	0.000562	CASSLAGARDTQYF
ExpU_A_229_tumor	2	0.000562	CAWRRDWGVLYEQYF
ExpU_A_229_tumor	2	0.000562	CASSRDWGGPYEQYF
ExpU_A_229_tumor	2	0.000562	CASSELSAETLYF
ExpU_A_229_tumor	2	0.000562	CASSLGLGLGEQYF
ExpU_A_229_tumor	2	0.000562	LCQQSVVDRVNQAPLF
ExpU_A_229_tumor	2	0.000562	CASSPQGAGGNTLYF
ExpU_A_229_tumor	2	0.000562	CASSFGTANSDYTF
ExpU_A_229_tumor	2	0.000562	CASSRDRNTGQLYF
ExpU_A_229_tumor	2	0.000562	CASSPRGSNERLFF
ExpU_A_229_tumor	2	0.000562	CASSFQANSDYTF
ExpU_A_229_tumor	2	0.000562	CASSSGTNTGQLYF
ExpU_A_229_tumor	2	0.000562	CASSLGVGNTLYF
ExpU_A_229_tumor	2	0.000562	CASSPRRGHQAPLF
ExpU_A_229_tumor	2	0.000562	CASSPTANSDYTF
ExpU_A_229_tumor	2	0.000562	CASSPRGISNERLFF
ExpU_A_229_tumor	2	0.000562	CAWAGTGGAGAEQFF
ExpU_A_229_tumor	2	0.000562	CASRERGKDTQYF
ExpU_A_229_tumor	2	0.000562	CASSIQGRGQDTQYF
ExpU_A_229_tumor	2	0.000562	CASGSQNTLYF
ExpU_A_229_tumor	2	0.000562	CASSITGGGNSPLYF
ExpU_A_229_tumor	2	0.000562	CASSSGQGWYAEQFF
ExpU_A_229_tumor	2	0.000562	CASSDWTGQDTQYF
ExpU_A_229_tumor	2	0.000562	CASRRLGGQDTQYF
ExpU_A_229_tumor	2	0.000562	CASSLSNSAETLYF
ExpU_A_229_tumor	2	0.000562	CASGDAWGVNQDTQYF
ExpU_A_229_tumor	2	0.000562	CASSNRDWGSQNTLYF
ExpU_A_229_tumor	2	0.000562	CASSLAGQGNTQYF
ExpU_A_229_tumor	2	0.000562	LCQQSAEQFF
ExpU_A_229_tumor	2	0.000562	CASSQDWGVDTLYF
ExpU_A_229_tumor	2	0.000562	CASSFSTGEGTLYF
ExpU_A_229_tumor	2	0.000562	CAWSRGGQDTQYF
ExpU_A_229_tumor	2	0.000562	CASSLWGGQDTQYF
ExpU_A_229_tumor	2	0.000562	CASSFGLGAETLYF
ExpU_A_229_tumor	2	0.000562	CASSLAWGQDTQYF
ExpU_A_229_tumor	2	0.000562	CASSIGWGGQDTQYF
ExpU_A_229_tumor	2	0.000562	CGARERGSGNTLYF
ExpU_A_229_tumor	2	0.000562	CASSLDFQGQNTLYF
ExpU_A_229_tumor	2	0.000562	CASSLAGGNTEVFF
ExpU_A_229_tumor	2	0.000562	CASSQERDRVVFF
ExpU_A_229_tumor	2	0.000562	CASSTGANTEVFF
ExpU_A_229_tumor	2	0.000562	CASSLAGATEVFF
ExpU_A_229_tumor	2	0.000562	CASSGTGGKDTQYF
ExpU_A_229_tumor	2	0.000562	CASSFVGNTLYF
ExpU_A_229_tumor	2	0.000562	CASSLVRGWGTEVFF
ExpU_A_229_tumor	2	0.000562	CASSPDREVFF
ExpU_A_229_tumor	2	0.000562	CASSGRAEVFF
ExpU_A_229_tumor	2	0.000562	CASSTYRGITEVFF
ExpU_A_229_tumor	2	0.000562	CASSFGTGGQNTLYF
ExpU_A_229_tumor	2	0.000562	CASSPGQNTEVFF
ExpU_A_229_tumor	2	0.000562	CASSFDWGGANTLYF
ExpU_A_229_tumor	2	0.000562	CASSLVQGTEVFF
ExpU_A_229_tumor	2	0.000562	CASGDAGTEVFF
ExpU_A_229_tumor	2	0.000562	CASSLDDRGDTEVFF
ExpU_A_229_tumor	2	0.000562	CTCSADSWKQYF
ExpU_A_229_tumor	2	0.000562	CASSQAGPYEQYF
ExpU_A_229_tumor	2	0.000562	CASSIGSSEQYF
ExpU_A_229_tumor	2	0.000562	CASSEDSSYEQYF
ExpU_A_229_tumor	2	0.000562	CASSDWGDYEQYF
ExpU_A_229_tumor	2	0.000562	CASSFWDSYEQYF
ExpU_A_229_tumor	2	0.000562	CASSEQGAGEQYF
ExpU_A_229_tumor	2	0.000562	CTCSADRTGGAEQFF
ExpU_A_229_tumor	2	0.000562	CASSGTGGTEQYF
ExpU_A_229_tumor	2	0.000562	CASSTDSYEQYF
ExpU_A_229_tumor	2	0.000562	CASSPGQSSYEQYF
ExpU_A_229_tumor	2	0.000562	CASSIAGYEQYF
ExpU_A_229_tumor	2	0.000562	CAWSRTGGYGEQYF
ExpU_A_229_tumor	2	0.000562	CASSPRGQIEEQYF
ExpU_A_229_tumor	2	0.000562	CTCSELGDYEQYF
ExpU_A_229_tumor	2	0.000562	CASSTQGNSGNTLYF
ExpU_A_229_tumor	2	0.000562	CASSGGAGNTLYF
ExpU_A_229_tumor	2	0.000562	CASSLRDRGREQYF
ExpU_A_229_tumor	2	0.000562	CASGDGLGGLEQYF
ExpU_A_229_tumor	2	0.000562	CASGDADEQYF
ExpU_A_229_tumor	2	0.000562	CASSSGTGGSYEQYF
ExpU_A_229_tumor	2	0.000562	CASSGGQVSYEQYF
ExpU_A_229_tumor	2	0.000562	CASSDGWVSYEQYF
ExpU_A_229_tumor	2	0.000562	CASSFSGTGAFYEQYF
ExpU_A_229_tumor	2	0.000562	CASGDWGGWEQYF
ExpU_A_229_tumor	2	0.000562	CASGDAGNTLYF
ExpU_A_229_tumor	2	0.000562	CASSSWGGAEQYF
ExpU_A_229_tumor	2	0.000562	CTCSAAGAGNTLYF
ExpU_A_229_tumor	2	0.000562	CASILGYEQYF
ExpU_A_229_tumor	2	0.000562	CASGRGLGGRRQYF
ExpU_A_229_tumor	2	0.000562	CASRDRGDTGQLYF
ExpU_A_229_tumor	2	0.000562	CASSDWGVYEQYF
ExpU_A_229_tumor	2	0.000562	CASSGDWGTYEQYF
ExpU_A_229_tumor	2	0.000562	CAWRDKFYEQYF
ExpU_A_229_tumor	2	0.000562	CASSMVNYAEQFF
ExpU_A_229_tumor	2	0.000562	CASSRQSYEQYF
ExpU_A_229_tumor	2	0.000562	CTCSAADWGYEQYF
ExpU_A_229_tumor	2	0.000562	CASSGTGGSDYTF
ExpU_A_229_tumor	2	0.000562	CASSDRGEQYF
ExpU_A_229_tumor	2	0.000562	CASSYWGLSYEQYF
ExpU_A_229_tumor	2	0.000562	CTCSAGSSDYTF
ExpU_A_229_tumor	2	0.000562	CTCSGDWSFYEQYF
ExpU_A_229_tumor	2	0.000562	CASSSLGTAYEQYF
ExpU_A_229_tumor	2	0.000562	CASSLDERLFF
ExpU_A_229_tumor	2	0.000562	CASSLGDNYEQYF
ExpU_A_229_tumor	2	0.000562	CASSIHSGNTLYF
ExpU_A_229_tumor	2	0.000562	CASSLWASYEQYF
ExpU_A_229_tumor	2	0.000562	CASGDGGGAYEQYF
ExpU_A_229_tumor	2	0.000562	CASSLYRGRDNQAPLF
ExpU_A_229_tumor	2	0.000562	CASSHRDWGYEQYF
ExpU_A_229_tumor	2	0.000562	CASREPGSNERLFF
ExpU_A_229_tumor	2	0.000562	CASSQEGTGYEQYF
ExpU_A_229_tumor	2	0.000562	CASSLLGGYEQYF
ExpU_A_229_tumor	2	0.000562	CTCSAGNTGQLYF
ExpU_A_229_tumor	2	0.000562	CASSLDAEQFF
ExpU_A_229_tumor	2	0.000562	CASSQEGDISYEQYF
ExpU_A_229_tumor	2	0.000562	CTCSVRDRDGNTLYF
ExpU_A_229_tumor	2	0.000562	CASSIRTNERLFF
ExpU_A_229_tumor	2	0.000562	CASSLLAYEQYF
ExpU_A_229_tumor	2	0.000562	CASGDAGGANSDYTF
ExpU_A_229_tumor	2	0.000562	CASSPTGGYEQYF
ExpU_A_229_tumor	2	0.000562	CASSLVGGDEQYF
ExpU_A_229_tumor	2	0.000562	CASSQETGVYEQYF
ExpU_A_229_tumor	2	0.000562	CASSRTANSDYTF
ExpU_A_229_tumor	2	0.000562	CTCSAGGAGNTLYF
ExpU_A_229_tumor	2	0.000562	CASRTGTGTYEQYF
ExpU_A_229_tumor	2	0.000562	CASSGTGGSTGQLYF
ExpU_A_229_tumor	2	0.000562	CASSLWGYEQYF
ExpU_A_229_tumor	2	0.000562	CASSSPDWEQYF
ExpU_A_229_tumor	2	0.000562	CTCSDRDNSGNTLYF
ExpU_A_229_tumor	2	0.000562	CASSLWTGGRNERLFF
ExpU_A_229_tumor	2	0.000562	CGADSEQYF
ExpU_A_229_tumor	2	0.000562	CGARTGGNEQYF
ExpU_A_229_tumor	2	0.000562	CASSRRLGNYAEQFF
ExpU_A_229_tumor	2	0.000562	CASSHSYEQYF
ExpU_A_229_tumor	2	0.000562	CASSQGGAGEQYF
ExpU_A_229_tumor	2	0.000562	CASSQDLDRDYEQYF
ExpU_A_229_tumor	2	0.000562	CACRSGQGNSDYTF
ExpU_A_229_tumor	2	0.000562	CASSPQHNNQAPLF
ExpU_A_229_tumor	2	0.000562	CASSLGAGNTLYF
ExpU_A_229_tumor	2	0.000562	CASSSGQYEQYF
ExpU_A_229_tumor	2	0.000562	CASSLLGNGNTLYF
ExpU_A_229_tumor	2	0.000562	CTCSAEGQNTLYF
ExpU_A_229_tumor	2	0.000562	CASSLDREEQYF
ExpU_A_229_tumor	2	0.000562	CASSSRDWVYEQYF
ExpU_A_229_tumor	2	0.000562	CASSYSYEQYF
ExpU_A_229_tumor	2	0.000562	CASSPPGTGGYEQYF
ExpU_A_229_tumor	2	0.000562	CASSPTGFERLFF
ExpU_A_229_tumor	2	0.000562	CASSRDYEQYF
ExpU_A_229_tumor	2	0.000562	CASSSRRNTGQLYF
ExpU_A_229_tumor	2	0.000562	CASSLGGFNNQAPLF
ExpU_A_229_tumor	2	0.000562	CASSPAGNTLYF
ExpU_A_229_tumor	2	0.000562	CASSYPGQNYEQYF
ExpU_A_229_tumor	2	0.000562	CASSQDPRGEQYF
ExpU_A_229_tumor	2	0.000562	CASSQGGYEQYF
ExpU_A_229_tumor	2	0.000562	CASSYWSSYEQYF
ExpU_A_229_tumor	2	0.000562	CASYRGLTGQLYF
ExpU_A_229_tumor	2	0.000562	CASSLWGERLFF
ExpU_A_229_tumor	2	0.000562	CASSLANSGNTLYF
ExpU_A_229_tumor	2	0.000562	CASSLADNYAEQFF
ExpU_A_229_tumor	2	0.000562	CASSLTGGNTGQLYF
ExpU_A_229_tumor	2	0.000562	CASSWGQNSGNTLYF
ExpU_A_229_tumor	2	0.000562	CASSRDRYAEQFF
ExpU_A_229_tumor	2	0.000562	CASSLELGVSYEQYF
ExpU_A_229_tumor	2	0.000562	CASSFNSDYTF
ExpU_A_229_tumor	2	0.000562	CASSLESGGRLEQYF
ExpU_A_229_tumor	2	0.000562	CASSSGRRSGNTLYF
ExpU_A_229_tumor	2	0.000562	CASSLAQGQAPLF
ExpU_A_229_tumor	1	0.000281	CASGPDWGGAYEQYF
ExpU_A_229_tumor	1	0.000281	CASSIDRVSERLFF
ExpU_A_229_tumor	1	0.000281	CASSRTGGREQYF
ExpU_A_229_tumor	1	0.000281	CASSETGGEQYF
ExpU_A_229_tumor	1	0.000281	CASGDAAGSSYEQYF
ExpU_A_229_tumor	1	0.000281	CASGDATGGTYEQYF
ExpU_A_229_tumor	1	0.000281	CASSWTFSGNTLYF
ExpU_A_229_tumor	1	0.000281	CASGDATLGGNEQYF
ExpU_A_229_tumor	1	0.000281	CASSPDERLFF
ExpU_A_229_tumor	1	0.000281	CASSRRGENTLYF
ExpU_A_229_tumor	1	0.000281	CASSIWQGAGNTLYF
ExpU_A_229_tumor	1	0.000281	CASRTGGYEQYF
ExpU_A_229_tumor	1	0.000281	CASGSYSGNTLYF
ExpU_A_229_tumor	1	0.000281	CASSQESGNTLYF
ExpU_A_229_tumor	1	0.000281	CASSHRGPNYAEQFF
ExpU_A_229_tumor	1	0.000281	CASSGTFSGNTLYF
ExpU_A_229_tumor	1	0.000281	CASRDRGAEQFF
ExpU_A_229_tumor	1	0.000281	CASSIGEGNTGQLYF
ExpU_A_229_tumor	1	0.000281	CASSLESYEQYF
ExpU_A_229_tumor	1	0.000281	CASSGTVSGNTLYF
ExpU_A_229_tumor	1	0.000281	CASSEWEAGNTLYF
ExpU_A_229_tumor	1	0.000281	CASSGGAGRDTQYF
ExpU_A_229_tumor	1	0.000281	CARAKYAEQFF
ExpU_A_229_tumor	1	0.000281	CASSQDGRGNERLFF
ExpU_A_229_tumor	1	0.000281	CASSLTGGSGNTLYF
ExpU_A_229_tumor	1	0.000281	CASRSTGVYAEQFF
ExpU_A_229_tumor	1	0.000281	CASGDPGTSSAETLYF
ExpU_A_229_tumor	1	0.000281	CTCSAPPGDEQYF
ExpU_A_229_tumor	1	0.000281	CASSRDTSNERLFF
ExpU_A_229_tumor	1	0.000281	CASGDAGGTNERLFF
ExpU_A_229_tumor	1	0.000281	CTCSAAGNTLYF
ExpU_A_229_tumor	1	0.000281	CASSLDQGRDTQYF
ExpU_A_229_tumor	1	0.000281	CASSGDWGKYEQYF
ExpU_A_229_tumor	1	0.000281	CASTGLGASYEQYF
ExpU_A_229_tumor	1	0.000281	CASSRDNYEQYF
ExpU_A_229_tumor	1	0.000281	CASRLTGGSYEQYF
ExpU_A_229_tumor	1	0.000281	CASSLRGAGQLYF
ExpU_A_229_tumor	1	0.000281	CASSLVSNSDYTF
ExpU_A_229_tumor	1	0.000281	CASSFGGVYEQYF
ExpU_A_229_tumor	1	0.000281	CASSDLGNNQAPLF
ExpU_A_229_tumor	1	0.000281	CASSLRQGGSDYTF
ExpU_A_229_tumor	1	0.000281	CGARDTANSDYTF
ExpU_A_229_tumor	1	0.000281	CASSLHWGGSYEQYF
ExpU_A_229_tumor	1	0.000281	CASSQDIYEQYF
ExpU_A_229_tumor	1	0.000281	CASSSTYEQYF
ExpU_A_229_tumor	1	0.000281	CASSLDWDEQYF
ExpU_A_229_tumor	1	0.000281	CASSPQGENQAPLF
ExpU_A_229_tumor	1	0.000281	CASSRDQNTGQLYF
ExpU_A_229_tumor	1	0.000281	CGARWDNNERLFF
ExpU_A_229_tumor	1	0.000281	CASSDGTPYEQYF
ExpU_A_229_tumor	1	0.000281	CASGVDRAEQYF
ExpU_A_229_tumor	1	0.000281	CASSIDKYEQYF
ExpU_A_229_tumor	1	0.000281	CASGDTGGTAEQFF
ExpU_A_229_tumor	1	0.000281	CASSRDSDYTF
ExpU_A_229_tumor	1	0.000281	CTCSAAGGDERLFF
ExpU_A_229_tumor	1	0.000281	CASGDSQDTQYF
ExpU_A_229_tumor	1	0.000281	CTCSADIKDTQYF
ExpU_A_229_tumor	1	0.000281	CASSLDLANSDYTF
ExpU_A_229_tumor	1	0.000281	CASSFGLGASYEQYF
ExpU_A_229_tumor	1	0.000281	CASSDALGSSYEQYF
ExpU_A_229_tumor	1	0.000281	CASSPGTGYAEQFF
ExpU_A_229_tumor	1	0.000281	CASGDLDRGHGNTLYF
ExpU_A_229_tumor	1	0.000281	CASSDPGSNTGQLYF
ExpU_A_229_tumor	1	0.000281	CASSPRTGNYAEQFF
ExpU_A_229_tumor	1	0.000281	CASSPGQGNSDYTF
ExpU_A_229_tumor	1	0.000281	CASSTGGTGQLYF
ExpU_A_229_tumor	1	0.000281	CASSLRGSGSDYTF
ExpU_A_229_tumor	1	0.000281	CASSPGTAQAPLF
ExpU_A_229_tumor	1	0.000281	CASSMGLEQFF
ExpU_A_229_tumor	1	0.000281	CASGQISNERLFF
ExpU_A_229_tumor	1	0.000281	CASSTPHSGNTLYF
ExpU_A_229_tumor	1	0.000281	CASSPQGAGNTLYF
ExpU_A_229_tumor	1	0.000281	CGVWGQGNERLFF
ExpU_A_229_tumor	1	0.000281	CASGDDWGANYAEQFF
ExpU_A_229_tumor	1	0.000281	CASSHGHISNERLFF
ExpU_A_229_tumor	1	0.000281	CASSHDWVYEQYF
ExpU_A_229_tumor	1	0.000281	CASSFQGGNTLYF
ExpU_A_229_tumor	1	0.000281	CASSWGTANERLFF
ExpU_A_229_tumor	1	0.000281	CASSPGTGGSYEQYF
ExpU_A_229_tumor	1	0.000281	CTCSVTGGSDYTF
ExpU_A_229_tumor	1	0.000281	CASSLGTTNERLFF
ExpU_A_229_tumor	1	0.000281	CASSQDGQDTQYF
ExpU_A_229_tumor	1	0.000281	CTCSADRWGKDTQYF
ExpU_A_229_tumor	1	0.000281	CGAPGQGSNSDYTF
ExpU_A_229_tumor	1	0.000281	CASSIGTGGSGQLYF
ExpU_A_229_tumor	1	0.000281	CASSQERGQSNERLFF
ExpU_A_229_tumor	1	0.000281	CASSQDPSSGNTLYF
ExpU_A_229_tumor	1	0.000281	CASGDGLGANTGQLYF
ExpU_A_229_tumor	1	0.000281	CASSPHKHISNERLFF
ExpU_A_229_tumor	1	0.000281	CASGGTGANERLFF
ExpU_A_229_tumor	1	0.000281	CASSLVRGGAEQFF
ExpU_A_229_tumor	1	0.000281	CASGAAEQFF
ExpU_A_229_tumor	1	0.000281	CASSLWTAYAEQFF
ExpU_A_229_tumor	1	0.000281	CASSFVAGGYAEQFF
ExpU_A_229_tumor	1	0.000281	CASSDWGGWAEQFF
ExpU_A_229_tumor	1	0.000281	CASSLPNTGQLYF
ExpU_A_229_tumor	1	0.000281	CAWSAGTGEWNTLYF
ExpU_A_229_tumor	1	0.000281	CASSPGGAYAEQFF
ExpU_A_229_tumor	1	0.000281	CAWSQGVEQYF
ExpU_A_229_tumor	1	0.000281	CASGVRDWGDEQYF
ExpU_A_229_tumor	1	0.000281	CASSPDWENYAEQFF
ExpU_A_229_tumor	1	0.000281	CASGDAQFSAETLYF
ExpU_A_229_tumor	1	0.000281	CASSLTRGASAETLYF
ExpU_A_229_tumor	1	0.000281	CAWSLDWGGYAEQFF
ExpU_A_229_tumor	1	0.000281	CASGGTGSGNTLYF
ExpU_A_229_tumor	1	0.000281	CASSQGHYAEQFF
ExpU_A_229_tumor	1	0.000281	CASSDRGNQAPLF
ExpU_A_229_tumor	1	0.000281	CASGDPGRSNSGNTLYF
ExpU_A_229_tumor	1	0.000281	CSSSQSTGGYAEQFF
ExpU_A_229_tumor	1	0.000281	CASSLRDREDSDYTF
ExpU_A_229_tumor	1	0.000281	CAPQGNQDTQYF
ExpU_A_229_tumor	1	0.000281	CASSPRTLANTGQLYF
ExpU_A_229_tumor	1	0.000281	CASSQDYVSNERLFF
ExpU_A_229_tumor	1	0.000281	CASSRLGSAETLYF
ExpU_A_229_tumor	1	0.000281	CASSIFSQNTLYF
ExpU_A_229_tumor	1	0.000281	CASGDVGQGYEQYF
ExpU_A_229_tumor	1	0.000281	CASSAGRYAEQFF
ExpU_A_229_tumor	1	0.000281	CTCSADRGLREQYF
ExpU_A_229_tumor	1	0.000281	CASSQDRNSDYTF
ExpU_A_229_tumor	1	0.000281	CASSNRGSGNTLYF
ExpU_A_229_tumor	1	0.000281	CASSQGLYAEQFF
ExpU_A_229_tumor	1	0.000281	CASSDDGENTGQLYF
ExpU_A_229_tumor	1	0.000281	CASSLRQAPLF
ExpU_A_229_tumor	1	0.000281	CGPRDRGRDTQYF
ExpU_A_229_tumor	1	0.000281	CASSVPGQDYEQYF
ExpU_A_229_tumor	1	0.000281	CASSRDWDWGYAEQFF
ExpU_A_229_tumor	1	0.000281	CASSQEGAGTGQLYF
ExpU_A_229_tumor	1	0.000281	CASSLGHYAEQFF
ExpU_A_229_tumor	1	0.000281	CASSQGGGGDTQYF
ExpU_A_229_tumor	1	0.000281	CASSDGTPYEQYF
ExpU_A_229_tumor	1	0.000281	CASSRRDTQAPLF
ExpU_A_229_tumor	1	0.000281	CASSLTGTGDYEQYF
ExpU_A_229_tumor	1	0.000281	CASSLGGTGNQAPLF
ExpU_A_229_tumor	1	0.000281	CAWSPGVSNERLFF
ExpU_A_229_tumor	1	0.000281	CASSRNRGKGQAPLF
ExpU_A_229_tumor	1	0.000281	CASSLRGTGGTDYTF
ExpU_A_229_tumor	1	0.000281	CAWSQGSGNTLYF
ExpU_A_229_tumor	1	0.000281	CTCSALGGREDTQYF
ExpU_A_229_tumor	1	0.000281	CASSPGQGAGYAEQFF
ExpU_A_229_tumor	1	0.000281	CGARRGSGNTLYF
ExpU_A_229_tumor	1	0.000281	CASSPGPAYEQYF
ExpU_A_229_tumor	1	0.000281	CASSSAGYEQYF
ExpU_A_229_tumor	1	0.000281	CASSLETGGGYEQYF
ExpU_A_229_tumor	1	0.000281	SEGQSKPNTGQLYF
ExpU_A_229_tumor	1	0.000281	CASSDAFAEQFF
ExpU_A_229_tumor	1	0.000281	CASSEGGANERLFF
ExpU_A_229_tumor	1	0.000281	CASSRRLGGQETLYF
ExpU_A_229_tumor	1	0.000281	CASSLDGVYAEQFF
ExpU_A_229_tumor	1	0.000281	CASSLLSNQDTQYF
ExpU_A_229_tumor	1	0.000281	CASSEVRANERLFF
ExpU_A_229_tumor	1	0.000281	CASSRTSNERLFF
ExpU_A_229_tumor	1	0.000281	CASSFHKNTLYF
ExpU_A_229_tumor	1	0.000281	CASSPYWANYAEQFF
ExpU_A_229_tumor	1	0.000281	CASSTGTGTNYAEQFF
ExpU_A_229_tumor	1	0.000281	CASSLGGLEDERLFF
ExpU_A_229_tumor	1	0.000281	CASGDAGWGPYAEQFF
ExpU_A_229_tumor	1	0.000281	CASSATGGNYAEQFF
ExpU_A_229_tumor	1	0.000281	CASSLQGARTEQFF
ExpU_A_229_tumor	1	0.000281	CASSLGAQDTQYF
ExpU_A_229_tumor	1	0.000281	CASGDATWGGYEQYF
ExpU_A_229_tumor	1	0.000281	CASSYRDREGERLFF
ExpU_A_229_tumor	1	0.000281	CASSLYQDTQYF
ExpU_A_229_tumor	1	0.000281	CASSSGLGYTGQLYF
ExpU_A_229_tumor	1	0.000281	CARDRDYNSPLYF
ExpU_A_229_tumor	1	0.000281	CTCSAGGERLFF
ExpU_A_229_tumor	1	0.000281	CGARDRGRDTQYF
ExpU_A_229_tumor	1	0.000281	CASSLFFRGRYAEQFF
ExpU_A_229_tumor	1	0.000281	CASSQDGGRQDTQYF
ExpU_A_229_tumor	1	0.000281	CASSFWGNYAEQFF
ExpU_A_229_tumor	1	0.000281	CAWSLASQAPLF
ExpU_A_229_tumor	1	0.000281	CASSLTGGTSAETLYF
ExpU_A_229_tumor	1	0.000281	CASSQDPGGLNYAEQFF
ExpU_A_229_tumor	1	0.000281	CASSQPGQYNNQAPLF
ExpU_A_229_tumor	1	0.000281	CASSARAEQFF
ExpU_A_229_tumor	1	0.000281	CASRRLGGAETLYF
ExpU_A_229_tumor	1	0.000281	CASRDWGGPAETLYF
ExpU_A_229_tumor	1	0.000281	CASSLYRRGVYAEQFF
ExpU_A_229_tumor	1	0.000281	CASGDGGGDTQYF
ExpU_A_229_tumor	1	0.000281	CASSPQGNQDTQYF
ExpU_A_229_tumor	1	0.000281	CASIGTDNNQAPLF
ExpU_A_229_tumor	1	0.000281	CASSLAEQFF
ExpU_A_229_tumor	1	0.000281	CASSLSRINQAPLF
ExpU_A_229_tumor	1	0.000281	CASSPHTGQLYF
ExpU_A_229_tumor	1	0.000281	CASSRGTGGNTLYF
ExpU_A_229_tumor	1	0.000281	CASGDPGLGYEQYF
ExpU_A_229_tumor	1	0.000281	CASGDRDWGQDTQYF
ExpU_A_229_tumor	1	0.000281	CASSLKGNSDYTF
ExpU_A_229_tumor	1	0.000281	CASSQNINTGQLYF
ExpU_A_229_tumor	1	0.000281	CASGDLGTGHTLYF
ExpU_A_229_tumor	1	0.000281	CASSQELGGYAEQFF
ExpU_A_229_tumor	1	0.000281	CASSRGLGRDTQYF
ExpU_A_229_tumor	1	0.000281	CASRAGFNERLFF
ExpU_A_229_tumor	1	0.000281	CASSLWEAETLYF
ExpU_A_229_tumor	1	0.000281	CASSPGRSNQAPLF
ExpU_A_229_tumor	1	0.000281	CASSLEGTYAEQFF
ExpU_A_229_tumor	1	0.000281	CASSHGLGTNTGQLYF
ExpU_A_229_tumor	1	0.000281	CASSYYWETLYF
ExpU_A_229_tumor	1	0.000281	CASSQDPGLGNYAEQFF
ExpU_A_229_tumor	1	0.000281	CASSRDWGWNTLYF
ExpU_A_229_tumor	1	0.000281	CASSQDTGGDTGQLYF
ExpU_A_229_tumor	1	0.000281	CASSDASQDTQYF
ExpU_A_229_tumor	1	0.000281	CTCSAPPGGKDTQYF
ExpU_A_229_tumor	1	0.000281	CASRDRGSNERLFF
ExpU_A_229_tumor	1	0.000281	CTCSAVGTGGAETLYF
ExpU_A_229_tumor	1	0.000281	CASKDRNYAEQFF
ExpU_A_229_tumor	1	0.000281	LCQQSGGHSSAETLYF
ExpU_A_229_tumor	1	0.000281	CASSPSAGQNTLYF
ExpU_A_229_tumor	1	0.000281	CASSSSAETLYF
ExpU_A_229_tumor	1	0.000281	CASSLGLGTGQLYF
ExpU_A_229_tumor	1	0.000281	CASSQGTGPNTGQLYF
ExpU_A_229_tumor	1	0.000281	CASGGGTGGEDTQYF
ExpU_A_229_tumor	1	0.000281	CASSHRTGINQDTQYF
ExpU_A_229_tumor	1	0.000281	CASSEQGNTGQLYF
ExpU_A_229_tumor	1	0.000281	CASSTGLGAETLYF
ExpU_A_229_tumor	1	0.000281	CGARDQVSSYEQYF
ExpU_A_229_tumor	1	0.000281	CASSHPGQGNQAPLF
ExpU_A_229_tumor	1	0.000281	CASSHLGGNYAEQFF
ExpU_A_229_tumor	1	0.000281	CASGDRPGGHTLYF
ExpU_A_229_tumor	1	0.000281	CATGQANSPLYF
ExpU_A_229_tumor	1	0.000281	CASGDWGGYAEQFF
ExpU_A_229_tumor	1	0.000281	LCQQSPGANYAEQFF
ExpU_A_229_tumor	1	0.000281	CASGDVLGDQDTQYF
ExpU_A_229_tumor	1	0.000281	GGEWTNTGQLYF
ExpU_A_229_tumor	1	0.000281	CASSPGLGIYAEQFF
ExpU_A_229_tumor	1	0.000281	CASSWDRGFSQNTLYF
ExpU_A_229_tumor	1	0.000281	CAWSPPYAEQFF
ExpU_A_229_tumor	1	0.000281	CASSLTGGANTGQLYF
ExpU_A_229_tumor	1	0.000281	CASSSPGRQNTLYF
ExpU_A_229_tumor	1	0.000281	CAWSLVRGKGERLFF
ExpU_A_229_tumor	1	0.000281	CASSLEQNQAPLF
ExpU_A_229_tumor	1	0.000281	CASSLTGGNQAPLF
ExpU_A_229_tumor	1	0.000281	CASSPRTGGYAEQFF
ExpU_A_229_tumor	1	0.000281	CASRLGRDNNNQAPLF
ExpU_A_229_tumor	1	0.000281	CAWSTGEGDTQYF
ExpU_A_229_tumor	1	0.000281	CASSLKRQYYAEQFF
ExpU_A_229_tumor	1	0.000281	CASSPPGTGISNERLFF
ExpU_A_229_tumor	1	0.000281	CASSPGQSSAETLYF
ExpU_A_229_tumor	1	0.000281	CTCSAVGASAETLYF
ExpU_A_229_tumor	1	0.000281	CASSQESSSQNTLYF
ExpU_A_229_tumor	1	0.000281	CASSLQIETLYF
ExpU_A_229_tumor	1	0.000281	CASSHRGPNYAEQFF
ExpU_A_229_tumor	1	0.000281	CASSRIWGVSAETLYF
ExpU_A_229_tumor	1	0.000281	CASSRDWGYAEQFF
ExpU_A_229_tumor	1	0.000281	CASSDPPGEDTQYF
ExpU_A_229_tumor	1	0.000281	CASSYWGSQNTLYF
ExpU_A_229_tumor	1	0.000281	CSSSQGTKDTQYF
ExpU_A_229_tumor	1	0.000281	CASSTGLGGAETLYF
ExpU_A_229_tumor	1	0.000281	CASSQDWGGNYAEQFF
ExpU_A_229_tumor	1	0.000281	CASSLPGTGGSQNTLYF
ExpU_A_229_tumor	1	0.000281	CASSQFSGGCAETLYF
ExpU_A_229_tumor	1	0.000281	CASSDGLGTSQNTLYF
ExpU_A_229_tumor	1	0.000281	CTCSAVLYF
ExpU_A_229_tumor	1	0.000281	CASSLGAKNSPLYF
ExpU_A_229_tumor	1	0.000281	CAWSLGVNQDTQYF
ExpU_A_229_tumor	1	0.000281	CASSLQGAEQFF
ExpU_A_229_tumor	1	0.000281	CASSITGGQDTQYF
ExpU_A_229_tumor	1	0.000281	CASSLEQGNYEQYF
ExpU_A_229_tumor	1	0.000281	CSSSRQNQDTQYF
ExpU_A_229_tumor	1	0.000281	CASMTVSNERLFF
ExpU_A_229_tumor	1	0.000281	CASRYRDSYAEQFF
ExpU_A_229_tumor	1	0.000281	CTCSAGLGGKDTQYF
ExpU_A_229_tumor	1	0.000281	CGARDTSQNTLYF
ExpU_A_229_tumor	1	0.000281	LCQQSGADNYAEQFF
ExpU_A_229_tumor	1	0.000281	CASSNWGNNQDTQYF
ExpU_A_229_tumor	1	0.000281	CASGDAAGNQDTQYF
ExpU_A_229_tumor	1	0.000281	CASSLGLYNSPLYF
ExpU_A_229_tumor	1	0.000281	CTCSAVGGGAETLYF
ExpU_A_229_tumor	1	0.000281	CASSPNWGGDAEQFF
ExpU_A_229_tumor	1	0.000281	CAWSPNWGVDTQYF
ExpU_A_229_tumor	1	0.000281	CASSDSASAETLYF
ExpU_A_229_tumor	1	0.000281	CASSRDERLFF
ExpU_A_229_tumor	1	0.000281	CASGGDWGGYAEQFF
ExpU_A_229_tumor	1	0.000281	CTCSGGHQNTLYF
ExpU_A_229_tumor	1	0.000281	CASGDRGNDNQAPLF
ExpU_A_229_tumor	1	0.000281	CASTNWGESAETLYF
ExpU_A_229_tumor	1	0.000281	CASTLGGQNTLYF
ExpU_A_229_tumor	1	0.000281	CASSFSGTLNTGQLYF
ExpU_A_229_tumor	1	0.000281	CASSDAAANTGQLYF
ExpU_A_229_tumor	1	0.000281	CASSPGRSGNTLYF
ExpU_A_229_tumor	1	0.000281	CASSPSSYEQYF
ExpU_A_229_tumor	1	0.000281	CASSLDRYNYAEQFF
ExpU_A_229_tumor	1	0.000281	CASSQGLYSAETLYF
ExpU_A_229_tumor	1	0.000281	CASSRLGQDTQYF
ExpU_A_229_tumor	1	0.000281	CAWSLLGGRQDTQYF
ExpU_A_229_tumor	1	0.000281	CASALRASQNTLYF
ExpU_A_229_tumor	1	0.000281	CASSRDWGGTGQLYF
ExpU_A_229_tumor	1	0.000281	CASSPRVGAETLYF
ExpU_A_229_tumor	1	0.000281	CTCSATGGSPLYF
ExpU_A_229_tumor	1	0.000281	CASSLQGPSAETLYF
ExpU_A_229_tumor	1	0.000281	CASSLAGVYAETLYF
ExpU_A_229_tumor	1	0.000281	CASGDGDRGGAETLYF
ExpU_A_229_tumor	1	0.000281	CASSKTGSGAEQFF
ExpU_A_229_tumor	1	0.000281	CASSREALGTRGDTQYF
ExpU_A_229_tumor	1	0.000281	CASSQVRDFQDTQYF
ExpU_A_229_tumor	1	0.000281	CASSQQGIQNTLYF
ExpU_A_229_tumor	1	0.000281	CASSFRGGAETLYF
ExpU_A_229_tumor	1	0.000281	CAWSLRGGNQAPLF
ExpU_A_229_tumor	1	0.000281	CASGATGSYAEQFF
ExpU_A_229_tumor	1	0.000281	CASSPDWGGGNTLYF
ExpU_A_229_tumor	1	0.000281	CASSSGLGVSAETLYF
ExpU_A_229_tumor	1	0.000281	CASSLRGNYAEQFF
ExpU_A_229_tumor	1	0.000281	CASSLWASQNTLYF
ExpU_A_229_tumor	1	0.000281	CAWVPQSQNTLYF
ExpU_A_229_tumor	1	0.000281	CASSLGGVSNERLFF
ExpU_A_229_tumor	1	0.000281	CASSQDDWGQDTQYF
ExpU_A_229_tumor	1	0.000281	CASSVIANSDYTF
ExpU_A_229_tumor	1	0.000281	CASSLGGTGDERLFF
ExpU_A_229_tumor	1	0.000281	CASSQQGAETLYF
ExpU_A_229_tumor	1	0.000281	CAWSLTESTQYF
ExpU_A_229_tumor	1	0.000281	CASGDEGLGDTQYF
ExpU_A_229_tumor	1	0.000281	CASSDAGQGGDTQYF
ExpU_A_229_tumor	1	0.000281	CASGTTYNSPLYF
ExpU_A_229_tumor	1	0.000281	CASRRGNSPLYF
ExpU_A_229_tumor	1	0.000281	CASSPDWGQDTQYF
ExpU_A_229_tumor	1	0.000281	CASSRGLGNTGQLYF
ExpU_A_229_tumor	1	0.000281	CASSLGTGGAETLYF
ExpU_A_229_tumor	1	0.000281	CASSPGLGASAETLYF
ExpU_A_229_tumor	1	0.000281	CGARDTSQNTLYF
ExpU_A_229_tumor	1	0.000281	CAWRDWGNYAEQFF
ExpU_A_229_tumor	1	0.000281	CASSLVDWGGGNTLYF
ExpU_A_229_tumor	1	0.000281	CASSDGQGVSGTLYF
ExpU_A_229_tumor	1	0.000281	CASSLLGAKDTQYF
ExpU_A_229_tumor	1	0.000281	CASRDWGGANTGQLYF
ExpU_A_229_tumor	1	0.000281	CASRLRGYNYAEQFF
ExpU_A_229_tumor	1	0.000281	CASSWTANSDYTF
ExpU_A_229_tumor	1	0.000281	CGARNLNTLYF
ExpU_A_229_tumor	1	0.000281	CASSLARGWGKNTLYF
ExpU_A_229_tumor	1	0.000281	CASSLGDWGGAETLYF
ExpU_A_229_tumor	1	0.000281	CGANRDSSAETLYF
ExpU_A_229_tumor	1	0.000281	CASSYGESYAEQFF
ExpU_A_229_tumor	1	0.000281	CASSFGGAGAETLYF
ExpU_A_229_tumor	1	0.000281	CASSQDWGSSQNTLYF
ExpU_A_229_tumor	1	0.000281	CASSYWGGADQDTQYF
ExpU_A_229_tumor	1	0.000281	CASAGTGGAGQDTQYF
ExpU_A_229_tumor	1	0.000281	CASSFRQGGAETLYF
ExpU_A_229_tumor	1	0.000281	CTCSGGQGKGAEQFF
ExpU_A_229_tumor	1	0.000281	CASSDAGHSSAETLYF
ExpU_A_229_tumor	1	0.000281	CASSLEGLGGYTLYF
ExpU_A_229_tumor	1	0.000281	CASSPWDWGGPETLYF
ExpU_A_229_tumor	1	0.000281	CGAREGGPGNTLYF
ExpU_A_229_tumor	1	0.000281	CGARGRAWGDAEQFF
ExpU_A_229_tumor	1	0.000281	CASSLQGRTPQDTQYF
ExpU_A_229_tumor	1	0.000281	CASSAWGDSPLYF
ExpU_A_229_tumor	1	0.000281	CTCSVGLGGQDTQYF
ExpU_A_229_tumor	1	0.000281	CASRDNQDTQYF
ExpU_A_229_tumor	1	0.000281	CTCSAGGGTETLYF
ExpU_A_229_tumor	1	0.000281	CASSRDRASQNTLYF
ExpU_A_229_tumor	1	0.000281	CTCSAVGGQDTQYF
ExpU_A_229_tumor	1	0.000281	CASSLEGEDTQYF
ExpU_A_229_tumor	1	0.000281	CASSQEGTGGQDTQYF
ExpU_A_229_tumor	1	0.000281	CASSPRLGGQDTQYF
ExpU_A_229_tumor	1	0.000281	CASSLTGGNTQYF
ExpU_A_229_tumor	1	0.000281	CASEINYAEQFF
ExpU_A_229_tumor	1	0.000281	CASGDWGASQNTLYF
ExpU_A_229_tumor	1	0.000281	CASSPGTGGTLYF
ExpU_A_229_tumor	1	0.000281	CASSQSQGNAETLYF
ExpU_A_229_tumor	1	0.000281	CASSDTHQNTLYF
ExpU_A_229_tumor	1	0.000281	CTCSGPRRPNSDYTF
ExpU_A_229_tumor	1	0.000281	CASSLLGDQDTQYF
ExpU_A_229_tumor	1	0.000281	CTCSADWYQDTQYF
ExpU_A_229_tumor	1	0.000281	CASGDAGGGSNERLFF
ExpU_A_229_tumor	1	0.000281	CASGRDWGGAETLYF
ExpU_A_229_tumor	1	0.000281	CASSGTANTEVFF
ExpU_A_229_tumor	1	0.000281	CASSLGANTEVFF
ExpU_A_229_tumor	1	0.000281	CASSPLGGRLDTLYF
ExpU_A_229_tumor	1	0.000281	CAWSLDGVQNTLYF
ExpU_A_229_tumor	1	0.000281	CASSQDRWGARQNTLYF
ExpU_A_229_tumor	1	0.000281	CAWSPRGHGQDTQYF
ExpU_A_229_tumor	1	0.000281	CASSMWGPYNSPLYF
ExpU_A_229_tumor	1	0.000281	CGARRGGGNTEVFF
ExpU_A_229_tumor	1	0.000281	CASSPRDWGDDTQYF
ExpU_A_229_tumor	1	0.000281	CASSDWGKDTQYF
ExpU_A_229_tumor	1	0.000281	CASSEPGEHTQYF
ExpU_A_229_tumor	1	0.000281	CASSSGDWGETLYF
ExpU_A_229_tumor	1	0.000281	CASSQAGVSAETLYF
ExpU_A_229_tumor	1	0.000281	CASSLYTQSQNTLYF
ExpU_A_229_tumor	1	0.000281	CASSLGWGQDTQYF
ExpU_A_229_tumor	1	0.000281	CASSETGGEQYF
ExpU_A_229_tumor	1	0.000281	CASGDVNSPLYF
ExpU_A_229_tumor	1	0.000281	CASSQDWQANTEVFF
ExpU_A_229_tumor	1	0.000281	CASSSLRDWGADTGQLYF
ExpU_A_229_tumor	1	0.000281	CASSPGLGAAETLYF
ExpU_A_229_tumor	1	0.000281	CASSHRDRGFGNTLYF
ExpU_A_229_tumor	1	0.000281	CTCSAPTGGNYAEQFF
ExpU_A_229_tumor	1	0.000281	CASSLRQSSAETLYF
ExpU_A_229_tumor	1	0.000281	CASSLPRGGHNSPLYF
ExpU_A_229_tumor	1	0.000281	CASSQDRGPHNSPLYF
ExpU_A_229_tumor	1	0.000281	CASSLGEGDTQYF
ExpU_A_229_tumor	1	0.000281	CGARGWGEPDTQYF
ExpU_A_229_tumor	1	0.000281	CASSQGTGAEVFF
ExpU_A_229_tumor	1	0.000281	CASSLWVSNQDTQYF
ExpU_A_229_tumor	1	0.000281	CASSCRGDTQYF
ExpU_A_229_tumor	1	0.000281	CASSLGGDTQYF
ExpU_A_229_tumor	1	0.000281	CASSLSGYSYNSPLYF
ExpU_A_229_tumor	1	0.000281	CAWSLPDSYNSPLYF
ExpU_A_229_tumor	1	0.000281	CASSQTANTEVFF
ExpU_A_229_tumor	1	0.000281	CASGGLGQNTLYF
ExpU_A_229_tumor	1	0.000281	CAWREYNNQAPLF
ExpU_A_229_tumor	1	0.000281	CTCSAIGEEVFF
ExpU_A_229_tumor	1	0.000281	CAWSLWGAGQNTLYF
ExpU_A_229_tumor	1	0.000281	CASGGRGGEDTQYF
ExpU_A_229_tumor	1	0.000281	CASSFSRTEVFF
ExpU_A_229_tumor	1	0.000281	CASGDEGQGDSDYTF
ExpU_A_229_tumor	1	0.000281	CASSLKAEVFF
ExpU_A_229_tumor	1	0.000281	CASSQAGSSAETLYF
ExpU_A_229_tumor	1	0.000281	CASSPDWGGTEQFF
ExpU_A_229_tumor	1	0.000281	CASSLQQGNYAEQFF
ExpU_A_229_tumor	1	0.000281	CASSLDSDTEVFF
ExpU_A_229_tumor	1	0.000281	CASSQSNTEVFF
ExpU_A_229_tumor	1	0.000281	CASSPDWGGAEDTQYF
ExpU_A_229_tumor	1	0.000281	CASSLDRGRYAEQFF
ExpU_A_229_tumor	1	0.000281	CTCSANRGEVFF
ExpU_A_229_tumor	1	0.000281	CASSPRDRGPEVFF
ExpU_A_229_tumor	1	0.000281	CASSPTGGMNTLYF
ExpU_A_229_tumor	1	0.000281	CASSDWSSQNTLYF
ExpU_A_229_tumor	1	0.000281	CASTDRGLNSYNSPLYF
ExpU_A_229_tumor	1	0.000281	CAGAGTGGAGAEQFF
ExpU_A_229_tumor	1	0.000281	CASSSPGLGGDTQYF
ExpU_A_229_tumor	1	0.000281	CSSRDDRTNERLFF
ExpU_A_229_tumor	1	0.000281	CASSDGVGNTEVFF
ExpU_A_229_tumor	1	0.000281	CASGPEGGADTQYF
ExpU_A_229_tumor	1	0.000281	CASSIRGGAGQDTQYF
ExpU_A_229_tumor	1	0.000281	CASSPQGGNQDTQYF
ExpU_A_229_tumor	1	0.000281	CASSLSGNTEVFF
ExpU_A_229_tumor	1	0.000281	CASSRDRNTEVFF
ExpU_A_229_tumor	1	0.000281	CVSGDATWGGYEQYF
ExpU_A_229_tumor	1	0.000281	CASSELGGLYAEQFF
ExpU_A_229_tumor	1	0.000281	CASGDRGNTEVFF
ExpU_A_229_tumor	1	0.000281	CASSLGATEVFF
ExpU_A_229_tumor	1	0.000281	CASSWDWGGPSQNTLYF
ExpU_A_229_tumor	1	0.000281	CASSYGRAEVFF
ExpU_A_229_tumor	1	0.000281	CASSQDYTEVFF
ExpU_A_229_tumor	1	0.000281	CASSLGQVANTEVFF
ExpU_A_229_tumor	1	0.000281	CTCSAGGGNTEVFF
ExpU_A_229_tumor	1	0.000281	CASGEHRNTEVFF
ExpU_A_229_tumor	1	0.000281	CASSGDRGRNTEVFF
ExpU_A_229_tumor	1	0.000281	CASGDAGQNTEVFF
ExpU_A_229_tumor	1	0.000281	CASGETGGEDTQYF
ExpU_A_229_tumor	1	0.000281	CASSLSTWEVFF
ExpU_A_229_tumor	1	0.000281	CASSLALRREVFF
ExpU_A_229_tumor	1	0.000281	CASSPLTGSGTEVFF
ExpU_A_229_tumor	1	0.000281	CASTASTEVFF
ExpU_A_229_tumor	1	0.000281	CGARGQGAHTEVFF
ExpU_A_229_tumor	1	0.000281	CASSPDTNSDYTF
ExpU_A_229_tumor	1	0.000281	LCQPLRDTQYF
ExpU_A_229_tumor	1	0.000281	CASSLAWGNTEVFF
ExpU_A_229_tumor	1	0.000281	CASRDRANTEVFF
ExpU_A_229_tumor	1	0.000281	CSGGTGGNAETLYF
ExpU_A_229_tumor	1	0.000281	CASSLGQHTEVFF
ExpU_A_229_tumor	1	0.000281	CASSQEGTGNTEVFF
ExpU_A_229_tumor	1	0.000281	CASSPHRGNTEVFF
ExpU_A_229_tumor	1	0.000281	CASGDVGGKTEVFF
ExpU_A_229_tumor	1	0.000281	CGGLGLQNTLYF
ExpU_A_229_tumor	1	0.000281	CTCSADTEVFF
ExpU_A_229_tumor	1	0.000281	CASSDRGHTEVFF
ExpU_A_229_tumor	1	0.000281	CTCSAPDRENTEVFF
ExpU_A_229_tumor	1	0.000281	CASSQDWTTEVFF
ExpU_A_229_tumor	1	0.000281	CASSPGGARDTLYF
ExpU_A_229_tumor	1	0.000281	CASGDVGGSNTEVFF
ExpU_A_229_tumor	1	0.000281	CASGDWGGAQDTQYF
ExpU_A_229_tumor	1	0.000281	CASGDGTEVFF
ExpU_A_229_tumor	1	0.000281	CASSQGTEVFF
ExpU_A_229_tumor	1	0.000281	CAWSTGRGAEQFF
ExpU_A_229_tumor	1	0.000281	CASSSGQNTEVFF
ExpU_A_229_tumor	1	0.000281	CGARDLTANTEVFF
ExpU_A_229_tumor	1	0.000281	CASSDRTGKGSDYTF
ExpU_A_229_tumor	1	0.000281	CASGDEGGAEQYF
ExpU_A_229_tumor	1	0.000281	CASGGTGANERLFF
ExpU_A_229_tumor	1	0.000281	CASEINYAEQFF
ExpU_A_229_tumor	1	0.000281	CGARDRAEVFF
ExpU_A_229_tumor	1	0.000281	CASSWRGGAANTEVFF
ExpU_A_229_tumor	1	0.000281	CASSLLGGYTQYF
ExpU_A_229_tumor	1	0.000281	CASSFRQGGAETLYF
ExpU_A_229_tumor	1	0.000281	CGARELGGTETLYF
ExpU_A_229_tumor	1	0.000281	CASSETGVYAEQFF
ExpU_A_229_tumor	1	0.000281	CASSQRELEVFF
ExpU_A_229_tumor	1	0.000281	RTCSADTEVFF
ExpU_A_229_tumor	1	0.000281	CGARVQGAGTEVFF
ExpU_A_229_tumor	1	0.000281	CASSDSTEVFF
ExpU_A_229_tumor	1	0.000281	CASSQAHNTEVFF
ExpU_A_229_tumor	1	0.000281	CASSLREVFF
ExpU_A_229_tumor	1	0.000281	CAWGDTEVFF
ExpU_A_229_tumor	1	0.000281	CASSQEGSNTEVFF
ExpU_A_229_tumor	1	0.000281	CASGDWGASQNTLYF
ExpU_A_229_tumor	1	0.000281	CASSLGWGQDTQYF
ExpU_A_229_tumor	1	0.000281	CASSFPGGTTEVFF
ExpU_A_229_tumor	1	0.000281	CASSLVDRNTEVFF
ExpU_A_229_tumor	1	0.000281	CGARTGAANTEVFF
ExpU_A_229_tumor	1	0.000281	CASSWKNTEVFF
ExpU_A_229_tumor	1	0.000281	CASSPTGGMNTLYF
ExpU_A_229_tumor	1	0.000281	CTCSARDREDTQYF
ExpU_A_229_tumor	1	0.000281	CASRGGRGQDTQYF
ExpU_A_229_tumor	1	0.000281	CASSWDWGAQDTQYF
ExpU_A_229_tumor	1	0.000281	GKGLNTSYEQYF
ExpU_A_229_tumor	1	0.000281	CAWSTGRGAEQFF
ExpU_A_229_tumor	1	0.000281	CASSPYANTEVFF
ExpU_A_229_tumor	1	0.000281	CASGDGPNTEVFF
ExpU_A_229_tumor	1	0.000281	CASSPDTNSDYTF
ExpU_A_229_tumor	1	0.000281	CASSHQGRQNTLYF
ExpU_A_229_tumor	1	0.000281	CASGDDGLGGSAETLYF
ExpU_A_229_tumor	1	0.000281	CASSQDWGGLEQFF
ExpU_A_229_tumor	1	0.000281	CGARVGGAGTEVFF
ExpU_A_229_tumor	1	0.000281	CASSLSGANTEVFF
ExpU_A_229_tumor	1	0.000281	CASSLGQANTEVFF
ExpU_A_229_tumor	1	0.000281	CASSIWGGREQYF
ExpU_A_229_tumor	1	0.000281	CASSPCSGNTLYF
ExpU_A_229_tumor	1	0.000281	CASSLQGRNTEVFF
ExpU_A_229_tumor	1	0.000281	CTCSASTGANSDYTF
ExpU_A_229_tumor	1	0.000281	CASSLANSDYTF
ExpU_A_229_tumor	1	0.000281	CASSLLGGGTLYF
ExpU_A_229_tumor	1	0.000281	CASSTLGQDTQYF
ExpU_A_229_tumor	1	0.000281	CASGDGGINQDTQYF
ExpU_A_229_tumor	1	0.000281	CASSLLRLGGAREQYF
ExpU_A_229_tumor	1	0.000281	CAWSLPGGTGQLYF
ExpU_A_229_tumor	1	0.000281	CAGGPNSDYTF
ExpU_A_229_tumor	1	0.000281	CASGESGGYEQYF
ExpU_A_229_tumor	1	0.000281	CASGGDWGFSYEQYF
ExpU_A_229_tumor	1	0.000281	CASGRGAGNSDYTF
ExpU_A_229_tumor	1	0.000281	CASGDAGGAYEQYF
ExpU_A_229_tumor	1	0.000281	CASSDRGYAEQFF
ExpU_A_229_tumor	1	0.000281	CTCSPGVYAEQFF
ExpU_A_229_tumor	1	0.000281	CASRTSDRGGNTLYF
ExpU_A_229_tumor	1	0.000281	CASGYWGSSYEQYF
ExpU_A_229_tumor	1	0.000281	CASSIVGTGAGNTLYF
ExpU_A_229_tumor	1	0.000281	CASSGRDRINQAPLF
ExpU_A_229_tumor	1	0.000281	CASSFGGYEQYF
ExpU_A_229_tumor	1	0.000281	CASSIWRNTGQLYF
ExpU_A_229_tumor	1	0.000281	CASSQGANSDYTF
ExpU_A_229_tumor	1	0.000281	CAFRDRESDYTF
ExpU_A_229_tumor	1	0.000281	CASRGTVISNERLFF
ExpU_A_229_tumor	1	0.000281	WRHRYSTNTGQLYF
ExpU_A_229_tumor	1	0.000281	CASSPGQGYEQYF
ExpU_A_229_tumor	1	0.000281	CASSHGNTLYF
ExpU_A_229_tumor	1	0.000281	CASSSQGGEQYF
ExpU_A_229_tumor	1	0.000281	CASGGGTDNYAEQFF
ExpU_A_229_tumor	1	0.000281	CASSDAGTGDYEQYF
ExpU_A_229_tumor	1	0.000281	CASSRDRNERLFF
ExpU_A_229_tumor	1	0.000281	CAWSPPSYEQYF
ExpU_A_229_tumor	1	0.000281	CASSLGLGGSSYEQYF
ExpU_A_229_tumor	1	0.000281	CASPGQNYAEQFF
ExpU_A_229_tumor	1	0.000281	CASSPGFYEQYF
ExpU_A_229_tumor	1	0.000281	CTCSANRINSGNTLYF
ExpU_A_229_tumor	1	0.000281	CASSLGGDSYEQYF
ExpU_A_229_tumor	1	0.000281	CASRYWASAETLYF
ExpU_A_229_tumor	1	0.000281	CASSEGTILSGNTLYF
ExpU_A_229_tumor	1	0.000281	CASGDAGYAEQFF
ExpU_A_229_tumor	1	0.000281	CGAYDRPSYEQYF
ExpU_A_229_tumor	1	0.000281	CTCSVDSSGNTLYF
ExpU_A_229_tumor	1	0.000281	CASSGRGGNYAEQFF
ExpU_A_229_tumor	1	0.000281	CASSRAWGGYEQYF
ExpU_A_229_tumor	1	0.000281	CASSRDRAISGNTLYF
ExpU_A_229_tumor	1	0.000281	CASSNERLFF
ExpU_A_229_tumor	1	0.000281	CASSQTWGGEQYF
ExpU_A_229_tumor	1	0.000281	CASRLGTNSDYTF
ExpU_A_229_tumor	1	0.000281	CASSPTGGAYEQYF
ExpU_A_229_tumor	1	0.000281	CASSDWGGYAEQFF
ExpU_A_229_tumor	1	0.000281	CASGDFGNSDYTF
ExpU_A_229_tumor	1	0.000281	CASSQEGLGGLEQYF
ExpU_A_229_tumor	1	0.000281	CASSIPTGVLYEQYF
ExpU_A_229_tumor	1	0.000281	CASSLSMAANSDYTF
ExpU_A_229_tumor	1	0.000281	CASSPGGDANSDYTF
ExpU_A_229_tumor	1	0.000281	CASSPGLGTGQLYF
ExpU_A_229_tumor	1	0.000281	CASSIRWGIETGQLYF
ExpU_A_229_tumor	1	0.000281	CASSIRAENTGQLYF
ExpU_A_229_tumor	1	0.000281	CASTTDISNERLFF
ExpU_A_229_tumor	1	0.000281	CGAREHLNSDYTF
ExpU_A_229_tumor	1	0.000281	CASSLTGGRTGQLYF
ExpU_A_229_tumor	1	0.000281	CAWSSGTGSERLFF
ExpU_A_229_tumor	1	0.000281	CGASHWGSYEQYF
ExpU_A_229_tumor	1	0.000281	CASSLGWSNYAEQFF
ExpU_A_229_tumor	1	0.000281	CASSGGQGDSDYTF
ExpU_A_229_tumor	1	0.000281	CASSIGTGGEQYF
ExpU_A_229_tumor	1	0.000281	CASRRDWGGGEQYF
ExpU_A_229_tumor	1	0.000281	CASSGLGLAEQFF
ExpU_A_229_tumor	1	0.000281	CASSDVWGAGQLYF
ExpU_A_229_tumor	1	0.000281	CTCSADHRGNTLYF
ExpU_A_229_tumor	1	0.000281	CASGEIWDYNQAPLF
ExpU_A_229_tumor	1	0.000281	CASSRDWGYAEQFF
ExpU_A_229_tumor	1	0.000281	CAWSLGTGAPLF
ExpU_A_229_tumor	1	0.000281	CGARGGSGNTLYF
ExpU_A_229_tumor	1	0.000281	CASSWTGAGNTLYF
ExpU_A_229_tumor	1	0.000281	CASSLLGGLYEQYF
ExpU_A_229_tumor	1	0.000281	CTCSGRDSSQNTLYF
ExpU_A_229_tumor	1	0.000281	CTCSAGVNQDTQYF
ExpU_A_229_tumor	1	0.000281	CASSQRDWGVYEQYF
ExpU_A_229_tumor	1	0.000281	CASSILRDNYAEQFF
ExpU_A_229_tumor	1	0.000281	CASSGTGGANERLFF
ExpU_A_229_tumor	1	0.000281	CASAVGGYEQYF
ExpU_A_229_tumor	1	0.000281	CASSQDGTPNSDYTF
ExpU_A_229_tumor	1	0.000281	CTCSAGTGNERLFF
ExpU_A_229_tumor	1	0.000281	CTCSGLGYAEQFF
ExpU_A_229_tumor	1	0.000281	CASSGTGGNTGQLYF
ExpU_A_229_tumor	1	0.000281	CASGDATGEDTQYF
ExpU_A_229_tumor	1	0.000281	CASSPPTNQAPLF
ExpU_A_229_tumor	1	0.000281	CASSGQGSAEQFF
ExpU_A_229_tumor	1	0.000281	CGARTNNERLFF
ExpU_A_229_tumor	1	0.000281	CASSPTGGLSYEQYF
ExpU_A_229_tumor	1	0.000281	CASSSGGAGQLYF
ExpU_A_229_tumor	1	0.000281	CASGDGSGQPSYEQYF
ExpU_A_229_tumor	1	0.000281	CASGQGRGNNNQAPLF
ExpU_A_229_tumor	1	0.000281	CASSQDAVYEQYF
ExpU_A_229_tumor	1	0.000281	CASSSRVYNNQAPLF
ExpU_A_229_tumor	1	0.000281	CTCSARDSYYAEQFF
ExpU_A_229_tumor	1	0.000281	CASSRWGAYAEQFF
ExpU_A_229_tumor	1	0.000281	CASSGTSQNTLYF
ExpU_A_229_tumor	1	0.000281	CTCSYRGLYAEQFF
ExpU_A_229_tumor	1	0.000281	CASSPGGNYAEQFF
ExpU_A_229_tumor	1	0.000281	CASSRWGVQDTQYF
ExpU_A_229_tumor	1	0.000281	CASSLWEDQDTQYF
ExpU_A_229_tumor	1	0.000281	CGAGREDERLFF
ExpU_A_229_tumor	1	0.000281	CASSVGQGVNERLFF
ExpU_A_229_tumor	1	0.000281	CASSGRDRGFGNTLYF
ExpU_A_229_tumor	1	0.000281	CASSRHRANSDYTF
ExpU_A_229_tumor	1	0.000281	CASSLLGGRITGQLYF
ExpU_A_229_tumor	1	0.000281	CASSHGTGGNQAPLF
ExpU_A_229_tumor	1	0.000281	CASGPGSNYAEQFF
ExpU_A_229_tumor	1	0.000281	CASSLEDWGALYEQYF
ExpU_A_229_tumor	1	0.000281	CASGPQGSAETLYF
ExpU_A_229_tumor	1	0.000281	CASSYWVPNERLFF
ExpU_A_229_tumor	1	0.000281	CASSSWGGMGEQYF
ExpU_A_229_tumor	1	0.000281	CASSLTGFEQYF
ExpU_A_229_tumor	1	0.000281	CASSRDWGNSYEQYF
ExpU_A_229_tumor	1	0.000281	CASSQDPGGAREQYF
ExpU_A_229_tumor	1	0.000281	CASSPYPPTGAGNERLFF
ExpU_A_229_tumor	1	0.000281	CASRGGAGNTLYF
ExpU_A_229_tumor	1	0.000281	CASSIAGRPGQLYF
ExpU_A_229_tumor	1	0.000281	CASSLGYAEQFF
ExpU_A_229_tumor	1	0.000281	CASGDAFGDTGQLYF
ExpU_A_229_tumor	1	0.000281	CASSRTWKDTQYF
ExpU_A_229_tumor	1	0.000281	CASSEDWGGAAETLYF
ExpU_A_229_tumor	1	0.000281	CTCSARDRGYAEQFF
ExpU_A_229_tumor	1	0.000281	CASGDARDNYAEQFF
ExpU_A_229_tumor	1	0.000281	CSSSQLGQFF
ExpU_A_229_tumor	1	0.000281	CTCSAGPGQGRAEQFF
ExpU_A_229_tumor	1	0.000281	CASSLRDRYAEQFF
ExpU_A_229_tumor	1	0.000281	CASSDGRANSDYTF
ExpU_A_229_tumor	1	0.000281	CASSDRDWGINYAEQFF
ExpU_A_229_tumor	1	0.000281	CASSQDLGGNEQYF
ExpU_A_229_tumor	1	0.000281	CASSPNWGVQFF
ExpU_A_229_tumor	1	0.000281	CASSLEAPNERLFF
ExpU_A_229_tumor	1	0.000281	CASSLGPANSDYTF
ExpU_A_229_tumor	1	0.000281	CASSDPGQGAGTQYF
ExpU_A_229_tumor	1	0.000281	CASGGGQDTQYF
ExpU_A_229_tumor	1	0.000281	CASSLREEDQDTQYF
ExpU_A_229_tumor	1	0.000281	CASSITGYNSPLYF
ExpU_A_229_tumor	1	0.000281	CASGDNNQAPLF
ExpU_A_229_tumor	1	0.000281	CASVLGVPSAETLYF
ExpU_A_229_tumor	1	0.000281	CASSEEGGRDTGQLYF
ExpU_A_229_tumor	1	0.000281	CASSRDWGDQNTLYF
ExpU_A_229_tumor	1	0.000281	CASSQGAGNTLYF
ExpU_A_229_tumor	1	0.000281	CASSQEGGASGNTLYF
ExpU_A_229_tumor	1	0.000281	CASSQDHRGYEQYF
ExpU_A_229_tumor	1	0.000281	CTCSAAGQNTGQLYF
ExpU_A_229_tumor	1	0.000281	CASSWAGNYAEQFF
ExpU_A_229_tumor	1	0.000281	CASSFHGTGDAEQFF
ExpU_A_229_tumor	1	0.000281	CASSLPVYEQYF
ExpU_A_229_tumor	1	0.000281	CASGYRDSQNTLYF
ExpU_A_229_tumor	1	0.000281	CTCSAGKNTLYF
ExpU_A_229_tumor	1	0.000281	CASSREDRGWGQLYF
ExpU_A_229_tumor	1	0.000281	CASSDAGGKNTLYF
ExpU_A_229_tumor	1	0.000281	CASSLPSSGNTLYF
ExpU_A_229_tumor	1	0.000281	CASVPRRTGIAETLYF
ExpU_A_229_tumor	1	0.000281	CASSFGNYEQYF
ExpU_A_229_tumor	1	0.000281	CASGDRGRAEQFF
ExpU_A_229_tumor	1	0.000281	CASSRDWGDTGQLYF
ExpU_A_229_tumor	1	0.000281	CASSAGNYAEQFF
ExpU_A_229_tumor	1	0.000281	CASSWGGDNQAPLF
ExpU_A_229_tumor	1	0.000281	CASSQEGQGTNERLFF
ExpU_A_229_tumor	1	0.000281	CASSLGNSDYTF
ExpU_A_229_tumor	1	0.000281	CASSQQANSDYTF
ExpU_A_229_tumor	1	0.000281	CASSLDKNSDYTF
ExpU_A_229_tumor	1	0.000281	CASSPTISNERLFF
ExpU_A_229_tumor	1	0.000281	CASSFPDWGLMNSTRLGSYEQYF
ExpU_A_229_tumor	1	0.000281	CASREGPANSDYTF
ExpU_A_229_tumor	1	0.000281	CTCSVPGQLYF
ExpU_A_229_tumor	1	0.000281	CASGDARDNYAEQFF
ExpU_A_229_tumor	1	0.000281	CASGDASGTGDYAEQFF
ExpU_A_229_tumor	1	0.000281	CASSSGQPNSDYTF
ExpU_A_229_tumor	1	0.000281	CASGDAAGSSYEQYF
ExpU_A_229_tumor	1	0.000281	CASRLGGANTGQLYF
ExpU_A_229_tumor	1	0.000281	CASSWGDEQYF
ExpU_A_229_tumor	1	0.000281	CASSQGNSNTGQLYF
ExpU_A_229_tumor	1	0.000281	CASSPTGGTYAEQFF
ExpU_A_229_tumor	1	0.000281	CASSQVPGEDTQYF
ExpU_A_229_tumor	1	0.000281	CASSLQGSQNTLYF
ExpU_A_229_tumor	1	0.000281	CTCSAAGGDQDTQYF
ExpU_A_229_tumor	1	0.000281	YSYNSPLYF
ExpU_A_229_tumor	1	0.000281	CTCSPGLGTSAETLYF
ExpU_A_229_tumor	1	0.000281	CASSHRDNYAEQFF
ExpU_A_229_tumor	1	0.000281	CTCSADRGAQDTQYF
ExpU_A_229_tumor	1	0.000281	CASSLNWGGQDTQYF
ExpU_A_229_tumor	1	0.000281	CTCSAGLGGRHQNTLYF
ExpU_A_229_tumor	1	0.000281	CASSLLDNYAEQFF
ExpU_A_229_tumor	1	0.000281	CTCSAGGRGSQNTLYF
ExpU_A_229_tumor	1	0.000281	CASSTREINNQAPLF
ExpU_A_229_tumor	1	0.000281	CASSLGTSAETLYF
ExpU_A_229_tumor	1	0.000281	CASSQGTVNTGQLYF
ExpU_A_229_tumor	1	0.000281	CGARTGQAPLF
ExpU_A_229_tumor	1	0.000281	CASSPGLGGETLYF
ExpU_A_229_tumor	1	0.000281	CGAGTGGVTGQLYF
ExpU_A_229_tumor	1	0.000281	CASSPDRGNQAPLF
ExpU_A_229_tumor	1	0.000281	CAWGQGQDTQYF
ExpU_A_229_tumor	1	0.000281	CASFRDMNNQAPLF
ExpU_A_229_tumor	1	0.000281	CASSQDGWGAFYEQYF
ExpU_A_229_tumor	1	0.000281	CGARSGRNTGQLYF
ExpU_A_229_tumor	1	0.000281	CASSPYRGRVYTF
ExpU_A_229_tumor	1	0.000281	CASSLDRNSDYTF
ExpU_A_229_tumor	1	0.000281	CASGELGSAETLYF
ExpU_A_229_tumor	1	0.000281	CASSHQLGDYAEQFF
ExpU_A_229_tumor	1	0.000281	CASSQSSWGGYAEQFF
ExpU_A_229_tumor	1	0.000281	CASSLTGAEQFF
ExpU_A_229_tumor	1	0.000281	CASSLRDWGSQNTLYF
ExpU_A_229_tumor	1	0.000281	CASSMTGGSQNTLYF
ExpU_A_229_tumor	1	0.000281	CASSLGAGNTLYF
ExpU_A_229_tumor	1	0.000281	CASGDGVANSDYTF
ExpU_A_229_tumor	1	0.000281	CASSPTGGANTGQLYF
ExpU_A_229_tumor	1	0.000281	CASGERESQNTLYF
ExpU_A_229_tumor	1	0.000281	CASSQEGAGTGQLYF
ExpU_A_229_tumor	1	0.000281	CASSLNGQGNSDYTF
ExpU_A_229_tumor	1	0.000281	CASSLTPNSDYTF
ExpU_A_229_tumor	1	0.000281	CASGDEGGTNSDYTF
ExpU_A_229_tumor	1	0.000281	CASSEGLGGPETLYF
ExpU_A_229_tumor	1	0.000281	CGAERLGRYAEQFF
ExpU_A_229_tumor	1	0.000281	CASSQYQGADTGQLYF
ExpU_A_229_tumor	1	0.000281	CASGDAGTGGTLYF
ExpU_A_229_tumor	1	0.000281	CASSLEHNSDYTF
ExpU_A_229_tumor	1	0.000281	CASSDATGGTSAETLYF
ExpU_A_229_tumor	1	0.000281	CASSLHWGGQDTQYF
ExpU_A_229_tumor	1	0.000281	CASSLGASAETLYF
ExpU_A_229_tumor	1	0.000281	CASSTGGLDTQYF
ExpU_A_229_tumor	1	0.000281	CASSFWQVGAETLYF
ExpU_A_229_tumor	1	0.000281	CGARGRDWGYEQYF
ExpU_A_229_tumor	1	0.000281	CASRRLGGNTGQLYF
ExpU_A_229_tumor	1	0.000281	CASSIRGGAETLYF
ExpU_A_229_tumor	1	0.000281	CASWDSAETLYF
ExpU_A_229_tumor	1	0.000281	CGARELGGAETLYF
ExpU_A_229_tumor	1	0.000281	CASSRWGGAEDTQYF
ExpU_A_229_tumor	1	0.000281	CASRSRDNQDTQYF
ExpU_A_229_tumor	1	0.000281	CASSDAGQGYAEQFF
ExpU_A_229_tumor	1	0.000281	CTCSADSDTQYF
ExpU_A_229_tumor	1	0.000281	CASRGLGDTQYF
ExpU_A_229_tumor	1	0.000281	CASSLSGGRQDTQYF
ExpU_A_229_tumor	1	0.000281	CASSIARNNSPLYF
ExpU_A_229_tumor	1	0.000281	CASSPRLGVYAEQFF
ExpU_A_229_tumor	1	0.000281	CASGGDRAGNTLYF
ExpU_A_229_tumor	1	0.000281	CTCSAEGRGKDTLYF
ExpU_A_229_tumor	1	0.000281	CASSRLVQNTLYF
ExpU_A_229_tumor	1	0.000281	CASSTRDWGNYAEQFF
ExpU_A_229_tumor	1	0.000281	CTCSAGDSQDTQYF
ExpU_A_229_tumor	1	0.000281	CASSDTGMDTQYF
ExpU_A_229_tumor	1	0.000281	CASTRTGGRNTGQLYF
ExpU_A_229_tumor	1	0.000281	CASSWTGGAETLYF
ExpU_A_229_tumor	1	0.000281	CAWSPLRGAYTGQLYF
ExpU_A_229_tumor	1	0.000281	CASSLEGTSAETLYF
ExpU_A_229_tumor	1	0.000281	CASSLEGSAETLYF
ExpU_A_229_tumor	1	0.000281	CASSLLGGSSYEQYF
ExpU_A_229_tumor	1	0.000281	CASSSGLGGSQNTLYF
ExpU_A_229_tumor	1	0.000281	CASSQVGQGRDTQYF
ExpU_A_229_tumor	1	0.000281	CASSLSRGFYAEQFF
ExpU_A_229_tumor	1	0.000281	CASSLDLGVNTLYF
ExpU_A_229_tumor	1	0.000281	CASRSGLGGHTGQLYF
ExpU_A_229_tumor	1	0.000281	CASREGGAEQFF
ExpU_A_229_tumor	1	0.000281	CASSDVRGLDSDYTF
ExpU_A_229_tumor	1	0.000281	CASSLGTQDTQYF
ExpU_A_229_tumor	1	0.000281	CASSDGQFQDTQYF
ExpU_A_229_tumor	1	0.000281	CASSQEWDQAPLF
ExpU_A_229_tumor	1	0.000281	CASSQTGPSGNTLYF
ExpU_A_229_tumor	1	0.000281	CASRRDNQNTLYF
ExpU_A_229_tumor	1	0.000281	CASSGDRGDTQYF
ExpU_A_229_tumor	1	0.000281	CAWSLGGYQDTQYF
ExpU_A_229_tumor	1	0.000281	CASGEWGGDQDTQYF
ExpU_A_229_tumor	1	0.000281	CASSLWGVAETLYF
ExpU_A_229_tumor	1	0.000281	CASGDWGENTLYF
ExpU_A_229_tumor	1	0.000281	CASSQQISNERLFF
ExpU_A_229_tumor	1	0.000281	CTCSADRYNNQAPLF
ExpU_A_229_tumor	1	0.000281	CASSFHNQDTQYF
ExpU_A_229_tumor	1	0.000281	CGARDWGAETLYF
ExpU_A_229_tumor	1	0.000281	CASGEAGGQDTQYF
ExpU_A_229_tumor	1	0.000281	CSSSHLGLGYYAEQFF
ExpU_A_229_tumor	1	0.000281	CASSLTGGWDTQYF
ExpU_A_229_tumor	1	0.000281	CASSIAGYEQYF
ExpU_A_229_tumor	1	0.000281	CASSSGQGHTGQLYF
ExpU_A_229_tumor	1	0.000281	CASGDWGGAETLYF
ExpU_A_229_tumor	1	0.000281	CASSPPLGTNQDTQYF
ExpU_A_229_tumor	1	0.000281	CASRELGGRDTQYF
ExpU_A_229_tumor	1	0.000281	CASGDWGGGDTQYF
ExpU_A_229_tumor	1	0.000281	CASSFSDSNQDTQYF
ExpU_A_229_tumor	1	0.000281	CASSQSGGGDAEQFF
ExpU_A_229_tumor	1	0.000281	CASSLDQDTQYF
ExpU_A_229_tumor	1	0.000281	CASSQVWGGEDQDTQYF
ExpU_A_229_tumor	1	0.000281	CTCSADDTQYF
ExpU_A_229_tumor	1	0.000281	CASSLGANTGQLYF
ExpU_A_229_tumor	1	0.000281	CASSPDRNTLYF
ExpU_A_229_tumor	1	0.000281	CASSLVDTGQLYF
ExpU_A_229_tumor	1	0.000281	CASSRDINTGQLYF
ExpU_A_229_tumor	1	0.000281	CASSFLTSAETLYF
ExpU_A_229_tumor	1	0.000281	CASSQMTDQDTQYF
ExpU_A_229_tumor	1	0.000281	CASSFTVNQDTQYF
ExpU_A_229_tumor	1	0.000281	CASSSGLGGDTQYF
ExpU_A_229_tumor	1	0.000281	CTCSDTAETLYF
ExpU_A_229_tumor	1	0.000281	CASSLDRGHTGQLYF
ExpU_A_229_tumor	1	0.000281	CASSDANNAEQFF
ExpU_A_229_tumor	1	0.000281	CASSDARQKNTLYF
ExpU_A_229_tumor	1	0.000281	CASSQDGDWGLETLYF
ExpU_A_229_tumor	1	0.000281	CGARDRTSAETLYF
ExpU_A_229_tumor	1	0.000281	CASSWTGGAETLYF
ExpU_A_229_tumor	1	0.000281	CASSDAPKIQDTQYF
ExpU_A_229_tumor	1	0.000281	CASSDKTGDQDTQYF
ExpU_A_229_tumor	1	0.000281	CASSPGTGGVNTQYF
ExpU_A_229_tumor	1	0.000281	CASSLHRGSNSYNSPLYF
ExpU_A_229_tumor	1	0.000281	CASSSGTGSQNTLYF
ExpU_A_229_tumor	1	0.000281	CASRGLGGTETLYF
ExpU_A_229_tumor	1	0.000281	CGALDRGRDTQYF
ExpU_A_229_tumor	1	0.000281	CASGYWGSSYEQYF
ExpU_A_229_tumor	1	0.000281	CASSLSQNTLYF
ExpU_A_229_tumor	1	0.000281	CTCSVRDSQDTQYF
ExpU_A_229_tumor	1	0.000281	CASSPGGQDTQYF
ExpU_A_229_tumor	1	0.000281	CASSQTLGVQDTQYF
ExpU_A_229_tumor	1	0.000281	CASSSDSNQDTQYF
ExpU_A_229_tumor	1	0.000281	CAWSLRGVQDTQYF
ExpU_A_229_tumor	1	0.000281	CASSQDSYNSPLYF
ExpU_A_229_tumor	1	0.000281	CASSQDSAETLYF
ExpU_A_229_tumor	1	0.000281	CASSWGQNTEVFF
ExpU_A_229_tumor	1	0.000281	CASSRLGDDTQYF
ExpU_A_229_tumor	1	0.000281	CASSDEWAEQFF
ExpU_A_229_tumor	1	0.000281	CASSPGTANTLYF
ExpU_A_229_tumor	1	0.000281	CASSARDNYNSPLYF
ExpU_A_229_tumor	1	0.000281	CASSLKLGNTLYF
ExpU_A_229_tumor	1	0.000281	CASSHRRGHGQNTLYF
ExpU_A_229_tumor	1	0.000281	CASSFGTRGQNTLYF
ExpU_A_229_tumor	1	0.000281	CASSPSGTGKDTQYF
ExpU_A_229_tumor	1	0.000281	CGARDWGGSETLYF
ExpU_A_229_tumor	1	0.000281	CGARGGAETLYF
ExpU_A_229_tumor	1	0.000281	CASSWDWGGNYAEQFF
ExpU_A_229_tumor	1	0.000281	CASSLGHKDTQYF
ExpU_A_229_tumor	1	0.000281	CASSLGWGGAETLYF
ExpU_A_229_tumor	1	0.000281	CGARDRGGNTLYF
ExpU_A_229_tumor	1	0.000281	CASGDEGGTNSDYTF
ExpU_A_229_tumor	1	0.000281	CASSGLGGQNTLYF
ExpU_A_229_tumor	1	0.000281	CASGDVGGQNTLYF
ExpU_A_229_tumor	1	0.000281	CASSLWDREDTQYF
ExpU_A_229_tumor	1	0.000281	CASSPWGGGTGQLYF
ExpU_A_229_tumor	1	0.000281	CASSYQGYAEQFF
ExpU_A_229_tumor	1	0.000281	CAWSLQGWNSPLYF
ExpU_A_229_tumor	1	0.000281	CASSQDRGRTEVFF
ExpU_A_229_tumor	1	0.000281	CASSIHNSYNSPLYF
ExpU_A_229_tumor	1	0.000281	CASSVGLESQNTLYF
ExpU_A_229_tumor	1	0.000281	CASSLGSQNTLYF
ExpU_A_229_tumor	1	0.000281	CASSLDRINQDTQYF
ExpU_A_229_tumor	1	0.000281	CASSDAGTTYNSPLYF
ExpU_A_229_tumor	1	0.000281	CGAREAGGRRAEQFF
ExpU_A_229_tumor	1	0.000281	CASSRDRNTGQLYF
ExpU_A_229_tumor	1	0.000281	CASSGWGGYAEQFF
ExpU_A_229_tumor	1	0.000281	CASSLGANSDYTF
ExpU_A_229_tumor	1	0.000281	CASSILGGQKDTQYF
ExpU_A_229_tumor	1	0.000281	CASSDLGGRQDTQYF
ExpU_A_229_tumor	1	0.000281	CASSPTSSQNTLYF
ExpU_A_229_tumor	1	0.000281	CASSLTGGAGDTQYF
ExpU_A_229_tumor	1	0.000281	CASSMRGTNTEVFF
ExpU_A_229_tumor	1	0.000281	CASKPTGGARNSPLYF
ExpU_A_229_tumor	1	0.000281	CASGDGGAAETLYF
ExpU_A_229_tumor	1	0.000281	CASSIGQGLGGRNTQYF
ExpU_A_229_tumor	1	0.000281	CASRHSYNSPLYF
ExpU_A_229_tumor	1	0.000281	CGARANFAETLYF
ExpU_A_229_tumor	1	0.000281	CASGDRDIEVFF
ExpU_A_229_tumor	1	0.000281	CASSIPRLANTEVFF
ExpU_A_229_tumor	1	0.000281	CASKDISYNSPLYF
ExpU_A_229_tumor	1	0.000281	CASSTRDRGNYAEQFF
ExpU_A_229_tumor	1	0.000281	CASSLPGQGAGTLYF
ExpU_A_229_tumor	1	0.000281	CASSQSAETLYF
ExpU_A_229_tumor	1	0.000281	CASGRTGEDTEVFF
ExpU_A_229_tumor	1	0.000281	CASSSRQQDTQYF
ExpU_A_229_tumor	1	0.000281	LCQQSWTGKDTQYF
ExpU_A_229_tumor	1	0.000281	CASSDAGWGTYAEQFF
ExpU_A_229_tumor	1	0.000281	CASSPRDWGRDQNTLYF
ExpU_A_229_tumor	1	0.000281	CGAREANSYNSPLYF
ExpU_A_229_tumor	1	0.000281	CASSFLSSGQGGGTEVFF
ExpU_A_229_tumor	1	0.000281	CASSYWGGQDTQYF
ExpU_A_229_tumor	1	0.000281	CASSLYGHTEVFF
ExpU_A_229_tumor	1	0.000281	CASSLGSQNTLYF
ExpU_A_229_tumor	1	0.000281	CASSTGEDTQYF
ExpU_A_229_tumor	1	0.000281	CASSLGLGGPQDTQYF
ExpU_A_229_tumor	1	0.000281	CAWTGTWGYNSPLYF
ExpU_A_229_tumor	1	0.000281	CASSQEGTNTEVFF
ExpU_A_229_tumor	1	0.000281	CASSLKQGHNSPLYF
ExpU_A_229_tumor	1	0.000281	CASSSRGQGEVFF
ExpU_A_229_tumor	1	0.000281	CASSDDWGGARNTLYF
ExpU_A_229_tumor	1	0.000281	CASSVKSSQNTLYF
ExpU_A_229_tumor	1	0.000281	CASSQDWGAGTEVFF
ExpU_A_229_tumor	1	0.000281	CASSSRDTANTEVFF
ExpU_A_229_tumor	1	0.000281	CASSQDYWGGFGQLYF
ExpU_A_229_tumor	1	0.000281	CASSTNWGNYAEQFF
ExpU_A_229_tumor	1	0.000281	CASSEDRAPNSDYTF
ExpU_A_229_tumor	1	0.000281	CASSLGTGGASQNTLYF
ExpU_A_229_tumor	1	0.000281	CASRPGLGQDTQYF
ExpU_A_229_tumor	1	0.000281	CASSPPGQGANTQYF
ExpU_A_229_tumor	1	0.000281	CASSLTGGVETLYF
ExpU_A_229_tumor	1	0.000281	CASSDAGTTYNSLLYF
ExpU_A_229_tumor	1	0.000281	CASSHVRGGARAEQFF
ExpU_A_229_tumor	1	0.000281	CASSPWGSQNTLYF
ExpU_A_229_tumor	1	0.000281	CASSLCSNQDTQYF
ExpU_A_229_tumor	1	0.000281	NLPNTGQLYF
ExpU_A_229_tumor	1	0.000281	CASSIVNTEVFF
ExpU_A_229_tumor	1	0.000281	CASSRTANTEVFF
ExpU_A_229_tumor	1	0.000281	CASSQDRGNQNTLYF
ExpU_A_229_tumor	1	0.000281	CASRELGGRGTQYF
ExpU_A_229_tumor	1	0.000281	CAWSSHWGQDTQYF
ExpU_A_229_tumor	1	0.000281	CASSQEDRAVFF
ExpU_A_229_tumor	1	0.000281	CASSQPSQNTLYF
ExpU_A_229_tumor	1	0.000281	CASSSPGLGGSTQYF
ExpU_A_229_tumor	1	0.000281	CASSQGNSNTGQLYF
ExpU_A_229_tumor	1	0.000281	CASSEQGSYNSPLYF
ExpU_A_229_tumor	1	0.000281	CASGDREVFF
ExpU_A_229_tumor	1	0.000281	CASRLTGVNTEVFF
ExpU_A_229_tumor	1	0.000281	CASSDTGGNTEVFF
ExpU_A_229_tumor	1	0.000281	CASSLWGLNTLYF
ExpU_A_229_tumor	1	0.000281	CASSLRASQNTLYF
ExpU_A_229_tumor	1	0.000281	CASSQDWGGQDTQYF
ExpU_A_229_tumor	1	0.000281	CASSPDCPQDTQYF
ExpU_A_229_tumor	1	0.000281	CASSQDRRQGGVFF
ExpU_A_229_tumor	1	0.000281	CASSPTGGAQDTQYF
ExpU_A_229_tumor	1	0.000281	CASSPGQGNQDTQYF
ExpU_A_229_tumor	1	0.000281	CASSIDGGWEQYF
ExpU_A_229_tumor	1	0.000281	CASGVDREVFF
ExpU_A_229_tumor	1	0.000281	CASGDEGGRDTEVFF
ExpU_A_229_tumor	1	0.000281	CASSESGGLLYF
ExpU_A_229_tumor	1	0.000281	CGARGGQNTLYF
ExpU_A_229_tumor	1	0.000281	CASRTGGYYAEQFF
ExpU_A_229_tumor	1	0.000281	CASSLGGEQYF
ExpU_A_229_tumor	1	0.000281	CASSPGLGGENYAEQFF
ExpU_A_229_tumor	1	0.000281	CASSLRGRTEVFF
ExpU_A_229_tumor	1	0.000281	CASSETGNTEVFF
ExpU_A_229_tumor	1	0.000281	CASSRDRGGEINTEVFF
ExpU_A_229_tumor	1	0.000281	CASSGDRNTEVFF
ExpU_A_229_tumor	1	0.000281	CASSLLGFNQDTQYF
ExpU_A_229_tumor	1	0.000281	CTCSGGQDTEVFF
ExpU_A_229_tumor	1	0.000281	CASKQTEMNTEVFF
ExpU_A_229_tumor	1	0.000281	CASSQRQEEVFF
ExpU_A_229_tumor	1	0.000281	CASSQECTTNSDYTF
ExpU_A_229_tumor	1	0.000281	CASSLNSQNTLYF
ExpU_A_229_tumor	1	0.000281	CASGDRDWGGEQYF
ExpU_A_229_tumor	1	0.000281	CASSLQASAETLYF
ExpU_A_229_tumor	1	0.000281	CASSLNRDPSAETLYF
ExpU_A_229_tumor	1	0.000281	CASGEWEVFF
ExpU_A_229_tumor	1	0.000281	CASSDGGTEVFF
ExpU_A_229_tumor	1	0.000281	CASSINRANTEVFF
ExpU_A_229_tumor	1	0.000281	CASSQDHWGRDTQYF
ExpU_A_229_tumor	1	0.000281	CASTPGGNTEVFF
ExpU_A_229_tumor	1	0.000281	CASGGRDKSNTEVFF
ExpU_A_229_tumor	1	0.000281	CASSPRGGPVTEVFF
ExpU_A_229_tumor	1	0.000281	CASGDRNTEVFF
ExpU_A_229_tumor	1	0.000281	CTCSAGTANTEVFF
ExpU_A_229_tumor	1	0.000281	CGALDRGRDTQYF
ExpU_A_229_tumor	1	0.000281	CASSQLGGGSYEQYF
ExpU_A_229_tumor	1	0.000281	CASGVGGHTEVFF
ExpU_A_229_tumor	1	0.000281	CASSLGQGANTEVFF
ExpU_A_229_tumor	1	0.000281	CASSLTDNSPLYF
ExpU_A_229_tumor	1	0.000281	CASSGTGVFF
ExpU_A_229_tumor	1	0.000281	CASRGLSSAETLYF
ExpU_A_229_tumor	1	0.000281	CASSQNTEVFF
ExpU_A_229_tumor	1	0.000281	CASSQQGADTQYF
ExpU_A_229_tumor	1	0.000281	CASSLGQGVFF
ExpU_A_229_tumor	1	0.000281	CASSLRGTEVFF
ExpU_A_229_tumor	1	0.000281	CTCSADGGATEVFF
ExpU_A_229_tumor	1	0.000281	CAWSLWDINTEVFF
ExpU_A_229_tumor	1	0.000281	CASRGHSNTEVFF
ExpU_A_229_tumor	1	0.000281	CASRRGRGEAETLYF
ExpU_A_229_tumor	1	0.000281	CSSRGLGGPETLYF
ExpU_A_229_tumor	1	0.000281	CASSFGQGDTEVFF
ExpU_A_229_tumor	1	0.000281	CASSIDRGHTEVFF
ExpU_A_229_tumor	1	0.000281	CASGGHANTEVFF
ExpU_A_229_tumor	1	0.000281	CASSQPSQNTLYF
ExpU_A_229_tumor	1	0.000281	CASRNPGQGANTQYF
ExpU_A_229_tumor	1	0.000281	CASGDGLGGSYEQYF
ExpU_A_229_tumor	1	0.000281	CASGDGGAAETLYF
ExpU_A_229_tumor	1	0.000281	CASSWDSANTEVFF
ExpU_A_229_tumor	1	0.000281	CASSDLGGRQDTQYF
ExpU_A_229_tumor	1	0.000281	CASRGDERLFF
ExpU_A_229_tumor	1	0.000281	CASSMGANYAEQFF
ExpU_A_229_tumor	1	0.000281	CASSFGGLVNERLFF
ExpU_A_229_tumor	1	0.000281	CASGDLGGAYAEQFF
ExpU_A_229_tumor	1	0.000281	CASSKLGGARDAEQFF
ExpU_A_229_tumor	1	0.000281	CASSRNTEVFF
ExpU_A_229_tumor	1	0.000281	CASSADRVSNTEVFF
ExpU_A_229_tumor	1	0.000281	CASSPPETDTLYF
ExpU_A_229_tumor	1	0.000281	CASGDAGGGNQDTQYF
ExpU_A_229_tumor	1	0.000281	CTCSAAGTVYEQYF
ExpU_A_229_tumor	1	0.000281	CASGDRQSSYEQYF
ExpU_A_229_tumor	1	0.000281	CASGGQGNQAPLF
ExpU_A_229_tumor	1	0.000281	CASSTGLGYSAETLYF
ExpU_A_229_tumor	1	0.000281	CASSPDNSGNTLYF
ExpU_A_229_tumor	1	0.000281	CASSDRGYAEQFF
ExpU_A_229_tumor	1	0.000281	CGATGGGGYAEQFF
ExpU_A_229_tumor	1	0.000281	CASRILGGRNTLYF
ExpU_A_229_tumor	1	0.000281	CASSLVRGSQNTLYF
ExpU_A_229_tumor	1	0.000281	CASSQELGDQDTQYF
ExpU_A_229_tumor	1	0.000281	CASMPLGDQDTQYF
ExpU_A_229_tumor	1	0.000281	CASSAPDKDTQYF
ExpU_A_229_tumor	1	0.000281	CASSSGQYEQYF
ExpU_A_229_tumor	1	0.000281	CASSGTGGGYEQYF
ExpU_A_229_tumor	1	0.000281	CASSPGLGGLSYEQYF
ExpU_A_229_tumor	1	0.000281	CASSQGLGLAYEQYF
ExpU_A_229_tumor	1	0.000281	CASGDGLGGLEQYF
